instID,church_type,instName,language,instNote,placeName,region,county_orig,county_reg,city_orig,city_reg,state_orig,state_reg,latitude,longitude,attendingInstID,attendingChurch,attendingChurchFrequency,persID,persTitle,persName,persSuffix,persRole,persNote,memberType,member,affiliated,order,year,attendingPersID,attendingChurchNote,diocese,diocese_reg
﻿mil.wi.0001,﻿cathedral,﻿St. John's Cathedral,English,,﻿Corner of Jackson and Oneida streets,,,﻿Milwaukee County,﻿Milwaukee,﻿Milwaukee,﻿WI,,43.041805,-87.904118,,,,﻿joh_m_henni_001,﻿Rt. Rev.,﻿J. M. Henni,﻿D.D.,,,,,,,1868,﻿,﻿,﻿Milwaukee,Milwaukee
﻿mil.wi.0001,﻿cathedral,﻿St. John's Cathedral,English,,﻿Corner of Jackson and Oneida streets,,,﻿Milwaukee County,﻿Milwaukee,﻿Milwaukee,﻿WI,,43.041805,-87.904118,,,,﻿mar_kundig_001,﻿Very Rev.,﻿M. Kundig,,,,,,,,1868,﻿,﻿,﻿Milwaukee,Milwaukee
﻿mil.wi.0001,﻿cathedral,﻿St. John's Cathedral,English,,﻿Corner of Jackson and Oneida streets,,,﻿Milwaukee County,﻿Milwaukee,﻿Milwaukee,﻿WI,,43.041805,-87.904118,,,,﻿p_j_donaghoe_001,﻿Rev.,﻿P. Donaghoe,,,,,,,,1868,﻿,﻿,﻿Milwaukee,Milwaukee
﻿mil.wi.0002,﻿church,﻿St. Mary's,English,,﻿Corner of Main and Biddle streets,,,﻿Milwaukee County,﻿Milwaukee,﻿Milwaukee,﻿WI,43.042173,43.042173,-87.907964,,,,﻿l_batz_001,﻿Rev.,﻿L. Batz,,,,,,,,1868,﻿,﻿,﻿Milwaukee,Milwaukee
﻿mil.wi.0003,﻿church,﻿St. Gall's,English,,﻿Corner of Second and Sycamore streets,,,﻿Milwaukee County,﻿Milwaukee,﻿Milwaukee,﻿WI,,43.0661238,-87.9139742,,,,﻿sta_p_lalumiere_001,﻿Rev.,﻿Stanislaus P. Lalumiere,﻿S.J.,﻿Superior,,,,,,1868,﻿,﻿,﻿Milwaukee,Milwaukee
﻿mil.wi.0003,﻿church,﻿St. Gall's,English,,﻿Corner of Second and Sycamore streets,,,﻿Milwaukee County,﻿Milwaukee,﻿Milwaukee,﻿WI,,43.0661238,-87.9139742,,,,﻿ign_maes_001,﻿Rev.,﻿Ignatius Maes,﻿S.J.,,,,,,,1868,﻿,﻿,﻿Milwaukee,Milwaukee
﻿mil.wi.0003,﻿church,﻿St. Gall's,English,,﻿Corner of Second and Sycamore streets,,,﻿Milwaukee County,﻿Milwaukee,﻿Milwaukee,﻿WI,,43.0661238,-87.9139742,,,,﻿j_t_kuhlmann_001,﻿Rev.,﻿J. T. Kuhlmann,﻿S.J.,,,,,,,1868,﻿,﻿,﻿Milwaukee,Milwaukee
﻿mil.wi.0003,﻿church,﻿St. Gall's,English,,﻿Corner of Second and Sycamore streets,,,﻿Milwaukee County,﻿Milwaukee,﻿Milwaukee,﻿WI,,43.0661238,-87.9139742,,,,﻿p_a_nogues_001,﻿Rev.,﻿P. A. Nogues,﻿S.J.,,,,,,,1868,﻿,﻿,﻿Milwaukee,Milwaukee
﻿mil.wi.0004,﻿church,﻿Holy Trinity,English,,﻿Corner of Park and Greenbush streets,,,﻿Milwaukee County,﻿Milwaukee,﻿Milwaukee,﻿WI,,43.025057,-87.91582,,,,﻿l_conrad_001,﻿Rev.,﻿J. Conrad,,,,,,,,1868,﻿,﻿,﻿Milwaukee,Milwaukee
﻿mil.wi.0005,﻿church,﻿St. Joseph's,English,,﻿Corner of Eleventh and Lisbon streets,,,﻿Milwaukee County,﻿Milwaukee,﻿Milwaukee,﻿WI,,43.04987,-87.926109,,,,﻿jos_holzhauer_001,﻿Rev.,﻿J. Holzhauer,,,,,,,,1868,﻿,﻿,﻿Milwaukee,Milwaukee
﻿mil.wi.0006,﻿church,﻿St. Peter's,English,,﻿Martin and Jackson streets,,,﻿Milwaukee County,﻿Milwaukee,﻿Milwaukee,﻿WI,,43.044007,-87.905226,﻿mil.wi.0001,﻿Attended from the Cathedral,,,,,,,,,,,,1868,﻿,﻿,﻿Milwaukee,Milwaukee
﻿mil.wi.0007,﻿church,﻿St. Stanislaus',﻿Polish,,﻿Corner of Green and Grove streets,,,﻿Milwaukee County,﻿Milwaukee,﻿Milwaukee,﻿WI,,43.012529,-87.916966,,,,﻿bon_buezynski_001,﻿Rev.,﻿Bonoventura Buezynski,,,,,,,,1868,﻿,﻿,﻿Milwaukee,Milwaukee
﻿mil.wi.0010,﻿church,﻿St. Mary's of the Holy Angels,English,,﻿Corner of Milwaukee and Knapp streets,,,﻿Milwaukee County,﻿Milwaukee,﻿Milwaukee,﻿WI,,43.047156,-87.907544,,,,﻿f_x_krautbauer_001,﻿Rev.,﻿F. X. Krautbauer,,﻿Chaplain,,,,,,1868,﻿,﻿,﻿Milwaukee,Milwaukee
﻿mil.wi.0008,"﻿church, station",﻿St. John Nepomucen,English,,﻿Corner of Fourth and Cherry streets,,,﻿Milwaukee County,﻿Milwaukee,﻿Milwaukee,﻿WI,,43.05011,-87.915186,,﻿Attended by Rev. John Gaertner,,﻿joh_gaertner_001,﻿Rev.,﻿John Gaertner,,,,,,,,1868,﻿,﻿,﻿Milwaukee,Milwaukee
﻿mil.wi.0011,﻿church,﻿St. Patrick's,English,,,,﻿Sheboygan County,﻿Sheboygan County,﻿Abbottown,,﻿WI,,43.6895227,-87.6186379,﻿mil.wi.0039,﻿Attended from Cascade,,,,,,,,,,,,1868,﻿,﻿,﻿Milwaukee,Milwaukee
﻿mil.wi.0013,﻿church,﻿St. Anthony's,English,,,,﻿Washington County,﻿Washington County,﻿Addison,﻿Addison,﻿WI,,43.442793,-88.340515,,,,﻿m_wenker_001,﻿Rev.,﻿M. Wenker,,,,,,,,1868,﻿,﻿,﻿Milwaukee,Milwaukee
﻿mil.wi.0014,﻿church,﻿SS. Peter and Paul's,English,,,,﻿Washington County,﻿Washington County,﻿Addison,﻿Addison,﻿WI,,43.446284,-88.393623,,,,﻿m_wenker_001,﻿Rev.,﻿M. Wenker,,,,,,,,1868,﻿,﻿,﻿Milwaukee,Milwaukee
﻿mil.wi.0015,﻿church,﻿St. Francis of Sales,English,,,,﻿Green County,﻿Green County,﻿Albany,﻿Albany,﻿WI,,42.735501,-89.426929,﻿mil.wi.0145,﻿Attended by Rev. W. O'Connell,,﻿wil_oconnell_001,﻿Rev.,﻿W. O'Connell,,,,,,,,1868,﻿,﻿,﻿Milwaukee,Milwaukee
﻿gre.wi.0005,﻿church,﻿St. Mary's,English,,,,﻿Outagamie County,﻿Outagamie County,﻿Appleton,﻿Appleton,﻿WI,,44.259257,-88.413329,,,,﻿w_wilkins_001,﻿Rev.,﻿W. Wilkins,,,,,,,,1868,﻿,﻿,﻿Milwaukee,Milwaukee
﻿mil.wi.0016,﻿church,﻿St. Martin's,English,,,,﻿Fond du Lac County,﻿Fond du Lac County,﻿Ashford,﻿Ashford,﻿WI,,43.586939,-88.370656,,,,﻿h_j_muckerheide_001,﻿Rev.,﻿H. J. Muckerheide,,,,,,,,1868,﻿,﻿,﻿Milwaukee,Milwaukee
﻿mil.wi.0325,﻿church,﻿St. Raphael's,English,,,,﻿Kewaunee County,,﻿Ahnpee,﻿Ahnapee,﻿WI,,44.633333,-87.466667,﻿gre.wi.0015,﻿Visited from Kewaunee,,,,,,,,,,,,1868,﻿,﻿,﻿Milwaukee,Milwaukee
﻿mil.wi.0017,﻿church,﻿St. Mathias',English,,,,﻿Fond du Lac County,﻿Fond du Lac County,﻿Auburn,﻿Auburn,﻿WI,,43.585118,-88.20716,﻿mil.wi.0018,﻿Attended from Barton,,,,,,,,,,,,1868,﻿,﻿,﻿Milwaukee,Milwaukee
﻿lac.wi.0089,﻿church,﻿St. Henry's,English,,,,﻿Pepin County,,﻿Aux Galets,,﻿WI,,44.697409,-92.021261,﻿lac.wi.0105,﻿Attended by Rev. A. Fagan,,﻿a_fagan_001,﻿Rev.,﻿A. Fagan,,,,,,,,1868,﻿,﻿,﻿Milwaukee,Milwaukee
﻿lac.wi.0090,﻿church,﻿St. Vincent de Paul's,English,,,,﻿Bad Axe County,,﻿Bad Axe,,﻿WI,,,,﻿lac.wi.0001,﻿Attended from La Crosse,,,,,,,,,,,,1868,﻿,﻿,﻿Milwaukee,Milwaukee
﻿mil.wi.0018,﻿church,﻿Immaculate Conception,English,,,,﻿Washington County,﻿Washington County,﻿Barton,﻿Barton,﻿WI,,43.460556,-88.236382,,,,﻿j_reindl_001,﻿Rev.,﻿J. Reindl,,,,,,,,1868,﻿,﻿,﻿Milwaukee,Milwaukee
﻿lac.wi.0004,﻿church,﻿Christ Church,English,,,,﻿La Point County,﻿La Point County,﻿Bayfield,﻿Bayfield,﻿WI,,46.810767,-90.81824,,,,﻿joh_chebul_002,﻿Rev.,﻿J. Chebul,,,,,,,,1868,﻿,﻿,﻿Milwaukee,Milwaukee
﻿mil.wi.0019,﻿church,﻿St. Mathias',English,,,,﻿Milwaukee County,﻿Milwaukee County,﻿Beloit Road,﻿West Milwaukee,﻿WI,,42.985763,-88.029982,,,,﻿j_h_korphage_001,﻿Rev.,﻿J. H. Karfhage,,,,,,,,1868,﻿,﻿,﻿Milwaukee,Milwaukee
﻿mil.wi.0020,﻿church,﻿St. Thomas',English,,,,﻿Rock County,﻿Rock County,﻿Beloit,﻿Beloit,﻿WI,,42.499446,-89.027951,,,,﻿r_sullivan_001,﻿Rev.,﻿R. Sullivan,,,,,,,,1868,﻿,﻿,﻿Milwaukee,Milwaukee
﻿mil.wi.0021,﻿church,﻿St. Peter's,English,,,,﻿Dodge County,﻿Dodge County,﻿Beaver Dam,﻿Beaver Dam,﻿WI,,43.451203,-88.836304,,,,﻿f_fusseder_001,﻿Rev.,﻿F. Fusseder,,,,,,,,1868,﻿,﻿,﻿Milwaukee,Milwaukee
﻿mil.wi.0022,﻿church,﻿St. Mary's,English,,,,﻿Dodge County,﻿Dodge County,﻿Beaver Dam,﻿Beaver Dam,﻿WI,,43.443629,-88.858722,,,,﻿f_fusseder_001,﻿Rev.,﻿F. Fusseder,,,,,,,,1868,﻿,﻿,﻿Milwaukee,Milwaukee
﻿mil.wi.0023,﻿church,﻿St. Patrick's,English,,,,﻿Dodge County,﻿Dodge County,﻿Beaver Dam,﻿Beaver Dam,﻿WI,,43.439298,-88.842518,,,,﻿f_fusseder_001,﻿Rev.,﻿F. Fusseder,,,,,,,,1868,﻿,﻿,﻿Milwaukee,Milwaukee
﻿mil.wi.0024,﻿church,﻿Holy Cross,English,,,,﻿Ozaukee County,﻿Ozaukee County,﻿Belgium,﻿Belgium,﻿WI,,43.47028,-87.89556,,,,﻿j_welter_001,﻿Rev.,﻿J. Welter,,,,,,,,1868,﻿,﻿,﻿Milwaukee,Milwaukee
﻿mil.wi.0025,﻿church,﻿St. Mary's,English,,,,﻿Ozaukee County,﻿Ozaukee County,﻿Belgium,﻿Belgium,﻿WI,,43.499721,-87.850367,,,,﻿mic_deisenrieder_001,﻿Rev.,﻿M. Deipensieder,,,,,,,,1868,﻿,﻿,﻿Milwaukee,Milwaukee
﻿mil.wi.0026,﻿church,﻿St. Patrick's,English,,,,﻿La Fayette County,﻿Lafayette County,﻿Benton,﻿Benton,﻿WI,,42.567763,-90.378652,,,,﻿g_prendergast_001,﻿Rev.,﻿G. Prendergast,,,,,,,,1868,﻿,﻿,﻿Milwaukee,Milwaukee
﻿mil.wi.0027,﻿church,﻿St. Joseph's,English,,,,﻿Green Lake County,﻿Green Lake County,﻿Berlin,﻿Berlin,﻿WI,,43.977705,-88.941571,﻿mil.wi.0183,﻿Attended by Rev. E. Gray,,﻿e_gray_001,﻿Rev.,﻿E. Gray,,,,,,,,1868,﻿,﻿,﻿Milwaukee,Milwaukee
﻿lac.wi.0003,﻿church,﻿St. Michael's,English,,,,﻿Sauk County,﻿Sauk County,﻿Baraboo,﻿Baraboo,﻿WI,,43.471094,-89.744291,,,,﻿l_schreiner_001,﻿Rev.,﻿L. Schreiner,,,,,,,,1868,﻿,﻿,﻿Milwaukee,Milwaukee
﻿mil.wi.0326,﻿church,﻿St. Pius',English,,,,﻿Columbia County,,﻿Briggsville,,﻿WI,,43.655,-89.585278,﻿mil.wi.0357,﻿Visited by Rev. M. Monaghan,,﻿m_monaghan_002,﻿Rev.,﻿M. Monaghan,,,,,,,,1868,﻿,﻿,﻿Milwaukee,Milwaukee
﻿mil.wi.0029,﻿church,﻿St. Charles Borromeo,English,,,,﻿Calumet County,﻿Calumet County,﻿Brothertown,﻿Brothertown,﻿WI,,43.978368,-88.275314,﻿gre.wi.0008,﻿Attended from Chilton,,,,,,,,,,,,1868,﻿,﻿,﻿Milwaukee,Milwaukee
﻿mil.wi.0030,﻿church,﻿Immaculate Conception,English,,,,﻿Racine County,﻿Racine County,﻿Burlington,﻿Burlington,﻿WI,,42.675796,-88.281435,,,,﻿m_wissbauer_001,﻿Rev.,﻿M. Wisbauer,,,,,,,,1868,﻿,﻿,﻿Milwaukee,Milwaukee
﻿mil.wi.0031,﻿church,﻿St. Patrick's,English,,,,﻿Kenosha County,﻿Kenosha County,﻿Brighton,﻿Brighton,﻿WI,,42.6278164,-88.10066777,,,,﻿mic_heiss_001,﻿Rev.,﻿M. Heiss,,,,,,,,1868,﻿,﻿,﻿Milwaukee,Milwaukee
﻿mil.wi.0032,﻿church,﻿St. Michael's,English,,,,﻿Kenosha County,﻿Kenosha County,﻿Bristol,﻿Bristol,﻿WI,,42.558751,-88.050448,﻿mil.wi.0031,﻿Attended from Brighton,,,,,,,,,,,,1868,﻿,﻿,﻿Milwaukee,Milwaukee
﻿mil.wi.0033,﻿church,﻿St. Dominic's,English,,,,﻿Waukesha County,﻿Waukesha County,﻿Brookfield,﻿Brookfield,﻿WI,,43.060935,-88.126055,﻿mil.wi.0138,﻿Attended by Rev. D. P. Kirwin,,﻿d_t_kirwan_001,﻿Rev.,﻿D. P. Kirwin,,,,,,,,1868,﻿,﻿,﻿Milwaukee,Milwaukee
﻿mil.wi.0327,﻿church,﻿St. Peter's,English,,,,﻿Portage County,,﻿Buena Vista,,﻿WI,,44.373056,-89.442778,﻿gre.wi.0031,﻿Attended by Rev. M. Schwebach,,﻿m_schwebach_001,﻿Rev.,﻿M. Schwebach,,,,,,,,1868,﻿,﻿,﻿Milwaukee,Milwaukee
﻿mil.wi.0328,﻿church,﻿Holy Angel Guardians,English,,,,﻿Outagamie County,,﻿Buchanan,,﻿WI,,44.243613,-88.329741,﻿gre.wi.0017,﻿Attended by Rev. A.J. Verberk,,﻿a_j_verberk_001,﻿Rev.,﻿A. J. Verberk,,,,,,,,1868,﻿,﻿,﻿Milwaukee,Milwaukee
﻿lac.wi.0005,﻿church,﻿St. Joseph's,English,,,,﻿La Crosse County,﻿La Crosse County,﻿Buchanan,﻿Washington,﻿WI,,43.813775,-91.251902,,﻿Attended by Rev. Jos. Maly,,﻿jos_maly_002,﻿Rev.,﻿Jos. Maly,,,,,,,,1868,﻿,﻿,﻿Milwaukee,Milwaukee
﻿mil.wi.0034,﻿church,﻿St. Andrews's,English,,,,﻿Marquette County,﻿Marquette County,﻿Buffalo,﻿Buffalo,﻿WI,,43.693191,-89.341667,﻿mil.wi.0357,﻿Attended by Rev. M. Monaghan,,﻿m_monaghan_002,﻿Rev.,﻿M. Monaghan,,,,,,,,1868,﻿,﻿,﻿Milwaukee,Milwaukee
﻿mil.wi.0035,﻿church,﻿St. John's,English,,,,﻿Fond du Lac County,﻿Fond du Lac County,﻿Byron,﻿Byron,﻿WI,,43.674434,-88.450704,,,,﻿tho_smyth_001,﻿Rev.,﻿Thomas Smith,,,,,,,,1868,﻿,﻿,﻿Milwaukee,Milwaukee
﻿mil.wi.0036,﻿church,﻿St. Louis',English,,,,﻿Racine County,﻿Racine County,﻿Caledonia,﻿Caledonia,﻿WI,,42.807796,-87.924248,,,,﻿h_reinhardt_001,﻿Rev.,﻿H. Reinhardt,,,,,,,,1868,﻿,﻿,﻿Milwaukee,Milwaukee
﻿mil.wi.0037,﻿church,﻿Holy Family,English,,,,﻿Racine County,﻿Racine County,﻿Caledonia,﻿Caledonia,﻿WI,,42.800861,-87.836661,,,,﻿h_reinhardt_001,﻿Rev.,﻿H. Reinhardt,,,,,,,,1868,﻿,﻿,﻿Milwaukee,Milwaukee
﻿mil.wi.0038,﻿church,﻿St. Mary's Visitation,English,,,,﻿Columbia County,﻿Columbia County,﻿Cambria,﻿Cambria,﻿WI,,43.542207,-89.107336,﻿mil.wi.0021,﻿Attended from Beaver Dam,,,,,,,,,,,,1868,﻿,﻿,﻿Milwaukee,Milwaukee
﻿mil.wi.0329,﻿church,﻿St. Methodius',English,,,,﻿Kewaunee County,,﻿Carrollton,﻿Carlton,﻿WI,,44.378333,-87.577778,﻿gre.wi.0015,﻿Attended by Rev. E. Van Steenwyek,,﻿e_van-steenwyck_001,﻿Rev.,﻿E. Van Steenwyek,,,,,,,,1868,﻿,﻿,﻿Milwaukee,Milwaukee
﻿mil.wi.0039,﻿church,﻿St. Mary's,English,,,,﻿Sheboygan County,﻿Sheboygan County,﻿Cascade,﻿Cascade,﻿WI,,43.658329,-88.007038,,,,﻿hug_mcmahon_001,﻿Rev.,﻿H. McMahon,,,,,,,,1868,﻿,﻿,﻿Milwaukee,Milwaukee
﻿mil.wi.0330,﻿church,﻿St. Amand's,English,,,,﻿Kewaunee County,,﻿Casco,﻿Walhain,﻿WI,,44.54587,-87.75471,﻿gre.wi.0029,﻿Attended by Rev. Philip Crud,,﻿phi_crud_002,﻿Rev.,﻿Philip Crud,,,,,,,,1868,﻿,﻿,﻿Milwaukee,Milwaukee
﻿mil.wi.0331,﻿church,﻿St. Edward's,English,,,,﻿Kewaunee County,,﻿Casco,,﻿WI,,44.537778,-87.593056,﻿gre.wi.0029,﻿Visited by Rev. Philip Crud,,﻿phi_crud_002,﻿Rev.,﻿Philip Crud,,,,,,,,1868,﻿,﻿,﻿Milwaukee,Milwaukee
﻿mil.wi.0040,﻿church,﻿St. Charles',English,,,,﻿Grant County,﻿Grant County,﻿Cassville,﻿Cassville,﻿WI,,42.715431,-90.974686,,,,﻿n_maes_001,﻿Rev.,﻿N. Maes,,,,,,,,1868,﻿,﻿,﻿Milwaukee,Milwaukee
﻿mil.wi.0332,﻿church,﻿St. Mary's,English,,,,﻿Manitowoc County,,﻿Cato,﻿Clarks Mills,﻿WI,,44.094,-87.862854,﻿mil.wi.0061,﻿Attended by Rev. J. Fessler,,﻿j_fessler_001,﻿Rev.,﻿J. Fessler,,,,,,,,1868,﻿,﻿,﻿Milwaukee,Milwaukee
﻿lac.wi.0006,﻿church,﻿St. Anthony of Padua,English,﻿vacant,,,﻿Richland County,﻿Richland County,﻿Cazenovia,﻿Cazenovia,﻿WI,,43.524284,-90.222851,,,,,,,,,,,,,,1868,﻿,﻿,﻿Milwaukee,Milwaukee
﻿mil.wi.0041,﻿church,﻿St. Francis Borgia's,English,,,,﻿Ozaukee County,﻿Ozaukee County,﻿Cedarburgh,﻿Cedarburg,﻿WI,,43.325764,-88.006679,,,,﻿j_r_herman_001,﻿Rev.,﻿J. R. Herman,,,,,,,,1868,﻿,﻿,﻿Milwaukee,Milwaukee
﻿mil.wi.0333,﻿church,﻿St. Edward's,English,,,,﻿Outagamie County,,﻿Center,,﻿WI,,44.376111,-88.440278,﻿gre.wi.0005,﻿Visited by Rev. W. Wilkins,,﻿w_wilkins_001,﻿Rev.,﻿W. WIlkins,,,,,,,,1868,﻿,﻿,﻿Milwaukee,Milwaukee
﻿mil.wi.0042,﻿church,﻿St. George's,English,,,,﻿Manitowoc County,﻿Manitowoc County,﻿Centerville,﻿Centerville,﻿WI,,43.950138,-87.746807,,,,﻿f_zuber_001,﻿Rev.,﻿F. Zuber,,,,,,,,1868,﻿,﻿,﻿Milwaukee,Milwaukee
﻿mil.wi.0043,﻿church,﻿St. Wendelin's,English,,,,﻿Manitowoc County,﻿Manitowoc County,﻿Centerville,﻿Centerville,﻿WI,,43.950138,-87.746807,,,,﻿f_zuber_001,﻿Rev.,﻿F. Zuber,,,,,,,,1868,﻿,﻿,﻿Milwaukee,Milwaukee
﻿mil.wi.0044,﻿church,﻿St. Martin's,English,,,,﻿Calumet County,﻿Calumet County,﻿Charleston,﻿Charlestown,﻿WI,,44.023369,-88.109612,﻿gre.wi.0008,﻿Attended from Chilton,,,,,,,,,,,,1868,﻿,﻿,﻿Milwaukee,Milwaukee
﻿lac.wi.0007,﻿church,﻿St. Mary's,English,,,,﻿Chippewa County,﻿Chippewa County,﻿Chippewa Falls,﻿Chippewa Falls,﻿WI,,44.936905,-91.392935,,,,﻿j_b_smeddink_001,﻿Rev.,﻿J. B. Smeddink,,,,,,,,1868,﻿,﻿,﻿Milwaukee,Milwaukee
﻿gre.wi.0008,﻿church,﻿St. Augustine's,English,,,,﻿Calumet County,﻿Calumet County,﻿Chilton,﻿Chilton,﻿WI,,44.028936,-88.166224,,,,﻿cha_schraudenback_001,﻿Rev.,﻿Charles Schraudenback,,,,,,,,1868,﻿,﻿,﻿Milwaukee,Milwaukee
﻿lac.wi.0093,﻿church,﻿St. Phillip's,English,,,,﻿Crawford County,,﻿Claytontown,,﻿WI,,43.328387,-90.719634,﻿lac.wi.0113,﻿Attended by Rev. P. Murphy,,﻿p_murphy_004,﻿Rev.,﻿P. Murphy,,,,,,,,1868,﻿,﻿,﻿Milwaukee,Milwaukee
﻿mil.wi.0045,﻿church,﻿St. Malachi's,English,,,,﻿Iowa County,﻿Iowa County,﻿Clydetown,﻿Clyde,﻿WI,,43.103282,-90.24941,﻿mil.wi.0104,﻿Attended from Highland,,,,,,,,,,,,1868,﻿,﻿,﻿Milwaukee,Milwaukee
﻿mil.wi.0046,﻿church,﻿Holy Assumption,English,,,,﻿Dodge County,﻿Dodge County,﻿Clyman,﻿Clyman,﻿WI,,43.304494,-88.704125,﻿mil.wi.0181,﻿Attended by Rev. H. Roche,,﻿h_roche_001,﻿Rev.,﻿H. Roche,,,,,,,,1868,﻿,﻿,﻿Milwaukee,Milwaukee
﻿mil.wi.0047,﻿church,﻿St. Isidore's,﻿German,,,,﻿Dodge County,﻿Dodge County,﻿Clyman,﻿Clyman,﻿WI,,43.308947,-88.718006,﻿mil.wi.0209,﻿Attended by Rev. W. Bernard,,﻿w_bernard_001,﻿Rev.,﻿W. Bernard,,,,,,,,1868,﻿,﻿,﻿Milwaukee,Milwaukee
﻿mil.wi.0048,﻿church,﻿St. Jerom's,English,,,,﻿Columbia County,﻿Columbia County,﻿Columbus,﻿Columbus,﻿WI,,43.323503,-89.020849,﻿mil.wi.0339,﻿Attended by Rev. E. McGuirk,,﻿e_mcguirk_001,﻿Rev.,﻿E. McGuirk,,,,,,,,1868,﻿,﻿,﻿Milwaukee,Milwaukee
﻿mil.wi.0049,﻿church,﻿St. Mary's of Help,English,,,,﻿Jefferson County,﻿Jefferson County,﻿Concord,﻿Concord,﻿WI,,43.06945,-88.598712,﻿mil.wi.0164,﻿Attended from Ottawa,,,,,,,,,,,,1868,﻿,﻿,﻿Milwaukee,Milwaukee
﻿mil.wi.0334,﻿church,﻿Holy Family,English,,,,﻿Manitowoc County,,﻿Cooperstown,,﻿WI,,44.312778,-87.774444,,,,﻿f_lang_001,﻿Rev.,﻿F. Lang,,,,,,,,1868,﻿,﻿,﻿Milwaukee,Milwaukee
﻿mil.wi.0335,﻿church,﻿St. Wenceslaus',English,,,,﻿Manitowoc County,,﻿Cooperstown,,﻿WI,,44.312778,-87.774444,﻿mil.wi.0334,﻿Attended by Rev. F. Lang,,﻿f_lang_001,﻿Rev.,﻿F. Lang,,,,,,,,1868,﻿,﻿,﻿Milwaukee,Milwaukee
﻿mil.wi.0336,﻿church,﻿St. John Nepom,English,,,,﻿Kewaunee County,,﻿Corryville,﻿Ryan,﻿WI,,44.498701,-87.588136,﻿mil.wi.0334,﻿Attended by Rev. A. Lang,,﻿a_lang_001,﻿Rev.,﻿A. Lang,,,,,,,,1868,﻿,﻿,﻿Milwaukee,Milwaukee
﻿mil.wi.0050,﻿church,﻿St. Francis Xavier's,English,,,,﻿Dane County,﻿Dane County,﻿Cross Plains,﻿Cross Plains,﻿WI,,43.119824,-89.634631,,,,﻿p_j_voissem_001,﻿Rev.,﻿P. J. Voissem,,,,,,,,1868,﻿,﻿,﻿Milwaukee,Milwaukee
﻿mil.wi.0051,﻿church,﻿St. Mary's,English,,,,﻿Dane County,﻿Dane County,﻿Cross Plains,﻿Cross Plains,﻿WI,,43.495559,-89.310633,,,,﻿j_hamm_001,﻿Rev.,﻿J. Hamm,,,,,,,,1868,﻿,﻿,﻿Milwaukee,Milwaukee
﻿mil.wi.0052,﻿church,﻿St. Mary's,English,,,,﻿Columbia County,﻿Columbia County,﻿Courtland,﻿Courtland,﻿WI,,43.495505,-89.039176,﻿mil.wi.0079,﻿Attended from Fox Lake,,,,,,,,,,,,1868,﻿,﻿,﻿Milwaukee,Milwaukee
﻿mil.wi.0053,﻿church,﻿St. Leo's,English,,,,﻿La Fayette County,﻿Lafayette County,﻿Darlington,﻿Darlington,﻿WI,,42.683031,-90.117512,,,,﻿e_m_mcginnity_001,﻿Rev.,﻿E. McGinnity,,,,,,,,1868,﻿,﻿,﻿Milwaukee,Milwaukee
﻿mil.wi.0053,﻿church,﻿St. Leo's,English,,,,﻿La Fayette County,﻿Lafayette County,﻿Darlington,﻿Darlington,﻿WI,,42.683031,-90.117512,,,,﻿d_mcginnity_001,﻿Rev.,﻿D. McGinnity,,,,,,,,1868,﻿,﻿,﻿Milwaukee,Milwaukee
﻿mil.wi.0055,﻿church,﻿St. Anne's,English,,,,﻿Dane County,﻿Dane County,﻿Deerfield,﻿Deerfield,﻿WI,,43.08213,-89.083051,﻿mil.wi.0214,﻿Attended by Rev. Thomas Corry,,﻿tho_corry_001,﻿Rev.,﻿Thomas Corry,,,,,,,,1868,﻿,﻿,﻿Milwaukee,Milwaukee
﻿mil.wi.0056,﻿church,﻿St. Andrew's,English,,,,﻿Walworth County,﻿Walworth County,﻿Delavan,﻿Delavan,﻿WI,,42.637216,-88.639119,,,,﻿m_morris_001,﻿Rev.,﻿M. Morris,,,,,,,,1868,﻿,﻿,﻿Milwaukee,Milwaukee
﻿lac.wi.0094,﻿church,﻿All Saints',English,,,,﻿Sauk County,,﻿Delona,,﻿WI,,43.595825,-89.934587,﻿lac.wi.0100,﻿Visited by Rev. P. Montague,,﻿p_montague_002,﻿Rev.,﻿P. Montague,,,,,,,,1868,﻿,﻿,﻿Milwaukee,Milwaukee
﻿mil.wi.0057,﻿church,﻿St. Kiernan's,English,,,,﻿Columbia County,﻿Columbia County,﻿Dekora,﻿Dekkora,﻿WI,,43.457484,-89.46762,﻿gre.wi.0027,﻿Attended by Rev. Thomas Keenan,,﻿tho_keenan_001,﻿Rev.,﻿Thomas Keenan,,,,,,,,1868,﻿,﻿,﻿Milwaukee,Milwaukee
﻿mil.wi.0337,﻿church,﻿St. Francis Xavier's,English,,,,﻿Brown County,,﻿Depére,﻿De Pere,﻿WI,,44.447494,-88.05865,,,,﻿w_a_verboort_001,﻿Rev.,﻿W. A. Verboort,,,,,,,,1868,﻿,﻿,﻿Milwaukee,Milwaukee
﻿mil.wi.0058,﻿church,﻿St. Peter's,English,,,,﻿Iowa County,﻿Iowa County,﻿Dodgeville,﻿Dodgeville,﻿WI,,42.960274,-90.130124,﻿mil.wi.0104,﻿Attended from Highland,,,,,,,,,,,,1868,﻿,﻿,﻿Milwaukee,Milwaukee
﻿mil.wi.0059,﻿church,﻿St. Mary's,English,,,,﻿Racine County,﻿Racine County,﻿Dover,﻿Dover,﻿WI,,42.712631,-88.114767,﻿mil.wi.0206,﻿Attended from Waterford,,,,,,,,,,,,1868,﻿,﻿,﻿Milwaukee,Milwaukee
﻿mil.wi.0338,﻿church,﻿St. John Baptist's,English,,,,﻿Outagamie County,,﻿Duck Creek,,﻿WI,,,,﻿mil.wi.0344,﻿Attended from Green Bay,,,,,,,,,,,,1868,﻿,﻿,﻿Milwaukee,Milwaukee
﻿mil.wi.0060,﻿church,﻿St. Thaddeus',English,,,,﻿Walworth County,﻿Walworth County,﻿East-Troy,﻿East Troy,﻿WI,,42.785292,-88.405096,,,,﻿joh_casey_001,﻿Rev.,﻿J. Casey,,,,,,,,1868,﻿,﻿,﻿Milwaukee,Milwaukee
﻿mil.wi.0061,﻿church,﻿St. Gregory Naz,English,,,,﻿Manitowoc County,﻿Manitowoc County,﻿Eaton,﻿Eaton,﻿WI,,44.021373,-87.992268,,,,﻿a_oschwald_001,﻿Rev.,﻿A. Oschwald,,,,,,,,1868,﻿,﻿,﻿Milwaukee,Milwaukee
﻿mil.wi.0061,﻿church,﻿St. Gregory Naz,English,,,,﻿Manitowoc County,﻿Manitowoc County,﻿Eaton,﻿Eaton,﻿WI,,44.021373,-87.992268,,,,﻿j_fessler_001,﻿Rev.,﻿J. Fessler,,﻿Assistant,,,,,,1868,﻿,﻿,﻿Milwaukee,Milwaukee
﻿mil.wi.0062,﻿church,﻿St. Theresa's,English,,,,﻿Waukesha County,﻿Waukesha County,﻿Eagle Centre,﻿Eagle,﻿WI,,43.00726,-88.323931,﻿mil.wi.0164,﻿Attended by Rev. F. Spath,,﻿f_spath_001,﻿Rev.,﻿F. Spath,,,,,,,,1868,﻿,﻿,﻿Milwaukee,Milwaukee
﻿lac.wi.0008,﻿church,﻿St. Peter's,English,,,,﻿Chippewa County,﻿Chippewa County,﻿Eagle Point,﻿Eagle Point,﻿WI,,45.031628,-91.39599,﻿lac.wi.0007,﻿Visited by Rev. J. B. Smeddink,,﻿j_b_smeddink_001,﻿Rev.,﻿J. B. Smeddink,,,,,,,,1868,﻿,﻿,﻿Milwaukee,Milwaukee
﻿mil.wi.0064,﻿church,﻿St. Peter's,English,,,,﻿La Fayette County,﻿Lafayette County,﻿Elk Grove,﻿Elk Grove,﻿WI,,42.653341,-90.331538,﻿mil.wi.0170,﻿Attended by Rev. M. J. Joerger,,﻿m_j_joerger_001,﻿Rev.,﻿M. J. Joerger,,,,,,,,1868,﻿,﻿,﻿Milwaukee,Milwaukee
﻿mil.wi.0065,﻿church,﻿St. Rosa's,English,,,,﻿La Fayette County,﻿Lafayette County,﻿Elk Grove,﻿Elk Grove,﻿WI,,42.671664,-90.390961,﻿mil.wi.0100,﻿Attended by Rev. A. Birkheauser,,﻿a_birkhaeuser_001,﻿Rev.,﻿A. Birkheauser,,,,,,,,1868,﻿,﻿,﻿Milwaukee,Milwaukee
﻿mil.wi.0067,﻿church,﻿St. Lawrence's,English,,,,﻿Walworth County,﻿Walworth County,﻿Elkhorn,﻿Elkhorn,﻿WI,,42.672793,-88.544545,﻿mil.wi.0056,﻿Visited by Rev. M. Morris,,﻿m_morris_001,﻿Rev.,﻿M. Morris,,,,,,,,1868,﻿,﻿,﻿Milwaukee,Milwaukee
﻿mil.wi.0066,﻿church,﻿Visitation B.V.M.,English,,,,﻿Waukesha County,﻿Waukesha County,﻿Elm Grove,﻿Elm Grove,﻿WI,,43.044445,-88.074792,,,,﻿k_c_flasch_001,﻿Rev.,﻿K. C. Flasch,,,,,,,,1868,﻿,﻿,﻿Milwaukee,Milwaukee
﻿lac.wi.0009,﻿church,﻿St. Patrick's,English,,,,﻿Eau Claire County,﻿Eau Claire County,﻿Eau Claire,﻿Eau Claire,﻿WI,,44.811349,-91.498494,,,,﻿max_de-becke_001,﻿Rev.,﻿M. De Becke,,,,,,,,1868,﻿,﻿,﻿Milwaukee,Milwaukee
﻿mil.wi.0068,﻿church,﻿St. Joseph's,English,,,,﻿Rock County,﻿Rock County,﻿Edgerton,﻿Edgerton,﻿WI,,42.844951,-89.064887,﻿mil.wi.0175,﻿Attended by Rev. J. J. Murphy,,﻿j_j_murphy_001,﻿Rev.,﻿J. J. Murphy,,,,,,,,1868,﻿,﻿,﻿Milwaukee,Milwaukee
﻿mil.wi.0069,﻿church,﻿St. James',English,,,,﻿Fond du Lac County,﻿Fond du Lac County,﻿Eden,﻿Eden,﻿WI,,43.693603,-88.360936,﻿mil.wi.0035,﻿Attended by Rev. Th. Smyth,,﻿tho_smyth_001,﻿Rev.,﻿Th. Smyth,,,,,,,,1868,﻿,﻿,﻿Milwaukee,Milwaukee
﻿mil.wi.0070,﻿church,﻿St. Columbkille's,English,,,,﻿Dodge County,﻿Dodge County,﻿Ella,﻿Elba,﻿WI,,43.307257,-88.928573,,,,﻿e_mcguirk_001,﻿Rev.,﻿E. McGuirk,,,,,,,,1868,﻿,﻿,﻿Milwaukee,Milwaukee
﻿lac.wi.0011,﻿church,﻿St. Patrick's,English,,,,﻿St. Croix County,﻿St. Croix County,﻿Erin,﻿Erin Prairie,﻿WI,,45.067181,-92.448595,,,,﻿joh_conroy_001,﻿Rev.,﻿J. Conroy,,,,,,,,1868,﻿,﻿,﻿Milwaukee,Milwaukee
﻿mil.wi.0071,﻿church,﻿St. Patrick's,English,,,,﻿Washington County,﻿Washington County,﻿Erin,﻿Erin,﻿WI,,43.22085,-88.343362,﻿mil.wi.0144,﻿Attended by Rev. F. Tiernan,,﻿f_tiernan_001,﻿Rev.,﻿F. Tiernan,,,,,,,,1868,﻿,﻿,﻿Milwaukee,Milwaukee
﻿lac.wi.0095,﻿church,﻿St. Bridget's,English,,,,﻿Trempeleau County,,﻿Etrich,,﻿WI,,44.161056,-91.267742,﻿lac.wi.0001,﻿Attended by Rev. M. M. Marco,,﻿m_m_marco_001,﻿Rev.,﻿M. M. Marco,,,,,,,,1868,﻿,﻿,﻿Milwaukee,Milwaukee
﻿mil.wi.0072,﻿church,﻿St. John of God,English,,,,﻿Washington County,﻿Washington County,﻿Farmington,﻿Farmington,﻿WI,,43.513052,-88.110006,,﻿Visited by Rev. C. Rehrl,,,,,,,,,,,,1868,﻿,﻿,﻿Milwaukee,Milwaukee
﻿mil.wi.0073,﻿church,﻿St. Peter's,English,,,,﻿Washington County,﻿Washington County,﻿Farmington,﻿Farmington,﻿WI,,43.487414,-88.109612,,﻿Visited by Rev. C. Rehrl,,,,,,,,,,,,1868,﻿,﻿,﻿Milwaukee,Milwaukee
﻿mil.wi.0074,﻿church,﻿St. Holy Mother of Consolation,English,,,,﻿Dane County,﻿Dane County,﻿Fitzburgh,﻿Fitchburg,﻿WI,,42.951169,-89.402893,,,,﻿m_hobbs_001,﻿Rev.,﻿M. Hobbs,,,,,,,,1868,﻿,﻿,﻿Milwaukee,Milwaukee
﻿mil.wi.0075,﻿church,﻿St. Lewis',English,,,,﻿Fond du Lac County,﻿Fond du Lac County,﻿Fond du Lac,﻿Fond du Lac,﻿WI,,43.771582,-88.449415,,,,﻿j_c_perrodin_001,﻿Rev.,﻿J. C. Perrodin,,,,,,,,1868,﻿,﻿,﻿Milwaukee,Milwaukee
﻿mil.wi.0076,﻿church,﻿St. Patrick's,English,,,,﻿Fond du Lac County,﻿Fond du Lac County,﻿Fond du Lac,﻿Fond du Lac,﻿WI,,43.784721,-88.446755,,,,﻿j_colton_001,﻿Rev.,﻿J. Colton,,,,,,,,1868,﻿,﻿,﻿Milwaukee,Milwaukee
﻿mil.wi.0077,﻿church,﻿St. Mary's,English,,,,﻿Fond du Lac County,﻿Fond du Lac County,﻿Fond du Lac,﻿Fond du Lac,﻿WI,,43.781355,-88.444253,,,,﻿n_pickel_001,﻿Rev.,﻿N. Pickel,,,,,,,,1868,﻿,﻿,﻿Milwaukee,Milwaukee
﻿mil.wi.0078,﻿church,﻿St. Augustine's,English,,,,﻿Rock County,﻿Rock County,﻿Footville,﻿Footville,﻿WI,,42.675329,-89.20531,﻿mil.wi.0111,﻿Attended from Janesville,,,,,,,,,,,,1868,﻿,﻿,﻿Milwaukee,Milwaukee
﻿mil.wi.0079,﻿church,﻿Immaculate Conception,English,,,,﻿Dodge County,﻿Dodge County,﻿Fox Lake,﻿Fox Lake,﻿WI,,43.565543,-88.906498,,,,﻿w_dougherty_001,﻿Rev.,﻿W. Dougherty,,,,,,,,1868,﻿,﻿,﻿Milwaukee,Milwaukee
﻿mil.wi.0080,﻿church,﻿St. John Baptist's,English,,,,﻿Fond du Lac County,﻿Fond du Lac County,﻿Foresttown,﻿Forest,﻿WI,,43.757996,-88.226643,﻿mil.wi.0257,﻿Attended from Cavalry Convent,,,,,,,,,,,,1868,﻿,﻿,﻿Milwaukee,Milwaukee
﻿lac.wi.0012,﻿church,﻿Immaculate Conception,English,,,,﻿Buffalo County,﻿Buffalo County,﻿Fountain City,﻿Fountain City,﻿WI,,44.130112,-91.716359,,,,﻿l_spitzberg_001,﻿Rev.,﻿L. Spitzberg,,,,,,,,1868,﻿,﻿,﻿Milwaukee,Milwaukee
﻿mil.wi.0081,﻿church,﻿St. Martin's,English,,,,﻿Milwaukee County,﻿Milwaukee County,﻿Franklin,﻿Franklin,﻿WI,,42.888627,-88.038419,,,,﻿ed_oconnor_001,﻿Rev.,﻿Edw. O'Connor,,,,,,,,1868,﻿,﻿,﻿Milwaukee,Milwaukee
﻿mil.wi.0082,﻿church,﻿Sacred Heart of Jesus and Mary,English,,,,﻿Milwaukee County,﻿Milwaukee County,﻿Franklin,﻿Franklin,﻿WI,,43.072467,-87.618638,,,,﻿w_bonenkamp_001,﻿Rev.,﻿W. Bonnenkamp,,,,,,,,1868,﻿,﻿,﻿Milwaukee,Milwaukee
﻿lac.wi.0096,﻿church,﻿St. Luke's,English,,,,﻿Sauk County,,﻿Franklin,,﻿WI,,43.27647,-90.049045,﻿lac.wi.0015,﻿Attended from Ithaca,,,,,,,,,,,,1868,﻿,﻿,﻿Milwaukee,Milwaukee
﻿mil.wi.0340,﻿church,﻿St. Lawrence's,English,,,,﻿Kewaunee County,,﻿Franklin,,﻿WI,,44.399901,-87.684521,﻿gre.wi.0015,﻿Attended from Kewaunee,,,,,,,,,,,,1868,﻿,﻿,﻿Milwaukee,Milwaukee
﻿mil.wi.0083,﻿church,﻿St. Nicholas',English,,,,﻿Ozaukee County,﻿Ozaukee County,﻿Freedonia,﻿Fredonia,﻿WI,,43.470555,-87.950646,,,,﻿p_schwaiger_001,﻿Rev.,﻿P. Schwaiger,,,,,,,,1868,﻿,﻿,﻿Milwaukee,Milwaukee
﻿mil.wi.0084,﻿church,﻿Mother of Dolors,English,,,,﻿Ozaukee County,﻿Ozaukee County,﻿Freedonia,﻿Fredonia,﻿WI,,42.670842,-89.209004,﻿mil.wi.0024,﻿Attended by Rev. John Welter,,﻿j_welter_001,﻿Rev.,﻿John Welter,,,,,,,,1868,﻿,﻿,﻿Milwaukee,Milwaukee
﻿gre.wi.0010,﻿church,﻿St. Nicholas',English,﻿vacant,,,﻿Outagamie County,﻿Outagamie County,﻿Freedom,﻿Freedom,﻿WI,,44.386111,-88.288056,,,,,,,,,,,,,,1868,﻿,﻿,﻿Milwaukee,Milwaukee
﻿mil.wi.0085,﻿church,﻿St. Anthony's,English,,,,﻿Waukesha County,﻿Waukesha County,﻿Fussville,﻿Menomonee Falls,﻿WI,,43.152723,-88.079012,,,,﻿l_m_mueller_001,﻿Rev.,﻿L. M. Mueller,,,,,,,,1868,﻿,﻿,﻿Milwaukee,Milwaukee
﻿mil.wi.0086,﻿church,﻿St. Paul's,English,,,,﻿Waukesha County,﻿Waukesha County,﻿Genesee,﻿Genesee,﻿WI,,42.974661,-88.377606,﻿mil.wi.0211,﻿Attended by Rev. P. Deberge,,﻿f_deberge_001,﻿Rev.,﻿P. Deberge,,,,,,,,1868,﻿,﻿,﻿Milwaukee,Milwaukee
﻿mil.wi.0087,﻿church,﻿St. Francis of Sales,English,,,,﻿Walworth County,﻿Walworth County,﻿Geneva,﻿Geneva,﻿WI,,42.638605,-88.459767,,,,﻿j_j_kinsella_001,﻿Rev.,﻿J. Kinsela,,,,,,,,1868,﻿,﻿,﻿Milwaukee,Milwaukee
﻿mil.wi.0088,﻿church,﻿St. Boniface's,English,,,,﻿Washington County,﻿Washington County,﻿Germantown,﻿Germantown,﻿WI,,43.234715,-88.161571,,,,﻿j_gamber_001,﻿Rev.,﻿J. Gamber,,,,,,,,1868,﻿,﻿,﻿Milwaukee,Milwaukee
﻿mil.wi.0089,﻿church,﻿St. Michael's,English,,,,﻿Milwaukee County,﻿Milwaukee County,﻿Granville,﻿Granville,﻿WI,,43.177508,-88.043978,﻿mil.wi.0041,﻿Attended by Rev. J. R. Herman,,﻿j_r_herman_001,﻿Rev.,﻿J. R. Herman,,,,,,,,1868,﻿,﻿,﻿Milwaukee,Milwaukee
﻿mil.wi.0090,﻿church,﻿St. Catharine's,English,,,,﻿Milwaukee County,﻿Milwaukee County,﻿Granville,﻿Granville,﻿WI,,43.177508,-88.043978,﻿mil.wi.0085,﻿Attended by Rev. L. M.  Mueller,,﻿l_m_mueller_001,﻿Rev.,﻿L. M. Mueller,,,,,,,,1868,﻿,﻿,﻿Milwaukee,Milwaukee
﻿mil.wi.0091,﻿church,﻿St. Martin's,English,,,,﻿Milwaukee County,﻿Milwaukee County,﻿Granville,﻿Granville,﻿WI,,43.177508,-88.043978,﻿mil.wi.0085,﻿Attended by Rev. L. M.  Mueller,,﻿l_m_mueller_001,﻿Rev.,﻿L. M. Mueller,,,,,,,,1868,﻿,﻿,﻿Milwaukee,Milwaukee
﻿mil.wi.0092,﻿church,﻿St. Fridolin's,English,,,,﻿Sheboygan County,﻿Sheboygan County,﻿Glenbulah,﻿Glenbeulah,﻿WI,,43.79895,-88.046291,﻿mil.wi.0193,﻿Attended by Rev. M. Haider,,﻿m_haider_001,﻿Rev.,﻿M. Haider,,,,,,,,1868,﻿,﻿,﻿Milwaukee,Milwaukee
﻿lac.wi.0097,﻿church,﻿St. Joseph's,English,,,,﻿Buffalo County,,﻿Glencoe,,﻿WI,,44.249027,-91.563557,﻿lac.wi.0012,﻿Attended from Fountain City,,,,,,,,,,,,1868,﻿,﻿,﻿Milwaukee,Milwaukee
﻿mil.wi.0093,﻿church,﻿St. Sebastian's,English,,,,﻿Grant County,﻿Grant County,﻿Glenhaven,﻿Glen Haven,﻿WI,,42.827199,-91.071848,﻿mil.wi.0040,﻿Attended from Cassville,,,,,,,,,,,,1868,﻿,﻿,﻿Milwaukee,Milwaukee
﻿mil.wi.0094,﻿church,﻿St. Joseph's,English,,,,﻿Ozaukee County,﻿Ozaukee County,﻿Grafton,﻿Grafton,﻿WI,,43.319503,-87.946456,﻿mil.wi.0189,﻿Attended by Rev. J. Strickner,,﻿geo_strickner_001,﻿Rev.,﻿J. Strickner,,,,,,,,1868,﻿,﻿,﻿Milwaukee,Milwaukee
﻿mil.wi.0095,﻿church,﻿St. Francis Xavier's,English,,,,﻿Ozaukee County,﻿Ozaukee County,﻿Grafton,﻿Grafton,﻿WI,,43.352328,-87.969748,﻿mil.wi.0189,﻿Attended by Rev. J. Strickner,,﻿geo_strickner_001,﻿Rev.,﻿J. Strickner,,,,,,,,1868,﻿,﻿,﻿Milwaukee,Milwaukee
﻿gre.wi.0011,﻿church,﻿Holy Cross,English,,,,﻿Wood County,﻿Wood County,﻿Grand Rapids,﻿Grand Rapids,﻿WI,,44.380134,-89.756769,,,,﻿f_gleeson_001,﻿Rev.,﻿F. Gleeson,,,,,,,,1868,﻿,﻿,﻿Milwaukee,Milwaukee
﻿mil.wi.0096,﻿church,﻿St. Mary's,English,,,,﻿Milwaukee County,﻿Milwaukee County,﻿Greenfield,﻿Greenfield,﻿WI,,42.961404,-88.012586,﻿mil.wi.0081,﻿Attended by Rev. E. O'Connor,,﻿ed_oconnor_001,﻿Rev.,﻿E. O'Connor,,,,,,,,1868,﻿,﻿,﻿Milwaukee,Milwaukee
﻿mil.wi.0097,﻿church,﻿Holy Sacrament,﻿German,,,,﻿Milwaukee County,﻿Milwaukee County,﻿Greenfield,﻿Greenfield,﻿WI,,42.970611,-88.05414,﻿mil.wi.0019,﻿Attended by Rev. J. H. Karfhage,,﻿j_h_korphage_001,﻿Rev.,﻿J. H. Karfhage,,,,,,,,1868,﻿,﻿,﻿Milwaukee,Milwaukee
﻿mil.wi.0341,﻿church,﻿St. John's,﻿French,,,,﻿Brown County,,﻿Greenbay,,﻿WI,,44.508686,-88.015212,,,,﻿th_hoffen_001,﻿Rev.,﻿Th. Hoffen,﻿O.M.C.,,,,,,,1868,﻿,﻿,﻿Milwaukee,Milwaukee
﻿mil.wi.0342,﻿church,﻿St. Mary's,﻿German,,,,﻿Brown County,,﻿Greenbay,,﻿WI,,44.511672,-88.01211,,,,﻿f_x_pfaller_002,﻿Rev.,﻿F. X. Pfaller,,,,,,,,1868,﻿,﻿,﻿Milwaukee,Milwaukee
﻿mil.wi.0343,﻿church,﻿St. Willibrod's,﻿Dutch,,,,﻿Brown County,,﻿Greenbay,,﻿WI,,44.512206,-88.015222,﻿mil.wi.0341,"﻿Attended by Th. Hoffen, O.M.C.",,﻿th_hoffen_001,﻿Rev.,﻿Th. Hoffen,,,,,,,,1868,﻿,﻿,﻿Milwaukee,Milwaukee
﻿mil.wi.0344,﻿church,﻿St. Patrick's,English,,,,﻿Brown County,,﻿Greenbay,,﻿WI,,44.522186,-88.020831,,,,﻿f_mcdonnell_001,﻿Rev.,﻿F. McDonnell,,,,,,,,1868,﻿,﻿,﻿Milwaukee,Milwaukee
﻿mil.wi.0345,﻿church,﻿St. Anthony's,English,,,,﻿Calumet County,,﻿Harrison,,﻿WI,,44.134167,-88.291667,﻿gre.wi.0008,﻿Attended from Chilton,,,,,,,,,,,,1868,﻿,﻿,﻿Milwaukee,Milwaukee
﻿mil.wi.0098,﻿church,﻿St. Lawrence's,English,,,,﻿Washington County,﻿Washington County,﻿Hartford,﻿Hartford,﻿WI,,43.354195,-88.348337,,,,﻿m_weiss_001,﻿Rev.,﻿M. Weiss,,,,,,,,1868,﻿,﻿,﻿Milwaukee,Milwaukee
﻿mil.wi.0099,﻿church,﻿St. Killian's,English,,,,﻿Washington County,﻿Washington County,﻿Hartford,﻿Hartford,﻿WI,,43.322406,-88.382373,,,,﻿f_st-muench_001,﻿Rev.,﻿F. St. Munch,,,,,,,,1868,﻿,﻿,﻿Milwaukee,Milwaukee
﻿mil.wi.0100,﻿church,﻿St. Francis',English,,,,﻿Grant County,﻿Grant County,﻿Hazel Green,﻿Hazel Green,﻿WI,,42.536699,-90.435959,,,,﻿a_birkhaeuser_001,﻿Rev.,﻿A. Birkhaeuser,,,,,,,,1868,﻿,﻿,﻿Milwaukee,Milwaukee
﻿mil.wi.0101,﻿church,﻿St. John's,English,,,,﻿Dodge County,﻿Dodge County,﻿Herman,﻿Herman,﻿WI,,43.375995,-88.480937,﻿mil.wi.0083,﻿Attended by Rev. P. Schwaiger,,﻿p_schwaiger_001,﻿Rev.,﻿Schwaiger,,,,,,,,1868,﻿,﻿,﻿Milwaukee,Milwaukee
﻿mil.wi.0102,﻿church,﻿St. Joseph's,English,,,,﻿Sheboygan County,﻿Sheboygan County,﻿Herman,﻿Herman,﻿WI,,43.600762,-87.992268,,,,﻿joh_faster_001,﻿Rev.,﻿John Faster,,,,,,,,1868,﻿,﻿,﻿Milwaukee,Milwaukee
﻿mil.wi.0103,﻿church,﻿St. Fidelis',English,,,,﻿Sheboygan County,﻿Sheboygan County,﻿Herman,﻿Herman,﻿WI,,43.866723,-87.874615,﻿mil.wi.0042,﻿Attended by Rev. A. Zuber,,﻿f_zuber_001,﻿Rev.,﻿A. Zuber,,,,,,,,1868,﻿,﻿,﻿Milwaukee,Milwaukee
﻿mil.wi.0104,﻿church,﻿St. Philip's,English,,,,﻿Iowa County,﻿Iowa County,﻿Highland,﻿Highland,﻿WI,,43.046303,-90.382599,,,,﻿t_f_flannelly_001,﻿Rev.,﻿T. F. Flannelly,,,,,,,,1868,﻿,﻿,﻿Milwaukee,Milwaukee
﻿mil.wi.0105,﻿church,﻿St. John Nepomucene's,English,,,,﻿Iowa County,﻿Iowa County,﻿Highland,﻿Highland,﻿WI,,43.056902,-90.498795,,,,﻿f_x_weinhart_001,﻿Rev.,﻿F. X. Weinhart,,,,,,,,1868,﻿,﻿,﻿Milwaukee,Milwaukee
﻿mil.wi.0346,﻿church,﻿St. Francis Xavier's,English,,,,﻿Brown County,,﻿Holland,﻿Hollandtown,﻿WI,,44.13421,-88.29064,,,,﻿bon_de-goy_001,﻿Rev.,﻿Bonavent. De Goy,﻿O.M.C.,,,,,,,1868,﻿,﻿,﻿Milwaukee,Milwaukee
﻿mil.wi.0347,﻿church,﻿St. Patrick's,English,,,,﻿Brown County,,﻿Holland,,﻿WI,,44.270133,-88.090786,,,,﻿bon_de-goy_001,﻿Rev.,﻿Bonavent. De Goy,﻿O.M.C.,,,,,,,1868,﻿,﻿,﻿Milwaukee,Milwaukee
﻿mil.wi.0106,﻿church,﻿St. Malachy's,English,,,,﻿Dodge County,﻿Dodge County,﻿Horicon,﻿Horicon,﻿WI,,43.444012,-88.633196,﻿mil.wi.0021,﻿Attended from Beaver Dam,,,,,,,,,,,,1868,﻿,﻿,﻿Milwaukee,Milwaukee
﻿mil.wi.0107,﻿church,﻿St. Anne's,English,,,,﻿Calumet County,﻿Calumet County,﻿Holstein,﻿New Holstein,﻿WI,,43.896117,-88.123037,,,,﻿h_behrns_001,﻿Rev.,﻿H. Behrns,,,,,,,,1868,﻿,﻿,﻿Milwaukee,Milwaukee
﻿lac.wi.0098,﻿church,﻿St. Mary's of Loretto,English,,,,﻿Sauk County,,﻿Honey Creek,,﻿WI,,43.350551,-89.90521,﻿lac.wi.0021,﻿Attended from Sauk City,,,,,,,,,,,,1868,﻿,﻿,﻿Milwaukee,Milwaukee
﻿mil.wi.0348,﻿church,﻿St. James',English,,,,﻿Outagamie County,,﻿Hortonville,,﻿WI,,44.335278,-88.638889,﻿mil.wi.0361,﻿Attended by Rev. Chr. Verweyst,,﻿chr_verweyst_002,﻿Rev.,﻿Chr. Verweyst,,,,,,,,1868,﻿,﻿,﻿Milwaukee,Milwaukee
﻿mil.wi.0349,﻿church,﻿St. Hubert's,English,,,,﻿Brown County,,﻿Humboldt,,﻿WI,,44.500039,-87.822095,﻿gre.wi.0033,﻿Attended by Rev. E. Daems,,﻿edw_daems_001,﻿Rev.,﻿E. Daems,,,,,,,,1868,﻿,﻿,﻿Milwaukee,Milwaukee
﻿lac.wi.0013,﻿church,﻿St. James',English,,,,﻿St. Croix County,﻿St. Croix County,﻿Hudson,﻿Hudson,﻿WI,,44.97469,-92.75687,,,,﻿s_seif_001,﻿Rev.,﻿S. Seif,,,,,,,,1868,﻿,﻿,﻿Milwaukee,Milwaukee
﻿mil.wi.0108,﻿church,﻿St. Kilian's,English,,,,﻿Walworth County,,﻿Hudson,,﻿WI,,42.588688,-88.359873,﻿mil.wi.0082,﻿Attended by Rev. W. Bonnenkamp,,﻿w_bonenkamp_001,﻿Rev.,﻿W. Bonnenkamp,,,,,,,,1868,﻿,﻿,﻿Milwaukee,Milwaukee
﻿mil.wi.0109,﻿church,﻿St. Augustine's,English,,,,﻿Ozaukee County,﻿Washington County,﻿Jackson,﻿Jackson,﻿WI,,43.384316,-88.041167,﻿mil.wi.0152,﻿Attended by Rev. W. Engeln,,﻿w_engeln_001,﻿Rev.,﻿W. Engeln,,,,,,,,1868,﻿,﻿,﻿Milwaukee,Milwaukee
﻿mil.wi.0110,﻿church,"﻿St. Mary's, Immaculate Conception",English,,,,﻿Ozaukee County,﻿Washington County,﻿Jackson,﻿Jackson,﻿WI,,43.322965,-88.166679,﻿mil.wi.0041,﻿Attended by Rev. J. R. Herman,,﻿j_r_herman_001,﻿Rev.,﻿J. R. Herman,,,,,,,,1868,﻿,﻿,﻿Milwaukee,Milwaukee
﻿mil.wi.0111,﻿church,﻿St. Patrick's,English,,,,﻿Rock County,﻿Rock County,﻿Janesville,﻿Janesville,﻿WI,,42.676364,-89.025287,,,,﻿jam_doyle_001,﻿Rev.,﻿James Doyle,,,,,,,,1868,﻿,﻿,﻿Milwaukee,Milwaukee
﻿mil.wi.0112,﻿church,﻿St. John Baptist's,English,,,,﻿Jefferson County,﻿Jefferson County,﻿Jefferson,﻿Jefferson,﻿WI,,43.006946,-88.80221,,,,﻿alo_sigg_001,﻿Rev.,﻿A. Sigg,,,,,,,,1868,﻿,﻿,﻿Milwaukee,Milwaukee
﻿mil.wi.0113,﻿church,﻿St. Lawrence's,English,,,,﻿Jefferson County,﻿Jefferson County,﻿Jefferson,﻿Jefferson,﻿WI,,43.004965,-88.779191,,,,﻿f_x_obermueller_001,﻿Rev.,﻿F. X. Obermueller,,,,,,,,1868,﻿,﻿,﻿Milwaukee,Milwaukee
﻿lac.wi.0014,﻿church,﻿Nativity B.V.M.,English,,,,﻿Monroe County,﻿Monroe County,﻿Jefferson,﻿Jefferson,﻿WI,,43.7980958,-90.68686839,,,,﻿n_stehle_001,﻿Rev.,﻿N. Stehle,,,,,,,,1868,﻿,﻿,﻿Milwaukee,Milwaukee
﻿lac.wi.0099,﻿church,﻿St. Fridolin's,English,,,,﻿Sauk County,,﻿Ironton,,﻿WI,,43.521389,-90.146944,﻿lac.wi.0015,﻿Attended from Ithaca,,,,,,,,,,,,1868,﻿,﻿,﻿Milwaukee,Milwaukee
﻿lac.wi.0015,﻿church,﻿Nativity B.V.M.,English,,,,﻿Richland County,﻿Richland County,﻿Ithaca,﻿Ithaca,﻿WI,,43.340818,-90.281792,,,,﻿j_beau_001,﻿Rev.,﻿J. Beau,,,,,,,,1868,﻿,﻿,﻿Milwaukee,Milwaukee
﻿mil.wi.0114,﻿church,﻿St. Mark's,English,,,,﻿Kenosha County,﻿Kenosha County,﻿Kenosha,﻿Kenosha,﻿WI,,42.568136,-87.824919,,,,﻿p_f_petit_001,﻿Rev.,﻿P. F. Petit,,,,,,,,1868,﻿,﻿,﻿Milwaukee,Milwaukee
﻿mil.wi.0115,﻿church,﻿St. George's,﻿German,,,,﻿Kenosha County,﻿Kenosha County,﻿Kenosha,﻿Kenosha,﻿WI,,42.581123,-87.872016,,,,﻿w_reiter_001,﻿Rev.,﻿W. Reiter,,,,,,,,1868,﻿,﻿,﻿Milwaukee,Milwaukee
﻿mil.wi.0116,﻿church,﻿St. Pius',English,,,,﻿La Fayette County,﻿Lafayette County,﻿Kendaltown,﻿Kendall,﻿WI,,42.765975,-90.243231,﻿mil.wi.0053,﻿Attended by Rev. E. McGinnity,,﻿e_m_mcginnity_001,﻿Rev.,﻿E. McGinnity,,,,,,,,1868,﻿,﻿,﻿Milwaukee,Milwaukee
﻿gre.wi.0014,﻿mission,﻿St. Michael's,English,﻿Mission of the Menomonee Tribe,,,﻿Shawano County,﻿Menominee County,﻿Keshena,﻿Keshena,﻿WI,,45.030475,-88.74777,,,,﻿caj_krauthahn_002,﻿Rev.,﻿Cajetan Krauthahn,﻿O.M.C.,,,,,,,1868,﻿,﻿,﻿Milwaukee,Milwaukee
﻿mil.wi.0117,﻿church,﻿St. Bridget's,English,,,,﻿Washington County,﻿Washington County,﻿Kewaskee,﻿Kewaskum,﻿WI,,43.78444,-88.787868,,,,﻿m_wenker_001,﻿Rev.,﻿M. Wenker,,,,,,,,1868,﻿,﻿,﻿Milwaukee,Milwaukee
﻿mil.wi.0118,﻿church,﻿St. Michael's,English,,,,﻿Washington County,﻿Washington County,﻿Kewaskum,﻿Kewaskum,﻿WI,,43.52083,-88.228985,,﻿Attended by Rev. C. Rehrl,,,,,,,,,,,,1868,﻿,﻿,﻿Milwaukee,Milwaukee
﻿mil.wi.0119,﻿church,﻿Holy Trinity,English,,,,﻿Washington County,﻿Washington County,﻿Kewaskum,﻿Kewaskum,﻿WI,,43.52083,-88.228985,﻿mil.wi.0018,﻿Attended by Rev. J. Reindl,,﻿j_reindl_001,﻿Rev.,﻿J. Reindl,,,,,,,,1868,﻿,﻿,﻿Milwaukee,Milwaukee
﻿gre.wi.0015,﻿church,﻿Holy Rosary,English,,,,﻿Kewaunee County,﻿Kewaunee County,﻿Kewaunee,﻿Kewaunee,﻿WI,,44.457712,-87.50662,,,,﻿e_van-steenwyck_001,﻿Rev.,﻿E. Van Steenwyck,,,,,,,,1868,﻿,﻿,﻿Milwaukee,Milwaukee
﻿gre.wi.0053,﻿church,﻿St. Cecilia's,English,,,,﻿Columbia County,,﻿Kilburn City,﻿Kilbourn,﻿WI,,43.625294,-89.773783,﻿gre.wi.0027,﻿Attended by Rev. Thos. Keenan,,﻿tho_keenan_001,﻿Rev.,﻿Thos. Keenan,,,,,,,,1868,﻿,﻿,﻿Milwaukee,Milwaukee
﻿lac.wi.0100,﻿church,﻿St. Bridget's,English,,,,﻿Juneau County,,﻿Kildare,,﻿WI,,43.735833,-89.888056,,,,﻿p_montague_002,﻿Rev.,﻿P. Montague,,,,,,,,1868,﻿,﻿,﻿Milwaukee,Milwaukee
﻿gre.wi.0016,﻿church,﻿St. Anne's,English,,,,﻿Manitowoc County,﻿Manitowoc County,﻿Kossuth,﻿Kossuth,﻿WI,,44.206988,-87.756651,,,,﻿e_henzler_001,﻿Rev.,﻿E. Henzler,,,,,,,,1868,﻿,﻿,﻿Milwaukee,Milwaukee
﻿mil.wi.0120,﻿church,﻿St. James',English,,,,﻿Milwaukee County,﻿Milwaukee County,﻿Lake Town,﻿Lake,﻿WI,,43.04848,-88.000907,﻿mil.wi.0155,﻿Attended from New-Koeln,,,,,,,,,,,,1868,﻿,﻿,﻿Milwaukee,Milwaukee
﻿mil.wi.0121,﻿church,﻿St. Mary's ad fontam,English,,,,﻿Marquette County,,﻿La Cote St. Marie,,﻿WI,,43.876085,-89.110883,,,,﻿s_szezpankiewiz_001,﻿Rev.,﻿S. Szezpankiewiz,,,,,,,,1868,﻿,﻿,﻿Milwaukee,Milwaukee
﻿lac.wi.0001,﻿church,﻿St. Mary's,English,,,,﻿La Crosse County,,﻿La Crosse,﻿La Crosse,﻿WI,,43.813775,-91.251902,,,,﻿m_m_marco_001,﻿Rev.,﻿M. Marco,,,,,,,,1868,﻿,﻿,﻿Milwaukee,Milwaukee
﻿mil.wi.0122,﻿church,﻿St. Columban's,English,,,,﻿Waukesha County,﻿Waukesha County,﻿Lake Five,﻿Lake Five,﻿WI,,43.192506,-88.270927,﻿mil.wi.0144,﻿Attended by Rev. F. Tiernan,,﻿f_tiernan_001,﻿Rev.,﻿F. Tiernan,,,,,,,,1868,﻿,﻿,﻿Milwaukee,Milwaukee
﻿mil.wi.0123,﻿church,﻿St. Clement's,English,,,,﻿Grant County,﻿Grant County,﻿Lancaster,﻿Lancaster,﻿WI,,42.847491,-90.710682,﻿mil.wi.0173,﻿Attended by Rev. H. J. Albers,,﻿h_j_albers_001,﻿Rev.,﻿H. J. Albers,,,,,,,,1868,﻿,﻿,﻿Milwaukee,Milwaukee
﻿lac.wi.0101,﻿church,﻿St. Joseph's,English,,,,﻿La Pointe County,,﻿La Pointe,,﻿WI,,46.782288,-90.787505,﻿lac.wi.0004,﻿Attended from Bayfield,,,,,,,,,,,,1868,﻿,﻿,﻿Milwaukee,Milwaukee
﻿mil.wi.0351,﻿church,﻿St. Finbar's,English,,,,﻿Waupana County,﻿Waupaca County,﻿Lebanon,,﻿WI,,43.255278,-88.626667,﻿mil.wi.0361,﻿Attended by Rev. Christ. Verweyst,,﻿chr_verweyst_002,﻿Rev.,﻿Christ. Verweyst,,,,,,,,1868,﻿,﻿,﻿Milwaukee,Milwaukee
﻿lac.wi.0102,﻿church,﻿St. James',English,,,,﻿Bad Axe County,,﻿Liberty Pole,,﻿WI,,43.49,-90.908511,﻿lac.wi.0113,﻿Attended by Rev. P. Murphy,,﻿p_murphy_004,﻿Rev.,﻿P. Murphy,,,,,,,,1868,﻿,﻿,﻿Milwaukee,Milwaukee
﻿mil.wi.0124,﻿church,﻿St. Rosa's,English,,,,﻿Sheboygan County,﻿Sheboygan County,﻿Lima,﻿Lima,﻿WI,,43.675386,-87.874615,﻿mil.wi.0193,﻿Visited from Sheboygan,,,,,,,,,,,,1868,﻿,﻿,﻿Milwaukee,Milwaukee
﻿mil.wi.0125,﻿church,﻿St. John Baptist's,English,,,,﻿Fond du Lac County,﻿Fond du Lac County,﻿Lamartine,﻿Lamartine,﻿WI,,43.733321,-88.568719,﻿mil.wi.0075,﻿Attended from Fond du Lac City,,,,,,,,,,,,1868,﻿,﻿,﻿Milwaukee,Milwaukee
﻿mil.wi.0352,﻿church,﻿St. Peter's,English,,,,﻿Door County,﻿Kewaunee County,﻿Lincoln Town,,﻿WI,,44.618056,-87.641944,﻿gre.wi.0029,﻿Attended by Rev. Ph. Crud,,﻿phi_crud_002,﻿Rev.,﻿Ph. Crud,,,,,,,,1868,﻿,﻿,﻿Milwaukee,Milwaukee
﻿lac.wi.0103,﻿church,﻿St. Michael's,English,,,,﻿Juneau County,,﻿Lindina,,﻿WI,,43.784444,-90.134722,﻿lac.wi.0104,﻿Attended from Lisbon,,,,,,,,,,,,1868,﻿,﻿,﻿Milwaukee,Milwaukee
﻿lac.wi.0016,﻿church,﻿St. Mary's,English,,,,﻿Juneau County,﻿Juneau County,﻿Lindon,﻿Lyndon,﻿WI,,43.66625,-89.878576,﻿lac.wi.0100,﻿Visited by Rev. P. Montague,,﻿p_montague_002,﻿Rev.,﻿P. Montague,,,,,,,,1868,﻿,﻿,﻿Milwaukee,Milwaukee
﻿lac.wi.0104,﻿church,﻿St. Paul's,English,,,,﻿Juneau County,﻿Juneau County,﻿Lisbon,﻿New Lisbon,﻿WI,,43.888857,-90.152863,﻿mil.wi.0359,﻿Attended by Rev. P. Lavin,,﻿pet_lavin_002,﻿Rev.,﻿P. Lavin,,,,,,,,1868,﻿,﻿,﻿Milwaukee,Milwaukee
﻿gre.wi.0017,﻿church,﻿St. John Nepomucene's,English,,,,﻿Outagamie County,﻿Outagamie County,﻿Little Chute,﻿Little Chute,﻿WI,,44.278276,-88.314417,,,,﻿a_j_verberk_001,﻿Rev.,﻿A. J. Verberk,,,,,,,,1868,﻿,﻿,﻿Milwaukee,Milwaukee
﻿mil.wi.0126,﻿church,﻿St. Andrew's,English,,,,﻿Dodge County,﻿Dodge County,﻿Loomara,﻿Lomira,﻿WI,,43.573118,-88.550108,﻿mil.wi.0135,﻿Attended by Rev. L. Schaffer,,﻿l_schaffer_001,﻿Rev.,﻿L. Schaffer,,,,,,,,1868,﻿,﻿,﻿Milwaukee,Milwaukee
﻿mil.wi.0128,﻿church,﻿St. Raphael's,English,,,,﻿Dane County,﻿Dane County,﻿Madison,﻿Madison,﻿WI,,43.072394,-89.386004,,,,﻿jos_smith_001,﻿Rev.,﻿Joseph Smith,,,,,,,,1868,﻿,﻿,﻿Milwaukee,Milwaukee
﻿mil.wi.0129,﻿church,﻿Holy Redeemer's Church,﻿German,,,,﻿Dane County,﻿Dane County,﻿Madison,﻿Madison,﻿WI,,43.075608,-89.389217,,,,﻿m_obermueller_001,﻿Rev.,﻿M. Obermueller,,,,,,,,1868,﻿,﻿,﻿Milwaukee,Milwaukee
﻿mil.wi.0353,﻿church,﻿St. Charles Borromeo's,English,,,,﻿Winnebago County,,﻿Manasha,,﻿WI,,44.216667,-88.433333,,,,﻿f_uhlemeyer_001,﻿Rev.,﻿F. Uhlemeyer,,,,,,,,1868,﻿,﻿,﻿Milwaukee,Milwaukee
﻿gre.wi.0018,﻿church,﻿St. Mary's,English,,,,﻿Winnebago County,﻿Winnebago County,﻿Manasha,﻿Menasha,﻿WI,,44.204037,-88.443403,,,,﻿f_uhlemeyer_001,﻿Rev.,﻿F. Uhlemeyer,,,,,,,,1868,﻿,﻿,﻿Milwaukee,Milwaukee
﻿mil.wi.0130,﻿church,﻿St. Boniface's,English,,,,﻿Manitowoc County,﻿Manitowoc County,﻿Manitowoc,﻿Manitowoc,﻿WI,,44.088606,-87.657584,,,,﻿j_stehle_001,﻿Rev.,﻿James Stehle,,,,,,,,1868,﻿,﻿,﻿Milwaukee,Milwaukee
﻿mil.wi.0354,﻿church,﻿Holy Maternity,English,,,,﻿Manitowoc County,,﻿Manitowoc Rapids,,﻿WI,,44.099167,-87.700833,﻿mil.wi.0130,﻿Attended by Rev. James Stehle,,﻿j_stehle_001,﻿Rev.,﻿James Stehle,,,,,,,,1868,﻿,﻿,﻿Milwaukee,Milwaukee
﻿gre.wi.0020,﻿church,﻿St. Patrick's,English,﻿vacant,,,﻿Manitowoc County,﻿Manitowoc County,﻿Maple Grove,﻿Maple Grove,﻿WI,,44.188884,-87.923628,,,,,,,,,,,,,,1868,﻿,﻿,﻿Milwaukee,Milwaukee
﻿mil.wi.0131,﻿church,﻿St. Catharine's,English,,,,﻿Waukesha County,﻿Waukesha County,﻿Mapleton,﻿Oconomowoc,﻿WI,,43.17481,-88.458349,,,,﻿w_vahey_001,﻿Rev.,﻿W. Vahey,,,,,,,,1868,﻿,﻿,﻿Milwaukee,Milwaukee
﻿lac.wi.0017,﻿church,﻿St. Mary's Nativity,English,,,,﻿Marathon County,﻿Marathon County,﻿Marathon,﻿Marathon,﻿WI,,44.930472,-89.84021,,,,﻿j_hængen_001,﻿Rev.,﻿J. Hængen,,,,,,,,1868,﻿,﻿,﻿Milwaukee,Milwaukee
﻿mil.wi.0132,﻿church,﻿Holy Cross,English,﻿Convent of the Capuchin Fathers of Calvary,,,﻿Fond du Lac County,﻿Fond du Lac County,﻿Marshfield,﻿Marshfield,﻿WI,,43.8721,-88.187668,,,,,,,,,,,,,,1868,﻿,﻿,﻿Milwaukee,Milwaukee
﻿mil.wi.0133,﻿church,﻿St. Joseph's,English,,,,﻿Fond du Lac County,﻿Fond du Lac County,﻿Marshfield,﻿Marshfield,﻿WI,,43.855266,-88.190077,﻿mil.wi.0257,﻿Attended from Calvary,,,,,,,,,,,,1868,﻿,﻿,﻿Milwaukee,Milwaukee
﻿mil.wi.0134,﻿church,﻿Visitation B.V.M.,English,,,,﻿Calumet County,﻿Fond du Lac County,﻿Marytown,﻿Marytown,﻿WI,,43.910993,-88.203431,,,,﻿daniel_001,﻿Rev. Father,﻿Daniel,﻿O.M.C.,,,,,,,1868,﻿,﻿,﻿Milwaukee,Milwaukee
﻿mil.wi.0135,﻿church,﻿St. Mary's,English,,,,﻿Dodge County,﻿Dodge County,﻿Mayville,﻿Mayville,﻿WI,,43.492936,-88.540727,,,,﻿l_schaffer_001,﻿Rev.,﻿L. Schaffer,,,,,,,,1868,﻿,﻿,﻿Milwaukee,Milwaukee
﻿mil.wi.0136,﻿church,﻿St. Isidore's,English,,,,﻿Manitowoc County,﻿Manitowoc County,﻿Meeme,﻿Meeme,﻿WI,,43.920549,-87.831478,,,,﻿tho_mcdonnell_001,﻿Rev.,﻿Th. McDonnell,,,,,,,,1868,﻿,﻿,﻿Milwaukee,Milwaukee
﻿lac.wi.0105,﻿church,﻿St. Francis Assissium,English,,,,﻿Dunn County,,﻿Menomonee,,﻿WI,,44.879167,-91.917056,,,,﻿a_fagan_001,﻿Rev.,﻿A. Fagan,,,,,,,,1868,﻿,﻿,﻿Milwaukee,Milwaukee
﻿mil.wi.0137,﻿church,﻿St. Mary's Immaculate Conception,English,,,,﻿Grant County,﻿Grant County,﻿Menomonee,﻿Hazel Green,﻿WI,,42.511189,-90.63192,,,,﻿a_gstack_001,﻿Rev.,﻿A. Gstack,,,,,,,,1868,﻿,﻿,﻿Milwaukee,Milwaukee
﻿mil.wi.0138,﻿church,﻿St. James',English,,,,﻿Waukesha County,﻿Waukesha County,﻿Menomonee,﻿Menomonee Falls,﻿WI,,43.136322,-88.18306,,,,﻿d_t_kirwan_001,﻿Rev.,﻿D. P. Kirwin,,,,,,,,1868,﻿,﻿,﻿Milwaukee,Milwaukee
﻿mil.wi.0139,﻿church,﻿St. James',English,,,,﻿Ozaukee County,﻿Washington County,﻿Mequon,﻿Mequon,﻿WI,,43.38195,-87.618638,﻿mil.wi.0085,﻿Attended by Rev. L. M. Mueller,,﻿l_m_mueller_001,﻿Rev.,﻿L. M. Mueller,,,,,,,,1868,﻿,﻿,﻿Milwaukee,Milwaukee
﻿mil.wi.0140,﻿church,﻿St. John Baptist's,English,,,,﻿Grant County,﻿Iowa County,﻿Miffin,﻿Miffin,﻿WI,,42.871105,-90.354015,﻿mil.wi.0148,﻿Attended by Rev. L. Kenny,,﻿l_kenny_001,﻿Rev.,﻿L. Kenny,,,,,,,,1868,﻿,﻿,﻿Milwaukee,Milwaukee
﻿mil.wi.0141,﻿church,﻿St. Malachy's,English,,,,﻿Jefferson County,﻿Jefferson County,﻿Milford,﻿Milford,﻿WI,,43.188369,-88.733814,﻿mil.wi.0181,﻿Attended by Rev. H. Roche,,﻿h_roche_001,﻿Rev.,﻿H. Roche,,,,,,,,1868,﻿,﻿,﻿Milwaukee,Milwaukee
﻿mil.wi.0142,﻿church,﻿St. Paul's,English,,,,﻿Iowa County,﻿Iowa County,﻿Mineral Point,﻿Mineral Point,﻿WI,,42.857093,-90.188688,,,,﻿f_mcgann_001,﻿Rev.,﻿F. McGann,,,,,,,,1868,﻿,﻿,﻿Milwaukee,Milwaukee
﻿mil.wi.0355,﻿church,﻿Invention of the Holy Cross,English,,,,﻿Manitowoc County,,﻿Mishicot,,﻿WI,,44.233215,-87.6395,﻿gre.wi.0032,﻿Attended from Two Rivers,,,,,,,,,,,,1868,﻿,﻿,﻿Milwaukee,Milwaukee
﻿mil.wi.0356,﻿church,﻿St. Mary's,﻿Bohemian,,,,﻿Manitowoc County,,﻿Mishicot,,﻿WI,,44.238056,-87.641111,﻿mil.wi.0334,﻿Attended by Rev. J. Lang,,﻿f_lang_001,﻿Rev.,﻿J. Lang,,,,,,,,1868,﻿,﻿,﻿Milwaukee,Milwaukee
﻿mil.wi.0143,﻿church,﻿St. Michael's,English,,,,﻿Sheboygan County,﻿Sheboygan County,﻿Mitchell,﻿Mitchell,﻿WI,,43.67055182,-88.11119091,﻿mil.wi.0039,﻿Attended from Cascade,,,,,,,,,,,,1868,﻿,﻿,﻿Milwaukee,Milwaukee
﻿mil.wi.0144,﻿church,﻿St. John's,English,,,,﻿Waukesha County,﻿Waukesha County,﻿Monches,﻿Merton,﻿WI,,43.140603,-88.308192,,,,﻿f_tiernan_001,﻿Rev.,﻿F. Tiernan,,,,,,,,1868,﻿,﻿,﻿Milwaukee,Milwaukee
﻿mil.wi.0145,﻿church,﻿St. Victor's,English,,,,﻿Green County,﻿Green County,﻿Monroe,﻿Monroe,﻿WI,,42.598221,-89.635254,,,,﻿wil_oconnell_001,﻿Rev.,﻿W. O'Connell,,,,,,,,1868,﻿,﻿,﻿Milwaukee,Milwaukee
﻿gre.wi.0021,﻿church,﻿Gethsemane Church,English,,,,﻿Marquette County,,﻿Monetello,,﻿WI,,43.794961,-89.318268,,,,﻿m_monaghan_002,﻿Rev.,﻿M. Monaghan,,,,,,,,1868,﻿,﻿,﻿Milwaukee,Milwaukee
﻿mil.wi.0358,﻿church,﻿St. Bridget's,English,,,,﻿Brown County,,﻿Morristown,﻿Morrison,﻿WI,,44.299167,-87.988889,,﻿Attended by Rev. W. A. Verbort,,﻿w_a_verboort_001,﻿Rev.,﻿W. A. Verbort,,,,,,,,1868,﻿,﻿,﻿Milwaukee,Milwaukee
﻿mil.wi.0147,﻿church,﻿St. Lawrence O'Toole's,English,,,,﻿Grant County,﻿Grant County,﻿Mount Hope,﻿Mount Hope,﻿WI,,43.006918,-90.816792,﻿mil.wi.0148,﻿Attended by Rev. L. Kenny,,﻿l_kenny_001,﻿Rev.,﻿L. Kenny,,,,,,,,1868,﻿,﻿,﻿Milwaukee,Milwaukee
﻿mil.wi.0359,﻿church,﻿St. Patrick's,English,,,,﻿Juneau County,,﻿Mouston,﻿Mauston,﻿WI,,43.796549,-90.072629,,,,﻿pet_lavin_002,﻿Rev.,﻿Peter Lavin,,,,,,,,1868,﻿,﻿,﻿Milwaukee,Milwaukee
﻿mil.wi.0148,﻿church,﻿St. Barnabas',English,,,,﻿Dane County,﻿Dane County,﻿Mozzomanie,﻿Mazomanie,﻿WI,,43.172687,-89.791703,,,,﻿l_kenny_001,﻿Rev.,﻿L. Kenny,,,,,,,,1868,﻿,﻿,﻿Milwaukee,Milwaukee
﻿mil.wi.0149,﻿church,﻿St. Bartholomew's,English,,,,﻿Grant County,﻿Grant County,﻿Muscoda,﻿Muscoda,﻿WI,,43.184987,-90.443181,﻿mil.wi.0105,﻿Attended by Rev. F. Weinhart,,﻿f_x_weinhart_001,﻿Rev.,﻿F. Weinhart,,,,,,,,1868,﻿,﻿,﻿Milwaukee,Milwaukee
﻿mil.wi.0150,﻿church,﻿St. Matthew's,English,,,,﻿Dodge County,﻿Dodge County,﻿Neosha,﻿Neosho,﻿WI,,43.313008,-88.51959,﻿mil.wi.0099,﻿Attended by Rev. J. St. Munch,,﻿j_st-munch_001,﻿Rev.,﻿J. St. Munch,,,,,,,,1868,﻿,﻿,﻿Milwaukee,Milwaukee
﻿mil.wi.0151,﻿church,﻿St. Valerius',English,,,,﻿Waukesha County,﻿Waukesha County,﻿New-Berlin,﻿New Berlin,﻿WI,,42.976455,-88.10839,﻿mil.wi.0081,﻿Attended from Franklin,,,,,,,,,,,,1868,﻿,﻿,﻿Milwaukee,Milwaukee
﻿mil.wi.0360,﻿church,﻿St. Mary's and Nives,English,,,,﻿Door County,,﻿New-Brussels,﻿Brussels,﻿WI,,44.736111,-87.620833,﻿gre.wi.0029,﻿Attended by Rev. Ph. Crud,,﻿phi_crud_002,﻿Rev.,﻿Ph. Crud,,,,,,,,1868,﻿,﻿,﻿Milwaukee,Milwaukee
﻿mil.wi.0152,﻿church,﻿Holy Trinity,English,,,,﻿Washington County,﻿Washington County,﻿Newburgh,﻿Newburg,﻿WI,,43.431667,-88.046481,,,,﻿w_engeln_001,﻿Rev.,﻿W. Engeln,,,,,,,,1868,﻿,﻿,﻿Milwaukee,Milwaukee
﻿mil.wi.0153,﻿church,﻿St. Matthew's,English,,,,﻿Fond du Lac County,﻿Fond du Lac County,﻿New-Castle,﻿Campbellsport,﻿WI,,43.598841,-88.275532,﻿mil.wi.0016,﻿Attended from Ashford,,,,,,,,,,,,1868,﻿,﻿,﻿Milwaukee,Milwaukee
﻿mil.wi.0154,﻿church,﻿St. Augustine's,English,,,,﻿Lafayette County,﻿Lafayette County,﻿New-Diggings,﻿New Diggings,﻿WI,,42.534075,-90.334564,﻿mil.wi.0026,﻿Attended by Rev. G. Prendergast,,﻿g_prendergast_001,﻿Rev.,﻿G. Prendergast,,,,,,,,1868,﻿,﻿,﻿Milwaukee,Milwaukee
﻿gre.wi.0022,﻿church,﻿St. Kilian's,English,﻿vacant,,,﻿Brown County,﻿Brown County,﻿New-Franken,﻿New Franken,﻿WI,,44.53103,-87.825846,,,,,,,,,,,,,,1868,﻿,﻿,﻿Milwaukee,Milwaukee
﻿mil.wi.0155,﻿church,﻿St. Stephens's,English,,,,﻿Milwaukee County,﻿Milwaukee County,﻿New-Koeln,﻿Milwaukee,﻿WI,,43.019554,-87.916512,,,,﻿m_minderer_001,﻿Rev.,﻿M. Minderer,,,,,,,,1868,﻿,﻿,﻿Milwaukee,Milwaukee
﻿mil.wi.0361,﻿church,﻿St. Francis',English,,,,﻿Waupaca County,,﻿New-London,,﻿WI,,44.387222,-88.740278,,,,﻿chr_verweyst_002,﻿Rev.,﻿Christ. Verweyst,,,,,,,,1868,﻿,﻿,﻿Milwaukee,Milwaukee
﻿mil.wi.0157,﻿church,﻿St. Peter's,English,,,,﻿Manitowoc County,﻿Manitowoc County,﻿Newtown,﻿Newtown,﻿WI,,43.993743,-87.726333,﻿mil.wi.0130,﻿Attended from Manitowoc,,,,,,,,,,,,1868,﻿,﻿,﻿Milwaukee,Milwaukee
﻿mil.wi.0362,﻿church,﻿St. Francis of Sales,English,,,,﻿Milwaukee County,,﻿Nojoshing,﻿St. Francis,﻿WI,,42.969722,-87.876667,,,,﻿mic_heiss_001,﻿Very Rev.,﻿M. Heiss,,﻿Rector of the Salesianum,,,,,,1868,﻿,﻿,﻿Milwaukee,Milwaukee
﻿mil.wi.0158,﻿church,﻿St. Matthew's,English,,,,﻿Milwaukee County,﻿Milwaukee County,﻿Oak Creek,﻿Oak Creek,﻿WI,,42.874655,-87.86136,﻿mil.wi.0036,﻿Attended by Rev. H. Reinhardt,,﻿h_reinhardt_001,﻿Rev.,﻿H. Reinhardt,,,,,,,,1868,﻿,﻿,﻿Milwaukee,Milwaukee
﻿lac.wi.0106,﻿church,﻿Nativity B.V.M.,English,,,,﻿Pierce County,,﻿Oak Grove,,﻿WI,,43.400864,-88.68665,﻿lac.wi.0013,﻿Attended by Rev. S. Seif,,﻿s_seif_001,﻿Rev.,﻿S. Seif,,,,,,,,1868,﻿,﻿,﻿Milwaukee,Milwaukee
﻿mil.wi.0159,﻿church,﻿St. Jerome's,English,,,,﻿Waukesha County,﻿Waukesha County,﻿Oconomowoc,﻿Oconomowoc,﻿WI,,43.097305,-88.493677,﻿mil.wi.0131,﻿Visited by Rev. W. Vahey,,﻿w_vahey_001,﻿Rev.,﻿W. Vahey,,,,,,,,1868,﻿,﻿,﻿Milwaukee,Milwaukee
﻿gre.wi.0024,﻿church,﻿St. Peter's,English,,,,﻿Oconto County,﻿Oconto County,﻿Oconto,﻿Oconto,﻿WI,,44.887571,-87.883319,,,,﻿e_spierings_001,﻿Rev.,﻿E. Spierings,,,,,,,,1868,﻿,﻿,﻿Milwaukee,Milwaukee
﻿mil.wi.0160,﻿church,﻿St. Matthew's,English,,,,﻿Fond du Lac County,﻿Fond du Lac County,﻿Osceola,﻿Osceola,﻿WI,,43.681371,-88.226643,﻿mil.wi.0035,﻿Attended by Rev. Thomas Smyth,,﻿tho_smyth_001,﻿Rev.,﻿Thomas Smyth,,,,,,,,1868,﻿,﻿,﻿Milwaukee,Milwaukee
﻿gre.wi.0025,﻿church,﻿St. Peter's,English,,,,﻿Winnebago County,﻿Winnebago County,﻿Oshkosh,﻿Oshkosh,﻿WI,,44.019711,-88.544474,,,,﻿g_riordan_001,﻿Rev.,﻿G. Riordan,,,,,,,,1868,﻿,﻿,﻿Milwaukee,Milwaukee
﻿gre.wi.0026,﻿church,﻿St. Mary's,﻿German,,,,﻿Winnebago County,﻿Winnebago County,﻿Oshkosh,﻿Oshkosh,﻿WI,,44.012364,-88.619724,,,,﻿a_leitner_001,,﻿A. Leitner,,,,,,,,1868,﻿,﻿,﻿Milwaukee,Milwaukee
﻿mil.wi.0163,﻿church,﻿St. Patrick's,English,,,,﻿Columbia County,﻿Columbia County,﻿Otsego,﻿Otsego,﻿WI,,43.40221,-89.166225,﻿mil.wi.0339,﻿Attended by Rev. E. McQuirk,,,,,,,,,,,,1868,﻿,﻿,﻿Milwaukee,Milwaukee
﻿mil.wi.0164,﻿church,﻿St. Bruno's,English,,,,﻿Waukesha County,﻿Waukesha County,﻿Ottawa,﻿Ottawa,﻿WI,,42.993896,-88.512589,,,,﻿f_spath_001,﻿Rev.,﻿S. Spath,,,,,,,,1868,﻿,﻿,﻿Milwaukee,Milwaukee
﻿mil.wi.0165,﻿church,﻿St. John Baptist's,English,,,,﻿Kenosha County,﻿Kenosha County,﻿Paris,﻿Paris,﻿WI,,42.63363,-88.051473,﻿mil.wi.0362,﻿Attended by Very Rev. Mich. Heiss,,﻿mic_heiss_001,﻿Rev.,﻿Mich. Heiss,,,,,,,,1868,﻿,﻿,﻿Milwaukee,Milwaukee
﻿mil.wi.0166,﻿church,﻿St. John's,English,,,,﻿Grant County,﻿Grant County,﻿Patchgrove,﻿Patch Grove,﻿WI,,42.940289,-90.974463,﻿mil.wi.0040,﻿Visited by Rev. N. Maes,,﻿n_maes_001,﻿Rev.,﻿N. Maes,,,,,,,,1868,﻿,﻿,﻿Milwaukee,Milwaukee
﻿mil.wi.0167,﻿church,﻿St. Salvador's,English,,,,﻿Dane County,﻿Dane County,﻿Perry,﻿Perry,﻿WI,,42.916955,-89.385547,﻿mil.wi.0051,﻿Visited by J. Hamm,,﻿j_hamm_001,﻿Rev.,﻿J. Hamm,,,,,,,,1868,﻿,﻿,﻿Milwaukee,Milwaukee
﻿gre.wi.0067,﻿church,﻿Assumption B.V.M.,English,,,,﻿Oconto County,,﻿Peshtigo,,﻿WI,,45.052841,-87.758643,,,,﻿l_mazeaud_001,﻿Rev.,﻿L. Mazeaud,,,,,,,,1868,﻿,﻿,﻿Milwaukee,Milwaukee
﻿mil.wi.0168,﻿church,﻿SS. Peter and Paul's,English,,,,﻿Waukesha County,﻿Waukesha County,﻿Pewaukee,﻿Pewaukee,﻿WI,,43.065463,-88.205804,﻿mil.wi.0211,﻿Attended by Rev. P. Deberge,,﻿p_deberge_001,﻿Rev.,﻿P. Deberge,,,,,,,,1868,﻿,﻿,﻿Milwaukee,Milwaukee
﻿mil.wi.0169,﻿church,﻿St. Bernard's,English,,,,﻿Dane County,﻿Dane County,﻿Piola,﻿Paoli,﻿WI,,42.929444,-89.523732,﻿mil.wi.0129,﻿Attended by Rev. M. Obermueller,,﻿m_obermueller_001,﻿Rev.,﻿M. Obermueller,,,,,,,,1868,﻿,﻿,﻿Milwaukee,Milwaukee
﻿lac.wi.0107,﻿church,﻿St. Columba's,English,,,,﻿Jackson County,,﻿Pine Hill,,﻿WI,,,,﻿lac.wi.0001,﻿Attended by Rev. M. Marco,,﻿m_m_marco_001,﻿Rev.,﻿M. Marco,,,,,,,,1868,﻿,﻿,﻿Milwaukee,Milwaukee
﻿mil.wi.0170,﻿church,﻿St. Mary's,English,,,,﻿Grant County,﻿Grant County,﻿Platteville,﻿Platteville,﻿WI,,42.737178,-90.47859,,,,﻿m_j_joerger_001,﻿Rev.,﻿M. J. Joerger,,,,,,,,1868,﻿,﻿,﻿Milwaukee,Milwaukee
﻿mil.wi.0171,﻿church,﻿St. John's,English,,,,﻿Sheboygan County,﻿Sheboygan County,﻿Plymouth,﻿Plymouth,﻿WI,,43.749426,-87.977756,﻿mil.wi.0193,﻿Visited by Rev. M. Haider,,﻿m_haider_001,﻿Rev.,﻿M. Haider,,,,,,,,1868,﻿,﻿,﻿Milwaukee,Milwaukee
﻿gre.wi.0027,﻿church,﻿St. Mary's Immaculate Conception,English,,,,﻿Columbia County,﻿Columbia County,﻿Portage City,﻿Portage,﻿WI,,43.538915,-89.464551,,,,﻿tho_keenan_001,﻿Rev.,﻿Thos. Keenan,,,,,,,,1868,﻿,﻿,﻿Milwaukee,Milwaukee
﻿mil.wi.0172,﻿church,﻿St. Mary's,English,,,,﻿Ozaukee County,﻿Ozaukee County,﻿Port Washington,﻿Port Washington,﻿WI,,43.391873,-87.868991,,,,﻿a_durst_001,﻿Rev.,﻿A. Durst,,,,,,,,1868,﻿,﻿,﻿Milwaukee,Milwaukee
﻿mil.wi.0173,﻿church,﻿St. Thomas',English,,,,﻿Grant County,﻿Grant County,﻿Potosi,﻿Potosi,﻿WI,,42.686562,-90.714447,,,,﻿h_j_albers_001,﻿Rev.,﻿H. J. Albers,,,,,,,,1868,﻿,﻿,﻿Milwaukee,Milwaukee
﻿mil.wi.0174,﻿church,﻿St. Andrew's,﻿German,﻿vacant,,,﻿Grant County,﻿Grant County,﻿Potosi,﻿Potosi,﻿WI,,42.689439,-90.712071,,,,,,,,,,,,,,1868,﻿,﻿,﻿Milwaukee,Milwaukee
﻿mil.wi.0175,﻿church,﻿St. Michael's,English,,,,﻿Rock County,,﻿Pottertown,,﻿WI,,42.817871,-89.180321,,,,﻿j_j_murphy_001,﻿Rev.,﻿J. J. Murphy,,,,,,,,1868,﻿,﻿,﻿Milwaukee,Milwaukee
﻿mil.wi.0364,﻿church,﻿St. Thomas',English,,,,﻿Winnebago County,,﻿Poygan,,﻿WI,,44.10084,-88.79507,﻿mil.wi.0183,﻿Visited by Rev. E. Gray,,﻿e_gray_001,﻿Rev.,﻿E. Gray,,,,,,,,1868,﻿,﻿,﻿Milwaukee,Milwaukee
﻿mil.wi.0365,﻿church,﻿St. Joseph's,﻿Polish,,,,﻿Portage County,,﻿Prairie,,﻿WI,,,,,,,﻿th_weglikowski_001,﻿Rev.,﻿Theod. Weglikowski,,,,,,,,1868,﻿,﻿,﻿Milwaukee,Milwaukee
﻿mil.wi.0366,﻿church,﻿St. Martin's,English,,,,﻿Portage County,,﻿Prairie,,﻿WI,,,,﻿gre.wi.0031,﻿Attended by Rev. M. Schwebach,,﻿m_schwebach_001,﻿Rev.,﻿M. Schwebach,,,,,,,,1868,﻿,﻿,﻿Milwaukee,Milwaukee
﻿lac.wi.0019,﻿church,﻿St. Gabriel's,English,,,,﻿Crawford County,﻿Crawford County,﻿Prairie du Chien,﻿Prairie du Chien,﻿WI,,43.058349,-91.146135,,,,﻿l_lux_001,﻿Rev.,﻿L. Lux,,,,,,,,1868,﻿,﻿,﻿Milwaukee,Milwaukee
﻿mil.wi.0367,﻿church,﻿Holy Martyrs of Gorcum,English,,,,﻿Brown County,,﻿Preble Town,﻿Preble,﻿WI,,44.48669,-87.90752,﻿gre.wi.0033,"﻿Attended by Rev. E. Daems, O.S.C.",,﻿edw_daems_001,﻿Rev.,﻿E. Daems,﻿O.S.C.,,,,,,,1868,﻿,﻿,﻿Milwaukee,Milwaukee
﻿mil.wi.0176,﻿church,﻿St. Patrick's,English,,,,﻿Racine County,﻿Racine County,﻿Racine,﻿Racine,﻿WI,,42.734386,-87.787466,,,,﻿g_w_matthews_001,﻿Rev.,﻿G. W. Matthews,,,,,,,,1868,﻿,﻿,﻿Milwaukee,Milwaukee
﻿mil.wi.0177,﻿church,﻿St. Mary's,﻿German,,,,﻿Racine County,﻿Racine County,﻿Racine,﻿Racine,﻿WI,,42.724484,-87.78494,,,,﻿fra_etschmann_001,﻿Rev.,﻿F. Etschman,,,,,,,,1868,﻿,﻿,﻿Milwaukee,Milwaukee
﻿mil.wi.0368,﻿church,﻿St. Odilia's,English,,,,﻿Door County,﻿Kewaunee County,﻿Red River,,﻿WI,,44.6325,-87.702222,﻿gre.wi.0029,﻿Attended by Rev. Ph. Crud,,﻿phi_crud_002,﻿Rev.,﻿Ph. Crud,,,,,,,,1868,﻿,﻿,﻿Milwaukee,Milwaukee
﻿mil.wi.0178,﻿church,﻿St. Hubert's,English,,,,﻿Washington County,﻿Washington County,﻿Richfield,﻿Richfield,﻿WI,,43.232498,-88.215765,﻿mil.wi.0088,﻿Attended by Rev. J. Gumber,,﻿j_gamber_001,﻿Rev.,﻿J. Gumber,,,,,,,,1868,﻿,﻿,﻿Milwaukee,Milwaukee
﻿mil.wi.0179,﻿church,﻿Holy Maternity,English,,,,﻿Washington County,﻿Washington County,﻿Richfield,﻿Richfield,﻿WI,,43.25622,-88.194365,﻿mil.wi.0088,﻿Attended by Rev. J. Gumber,,﻿j_gamber_001,﻿Rev.,﻿J. Gumber,,,,,,,,1868,﻿,﻿,﻿Milwaukee,Milwaukee
﻿mil.wi.0180,﻿church,﻿St. Augustine's,English,,,,﻿Washington County,﻿Washington County,﻿Richfield,﻿Richfield,﻿WI,,43.219106,-88.226643,﻿mil.wi.0088,﻿Attended by Rev. J. Gumber,,﻿j_gamber_001,﻿Rev.,﻿J. Gumber,,,,,,,,1868,﻿,﻿,﻿Milwaukee,Milwaukee
﻿mil.wi.0181,﻿church,﻿St. Joseph's,English,,,,﻿Jefferson County,﻿Dodge County,﻿Richwood,﻿Richwood,﻿WI,,43.241389,-88.783056,,,,﻿h_roche_001,﻿Rev.,﻿H. Roche,,,,,,,,1868,﻿,﻿,﻿Milwaukee,Milwaukee
﻿lac.wi.0108,﻿church,﻿St. Finnbarr's,English,,,,﻿Monroe County,,﻿Ridgeville,,﻿WI,,43.840556,-90.587778,﻿lac.wi.0014,﻿Attended by Rev. N. Stehle,,﻿n_stehle_001,﻿Rev.,﻿N. Stehle,,,,,,,,1868,﻿,﻿,﻿Milwaukee,Milwaukee
﻿mil.wi.0182,﻿church,﻿St. Bridget's,English,,,,﻿Iowa County,﻿Iowa County,﻿Ridgeway,﻿Ridgeway,﻿WI,,42.997718,-89.995869,﻿mil.wi.0142,﻿Attended by F. McGann,,﻿f_mcgann_001,﻿Rev.,﻿F. McGann,,,,,,,,1868,﻿,﻿,﻿Milwaukee,Milwaukee
﻿mil.wi.0183,﻿church,﻿St. Patrick's,English,,,,﻿Fond du Lac County,﻿Fond du Lac County,﻿Ripon,﻿Ripon,﻿WI,,43.784721,-88.446755,,,,﻿e_gray_001,﻿Rev.,﻿E. Gray,,,,,,,,1868,﻿,﻿,﻿Milwaukee,Milwaukee
﻿gre.wi.0029,﻿church,﻿St. Joseph's,English,,,,﻿Brown County,﻿Brown County,﻿Robinsonville,﻿Champion,﻿WI,,44.482213,-88.012871,,,,﻿phi_crud_002,﻿Rev.,﻿Ph. Crud,,,,,,,,1868,﻿,﻿,﻿Milwaukee,Milwaukee
﻿mil.wi.0369,﻿church,﻿St. Hubert's,English,,,,﻿Door County,,﻿Rosiere,,﻿WI,,44.675611,-87.613598,﻿gre.wi.0033,"﻿Attended by Rev. A. Daems, O.S.C.",,﻿a_daems_001,﻿Rev.,﻿A. Daems,﻿O.S.C.,,,,,,,1868,﻿,﻿,﻿Milwaukee,Milwaukee
﻿mil.wi.0184,﻿church,﻿St. Norbert's,English,,,,﻿Dane County,﻿Dane County,﻿Roxbury,﻿Roxbury,﻿WI,,43.250644,-89.677281,,,,﻿a_inama_001,﻿Rev.,﻿A. Inama,﻿O. Praem,,,,,,,1868,﻿,﻿,﻿Milwaukee,Milwaukee
﻿mil.wi.0185,﻿church,﻿St. Andrew's,English,,,,﻿Sheboygan County,﻿Sheboygan County,﻿Rhine,﻿Rhine,﻿WI,,43.816254,-88.007253,﻿mil.wi.0193,﻿Attended by Rev. M. Haider,,﻿m_haider_001,﻿Rev.,﻿M. Haider,,,,,,,,1868,﻿,﻿,﻿Milwaukee,Milwaukee
﻿lac.wi.0109,﻿church,﻿St. Patrick's,English,,,,﻿Monroe County,,﻿Sparta,,﻿WI,,43.938363,-90.800707,﻿lac.wi.0001,﻿Attended by Rev. M. M. Marco,,﻿m_m_marco_001,﻿Rev.,﻿M. M. Marco,,,,,,,,1868,﻿,﻿,﻿Milwaukee,Milwaukee
﻿mil.wi.0187,﻿church,﻿St. Martin's,English,,,,﻿Dane County,﻿Dane County,﻿Springfield,﻿Springfield,﻿WI,,43.180678,-89.589689,,,,﻿f_fastera_001,﻿Rev.,﻿F. Fastera,,,,,,,,1868,﻿,﻿,﻿Milwaukee,Milwaukee
﻿mil.wi.0188,﻿church,﻿St. Peter's,English,,,,﻿Dane County,﻿Dane County,﻿Springfield,﻿Springfield,﻿WI,,43.139502,-89.540955,,,,﻿f_fastera_001,﻿Rev.,﻿F. Fastera,,,,,,,,1868,﻿,﻿,﻿Milwaukee,Milwaukee
﻿lac.wi.0021,﻿church,﻿St. Aloysius',English,,,,﻿Sauk County,﻿Sauk County,﻿Sauk City,﻿Sauk City,﻿WI,,43.28139,-89.725801,,,,﻿f_x_sailer_001,﻿Rev.,﻿F. X. Sailer,,,,,,,,1868,﻿,﻿,﻿Milwaukee,Milwaukee
﻿mil.wi.0189,﻿church,"﻿St. Mary's, Immaculate Conception",English,,,,﻿Ozaukee County,﻿Ozaukee County,﻿Saukville,﻿Saukville,﻿WI,,43.380143,-87.94336,,,,﻿geo_strickner_001,﻿Rev.,﻿George Strickner,,,,,,,,1868,﻿,﻿,﻿Milwaukee,Milwaukee
﻿mil.wi.0190,﻿church,﻿St. Finbar's,English,,,,﻿Ozaukee County,﻿Ozaukee County,﻿Saukville,﻿Saukville,﻿WI,,43.441187,-88.000675,﻿mil.wi.0152,﻿Attended from Newburgh,,,,,,,,,,,,1868,﻿,﻿,﻿Milwaukee,Milwaukee
﻿mil.wi.0191,﻿church,﻿St. Peter's,English,,,,﻿Washington County,﻿Washington County,﻿Shleisingerville,﻿Slinger,﻿WI,,43.333613,-88.286206,﻿mil.wi.0098,﻿Attended by Rev. M. Weiss,,﻿m_weiss_001,﻿Rev.,﻿M. Weiss,,,,,,,,1868,﻿,﻿,﻿Milwaukee,Milwaukee
﻿mil.wi.0370,﻿church,﻿St. Peter's,English,,,,﻿Manitowoc County,﻿Manitowoc County,﻿Schleswig,,﻿WI,,43.930278,-87.985556,﻿mil.wi.0107,﻿Attended by Rev. H. Behrns,,﻿h_behrns_001,﻿Rev.,﻿H. Behrns,,,,,,,,1868,﻿,﻿,﻿Milwaukee,Milwaukee
﻿lac.wi.0110,﻿church,﻿St. Mark's,English,,,,﻿Crawford County,,﻿Seneca,,﻿WI,,43.222544,-90.945191,﻿lac.wi.0113,﻿Attended by Rev. P. Murphy,,﻿p_murphy_004,﻿Rev.,﻿P. Murphy,,,,,,,,1868,﻿,﻿,﻿Milwaukee,Milwaukee
﻿mil.wi.0193,﻿church,﻿St. Magdalene's,English,,,,﻿Sheboygan County,﻿Sheboygan County,﻿Sheboygan,﻿Sheboygan,﻿WI,,43.760482,-87.71347,,,,﻿m_haider_001,﻿Rev.,﻿M. Haider,,,,,,,,1868,﻿,﻿,﻿Milwaukee,Milwaukee
﻿mil.wi.0194,﻿church,﻿St. Mary's,English,,,,﻿Sheboygan County,﻿Sheboygan County,﻿Silver Creek,﻿Sherman,﻿WI,,43.600762,-87.992268,﻿mil.wi.0039,﻿Attended by Rev. H. McMahon,,﻿hug_mcmahon_001,﻿Rev.,﻿H. McMahon,,,,,,,,1868,﻿,﻿,﻿Milwaukee,Milwaukee
﻿mil.wi.0195,﻿church,﻿St. Dominic's,English,,,,﻿Grant County,﻿Grant County,﻿Sinsinawa,﻿Sinsinawa,﻿WI,,42.520811,-90.53856,,,,﻿l_fortune_001,﻿Rev.,﻿L. Fortune,﻿O.P.,,,,,,,1868,﻿,﻿,﻿Milwaukee,Milwaukee
﻿mil.wi.0196,﻿church,﻿St. Matthew's,English,,,,﻿Lafayette County,﻿Lafayette County,﻿Shullsburgh,﻿Shullsburg,﻿WI,,42.574395,-90.230549,,,,﻿j_j_kinsella_001,﻿Rev.,﻿J. J. Kinsella,,,,,,,,1868,﻿,﻿,﻿Milwaukee,Milwaukee
﻿mil.wi.0371,﻿church,﻿St. Peter's,English,,,,﻿Outagamie County,,﻿Snydersville,﻿Sniderville,﻿WI,,44.335706,-88.203726,﻿gre.wi.0017,﻿Attended by Rev. A. J. Verberk,,﻿a_j_verberk_001,﻿Rev.,﻿A. J. Verberk,,,,,,,,1868,﻿,﻿,﻿Milwaukee,Milwaukee
﻿lac.wi.0111,﻿church,﻿St. Vincent de Paul's,English,,,,﻿St. Croix County,,﻿Somerset,,﻿WI,,45.14552,-92.738987,﻿lac.wi.0013,﻿Attended by Rev. S. Seif,,﻿s_seif_001,﻿Rev.,﻿S. Seif,,,,,,,,1868,﻿,﻿,﻿Milwaukee,Milwaukee
﻿mil.wi.0197,﻿church,﻿Holy Mary of Help,English,,,,﻿Fond du Lac County,﻿Fond du Lac County,﻿Springvale,﻿Springvale,﻿WI,,43.764244,-88.691631,﻿mil.wi.0210,﻿Visited by Rev. G. L. Willard,,﻿g_l_willard_001,﻿Rev.,﻿G. L. Willard,,,,,,,,1868,﻿,﻿,﻿Milwaukee,Milwaukee
﻿gre.wi.0031,﻿church,﻿St. Stephen's,English,,,,﻿Portage County,﻿Portage County,﻿Stevens' Point,﻿Stevens Point,﻿WI,,44.527046,-89.553282,,,,﻿m_schwebach_001,﻿Rev.,﻿M. Schwebach,,,,,,,,1868,﻿,﻿,﻿Milwaukee,Milwaukee
﻿mil.wi.0372,﻿church,﻿St. Catharine's,English,,,,﻿Calumet County,,﻿Stockbridge,,﻿WI,,44.06,-88.282778,﻿gre.wi.0008,﻿Visited by Rev. Charles Shraudenback,,﻿cha_shraudenback_001,﻿Rev.,﻿Charles Shraudenback,,,,,,,,1868,﻿,﻿,﻿Milwaukee,Milwaukee
﻿mil.wi.0373,﻿church,﻿St. Elizabeth's,English,,,,﻿Calumet County,,﻿Stockbridge,,﻿WI,,44.06,-88.282778,﻿gre.wi.0008,﻿Attended by Rev. Charles Shraudenback,,﻿cha_shraudenback_001,﻿Rev.,﻿Charles Shraudenback,,,,,,,,1868,﻿,﻿,﻿Milwaukee,Milwaukee
﻿mil.wi.0198,﻿church,﻿St. Joseph's,English,,,,﻿Dane County,﻿Dane County,﻿Sun Prairie,﻿Sun Prairie,﻿WI,,43.267928,-89.153749,,﻿Attended by Rev. A. Faeckler,,﻿a_faeckler_001,﻿Rev.,﻿A. Faeckler,,,,,,,,1868,﻿,﻿,﻿Milwaukee,Milwaukee
﻿mil.wi.0199,﻿church,﻿Sacred Hearts of Jesus and Mary,English,,,,﻿Dane County,﻿Dane County,﻿Sun Prairie,﻿Sun Prairie,﻿WI,,43.186216,-89.210166,,﻿Attended by Rev. A. Faeckler,,﻿a_faeckler_001,﻿Rev.,﻿A. Faeckler,,,,,,,,1868,﻿,﻿,﻿Milwaukee,Milwaukee
﻿mil.wi.0200,﻿church,﻿St. John the Baptist's,English,,,,﻿Fond du Lac County,﻿Fond du Lac County,﻿Taycheda,﻿Taycheeda,﻿WI,,43.808879,-88.395106,,,,﻿a_kieser_001,﻿Rev.,﻿A. Kieser,,,,,,,,1868,﻿,﻿,﻿Milwaukee,Milwaukee
﻿mil.wi.0201,﻿church,﻿St. Peter's,English,,,,﻿Fond du Lac County,﻿Fond du Lac County,﻿Taycheda,﻿Taycheeda,﻿WI,,43.808879,-88.395106,﻿mil.wi.0257,﻿Attended from Calvary,,,,,,,,,,,,1868,﻿,﻿,﻿Milwaukee,Milwaukee
﻿mil.wi.0202,﻿church,﻿St. Theresa's,English,,,,﻿Dodge County,﻿Dodge County,﻿Teresa,﻿Theresa,﻿WI,,43.51810698,-88.45321523,,,,﻿f_jansen_001,﻿Rev.,﻿F. Jansen,,,,,,,,1868,﻿,﻿,﻿Milwaukee,Milwaukee
﻿lac.wi.0022,﻿church,﻿St. Wenceslaus',﻿Polish,,,,﻿Trempeleau County,﻿Trempeleau County,﻿Trempeleau,﻿Trempeleau,﻿WI,,44.005519,-91.442088,,,,﻿flo_zadziorski_001,﻿Rev.,﻿Flo. Zadziorski,﻿O.M.C.,,,,,,,1868,﻿,﻿,﻿Milwaukee,Milwaukee
﻿gre.wi.0032,﻿church,﻿St. Luke's,﻿vacant,,,,﻿Manitowoc County,﻿Manitowoc County,﻿Two Rivers,﻿Two Rivers,﻿WI,,44.149952,-87.567108,,,,,,,,,,,,,,1868,﻿,﻿,﻿Milwaukee,Milwaukee
﻿lac.wi.0112,﻿church,﻿St. Theresa's,English,,,,﻿Juneau County,,﻿Union Centre,,﻿WI,,43.682903,-90.262548,﻿mil.wi.0359,﻿Attended by Rev. P. Lavin,,﻿pet_lavin_002,﻿Rev.,﻿P. Lavin,,,,,,,,1868,﻿,﻿,﻿Milwaukee,Milwaukee
﻿lac.wi.0113,﻿church,﻿St. James',English,,,,﻿Crawford County,,﻿Utica,,﻿WI,,43.41151,-90.956867,,,,﻿p_murphy_004,﻿Rev.,﻿P. Murphy,,,,,,,,1868,﻿,﻿,﻿Milwaukee,Milwaukee
﻿mil.wi.0203,﻿church,﻿St. Simon's,English,,,,﻿Dane County,﻿Dane County,﻿Vermont,﻿Vermont,﻿WI,,43.077571,-89.794289,﻿mil.wi.0148,﻿Attended by Rev. L. Kenny,,﻿l_kenny_001,﻿Rev.,﻿L. Kenny,,,,,,,,1868,﻿,﻿,﻿Milwaukee,Milwaukee
﻿mil.wi.0204,﻿church,﻿St. Margaret's,English,,,,﻿Dane County,﻿Dane County,﻿Vienna,﻿Vienna,﻿WI,,43.018607,-89.549763,﻿mil.wi.0128,﻿Attended from Madison,,,,,,,,,,,,1868,﻿,﻿,﻿Milwaukee,Milwaukee
﻿mil.wi.0205,﻿church,﻿St. Philomena's,English,,,,﻿La Fayette County,﻿Lafayette County,﻿Viota,﻿Viota,﻿WI,,42.437323,-74.521815,﻿mil.wi.0053,﻿Attended from Darlington,,,,,,,,,,,,1868,﻿,﻿,﻿Milwaukee,Milwaukee
﻿mil.wi.0206,﻿church,﻿St. Thomas Aquinas',English,,,,﻿Racine County,﻿Racine County,﻿Waterford,﻿Waterford,﻿WI,,42.760776,-88.212041,,,,﻿cha_exel_001,﻿Rev.,﻿Charles Exel,,,,,,,,1868,﻿,﻿,﻿Milwaukee,Milwaukee
﻿mil.wi.0207,﻿church,﻿St. Wenceslaus',English,,,,﻿Jefferson County,﻿Jefferson County,﻿Waterloo,﻿Waterloo,﻿WI,,43.161085,-88.921266,﻿mil.wi.0112,﻿Attended by Rev. A. Sigg,,﻿alo_sigg_001,﻿Rev.,﻿A. Sigg,,,,,,,,1868,﻿,﻿,﻿Milwaukee,Milwaukee
﻿mil.wi.0208,﻿church,﻿St. Bernard's,English,,,,﻿Jefferson County,﻿Jefferson County,﻿Watertown,﻿Watertown,﻿WI,,43.193918,-88.729292,,,,﻿j_w_norris_001,﻿Rev. Dr.,﻿J. W. Norris,,,,,,,,1868,﻿,﻿,﻿Milwaukee,Milwaukee
﻿mil.wi.0208,﻿church,﻿St. Bernard's,English,,,,﻿Jefferson County,﻿Jefferson County,﻿Watertown,﻿Watertown,﻿WI,,43.193918,-88.729292,,,,﻿tho_p_hodnett_001,﻿Rev.,﻿Thomas Hodnett,,﻿assistant,,,,,,1868,﻿,﻿,﻿Milwaukee,Milwaukee
﻿mil.wi.0209,﻿church,﻿St. Henry's,﻿German,,,,﻿Jefferson County,﻿Jefferson County,﻿Watertown,﻿Watertown,﻿WI,,43.196569,-88.720928,,,,﻿w_bernard_001,﻿Rev.,﻿W. Bernard,,,,,,,,1868,﻿,﻿,﻿Milwaukee,Milwaukee
﻿mil.wi.0210,﻿church,﻿St. Joseph's,English,,,,﻿Dodge County,﻿Dodge County,﻿Waupun,﻿Waupun,﻿WI,,43.633481,-88.737722,,,,﻿g_l_willard_001,﻿Rev.,﻿G. L. Willard,,,,,,,,1868,﻿,﻿,﻿Milwaukee,Milwaukee
﻿mil.wi.0211,﻿church,﻿St. Joseph's,English,,,,﻿Waukesha County,﻿Waukesha County,﻿Waukesha,﻿Waukesha,﻿WI,,43.011854,-88.226756,,,,﻿f_deberge_001,﻿Rev.,﻿F. Deberge,,,,,,,,1868,﻿,﻿,﻿Milwaukee,Milwaukee
﻿gre.wi.0072,﻿church,﻿St. Peter's,English,,,,﻿Marathon County,,﻿Wausau,,﻿WI,,44.95,-89.633333,﻿lac.wi.0017,﻿Attended by Rev. J. Ch. Haengen,,﻿j_hængen_001,﻿Rev.,﻿J. Ch. Haengen,,,,,,,,1868,﻿,﻿,﻿Milwaukee,Milwaukee
﻿mil.wi.0212,﻿church,﻿Holy Angels,English,,,,﻿Washington County,﻿Washington County,﻿West-Bend,﻿West Bend,﻿WI,,43.423965,-88.186686,,,,﻿j_reindl_001,﻿Rev.,﻿J. Reindl,,,,,,,,1868,﻿,﻿,﻿Milwaukee,Milwaukee
﻿mil.wi.0213,﻿church,﻿St. Mathias',English,,,,﻿Washington County,﻿Washington County,﻿West-Bend,﻿West Bend,﻿WI,,43.420725,-88.271444,﻿mil.wi.0098,﻿Visited by M. Weiss,,﻿m_weiss_001,﻿Rev.,﻿M. Weiss,,,,,,,,1868,﻿,﻿,﻿Milwaukee,Milwaukee
﻿lac.wi.0114,﻿church,﻿St. Alphonsus',English,,,,﻿Sauk County,,﻿Westfield,,﻿WI,,43.437776,-90.003185,﻿mil.wi.0172,﻿Visited by Rev. A. Durst,,﻿a_durst_001,﻿Rev.,﻿A. Durst,,,,,,,,1868,﻿,﻿,﻿Milwaukee,Milwaukee
﻿mil.wi.0216,﻿church,﻿St. Patrick's,English,,,,﻿Iowa County,﻿Iowa County,﻿Walwick,﻿Waldwick,﻿WI,,42.825555,-90.039847,﻿mil.wi.0142,﻿Attended by Rev. F. McGann,,﻿f_mcgann_001,﻿Rev.,﻿F. McGann,,,,,,,,1868,﻿,﻿,﻿Milwaukee,Milwaukee
﻿mil.wi.0217,﻿church,﻿St. Alphonsus',English,,,,﻿Kenosha County,﻿Kenosha County,﻿Wheatland,﻿Wheatland,﻿WI,,42.580476,-88.226719,,,,﻿f_deipenbrack_001,﻿Rev.,﻿F. Deipenbrack,,,,,,,,1868,﻿,﻿,﻿Milwaukee,Milwaukee
﻿gre.wi.0033,﻿church,﻿Invention of Holy Cross,English,,,,﻿Brown County,﻿Brown County,﻿Wequiock,﻿Wequiock,﻿WI,,44.553625,-87.889262,,,,﻿edw_daems_001,﻿Rev.,﻿E. Daems,﻿O.S.C.,,,,,,,1868,﻿,﻿,﻿Milwaukee,Milwaukee
﻿mil.wi.0218,﻿church,﻿St. Patrick's,English,,,,﻿Walworth County,﻿Walworth County,﻿Whitewater,﻿Whitewater,﻿WI,,42.833958,-88.753497,,,,﻿r_dunphy_001,﻿Rev.,﻿R. Dumphy,,,,,,,,1868,﻿,﻿,﻿Milwaukee,Milwaukee
﻿mil.wi.0219,﻿church,﻿Holy Assumption,English,,,,﻿Lafayette County,﻿Lafayette County,﻿Willow Springs,﻿Willow Springs,﻿WI,,42.748242,-90.131799,﻿mil.wi.0053,﻿Attended by Rev. E. M. McGinnity,,﻿e_m_mcginnity_001,﻿Rev.,﻿E. M. McGinnity,,,,,,,,1868,﻿,﻿,﻿Milwaukee,Milwaukee
﻿mil.wi.0220,﻿church,﻿Holy Name of Jesus,English,,,,﻿Kenosha County,﻿Kenosha County,﻿Wilmot,﻿Wilmont,﻿WI,,42.513043,-88.182513,,﻿Attended by Rev. F. Diepenbrack,,,,,,,,,,,,1868,﻿,﻿,﻿Milwaukee,Milwaukee
﻿mil.wi.0221,﻿church,﻿St. George's,English,,,,﻿Sheboygan County,﻿Sheboygan County,﻿Wilson,﻿Wilson,﻿WI,,43.669865,-87.799943,,,,﻿m_seibold_001,﻿Rev.,﻿M. Seibold,,,,,,,,1868,﻿,﻿,﻿Milwaukee,Milwaukee
﻿mil.wi.0222,﻿church,﻿St. Mary's Annunciation,English,,,,﻿Dodge County,﻿Dodge County,﻿Woodland,﻿Woodland,﻿WI,,43.377519,-88.521188,﻿mil.wi.0150,﻿Attended from Neosho,,,,,,,,,,,,1868,﻿,﻿,﻿Milwaukee,Milwaukee
﻿mil.wi.0375,﻿church,﻿St. John the Baptist's,English,,,,﻿Calumet County,,﻿Woodville,,﻿WI,,44.169052,-88.203972,﻿mil.wi.0346,"﻿Visited by Rev. Bonavent de Goy, O.M.C.",,﻿bon_de-goy_001,﻿Rev.,﻿Bonaent de Goy,﻿O.M.C.,,,,,,,1868,﻿,﻿,﻿Milwaukee,Milwaukee
﻿mil.wi.0376,﻿church,﻿St. Boniface's,English,,,,﻿Buffalo County,,﻿Woumadee,﻿Waumandee,﻿WI,,44.301702,-91.706978,﻿lac.wi.0012,﻿Attended by Rev. L. Spitlberger,,﻿l_spitzelberger_001,﻿Rev.,﻿L. Spitlberger,,,,,,,,1868,﻿,﻿,﻿Milwaukee,Milwaukee
﻿mil.wi.0223,﻿church,﻿St. Augustine's,English,,,,﻿Columbia County,﻿Columbia County,﻿Wyosina,﻿Wyocena,﻿WI,,43.495817,-89.308451,,,,﻿e_mcguirk_001,﻿Rev.,﻿E. McGuirk,,,,,,,,1868,﻿,﻿,﻿Milwaukee,Milwaukee
﻿mil.wi.0214,﻿church,﻿St. Mary's of the Lake,English,,,,﻿Dane County,﻿Dane County,﻿Westport,﻿Westport,﻿WI,,43.018607,-89.549763,,,,﻿tho_carry_001,﻿Rev.,﻿Thomas Carry,,,,,,,,1868,﻿,﻿,﻿Milwaukee,Milwaukee
﻿lac.wi.0115,﻿station,[Unnamed Institution],English,,,,﻿Adams County,,﻿Neery,,﻿WI,,,,,,,,,,,,,,,,,1868,﻿,﻿,﻿Milwaukee,Milwaukee
﻿lac.wi.0116,﻿station,[Unnamed Institution],English,,,,﻿Adams County,,﻿Prairie,﻿Dell Prairie,﻿WI,,43.685278,-89.770556,,,,,,,,,,,,,,1868,﻿,﻿,﻿Milwaukee,Milwaukee
﻿lac.wi.0117,﻿station,[Unnamed Institution],English,,,,﻿Adams County,,﻿Quincy,,﻿WI,,43.876389,-89.956111,,,,,,,,,,,,,,1868,﻿,﻿,﻿Milwaukee,Milwaukee
﻿lac.wi.0118,﻿station,[Unnamed Institution],English,,,,﻿Adams County,,﻿Wardelah,,﻿WI,,,,,,,,,,,,,,,,,1868,﻿,﻿,﻿Milwaukee,Milwaukee
﻿lac.wi.0119,﻿station,[Unnamed Institution],English,,,,﻿Bad Axe County,﻿Vernon County,﻿Morrison,,﻿WI,,,,,,,,,,,,,,,,,1868,﻿,﻿,﻿Milwaukee,Milwaukee
﻿lac.wi.0120,﻿station,[Unnamed Institution],English,,,,﻿Bad Axe County,﻿Vernon County,﻿Wrightstown,,﻿WI,,,,,,,,,,,,,,,,,1868,﻿,﻿,﻿Milwaukee,Milwaukee
﻿mil.wi.0377,﻿station,[Unnamed Institution],English,,,,﻿Brown County,,﻿Bad Axe,,﻿WI,,,,,,,,,,,,,,,,,1868,﻿,﻿,﻿Milwaukee,Milwaukee
﻿mil.wi.0378,﻿station,[Unnamed Institution],English,,,,﻿Brown County,,﻿De Bellau,,﻿WI,,,,,,,,,,,,,,,,,1868,﻿,﻿,﻿Milwaukee,Milwaukee
﻿mil.wi.0379,﻿station,[Unnamed Institution],English,,,,﻿Brown County,,﻿Pine River,,﻿WI,,,,,,,,,,,,,,,,,1868,﻿,﻿,﻿Milwaukee,Milwaukee
﻿lac.wi.0025,﻿station,[Unnamed Institution],English,,,,﻿Buffalo County,,﻿Buffalo City,﻿Buffalo City,﻿WI,,44.230564,-91.863468,,,,,,,,,,,,,,1868,﻿,﻿,﻿Milwaukee,Milwaukee
﻿lac.wi.0121,﻿station,[Unnamed Institution],English,,,,﻿Buffalo County,,﻿Nelson,,﻿WI,,44.456944,-91.973889,,,,,,,,,,,,,,1868,﻿,﻿,﻿Milwaukee,Milwaukee
﻿lac.wi.0122,﻿station,[Unnamed Institution],English,,,,﻿Buffalo County,,﻿Little Waumadee,,﻿WI,,44.303056,-91.705833,,,,,,,,,,,,,,1868,﻿,﻿,﻿Milwaukee,Milwaukee
﻿lac.wi.0123,﻿station,[Unnamed Institution],English,,,,﻿Buffalo County,,﻿Mandara,,﻿WI,,,,,,,,,,,,,,,,,1868,﻿,﻿,﻿Milwaukee,Milwaukee
﻿lac.wi.0024,﻿station,[Unnamed Institution],English,,,,﻿Buffalo County,,﻿Alma,,﻿WI,,44.321587,-91.914457,,,,,,,,,,,,,,1868,﻿,﻿,﻿Milwaukee,Milwaukee
﻿lac.wi.0026,﻿station,[Unnamed Institution],English,,,,﻿Chippewa County,,﻿Brush Prairie,﻿Bloomer,﻿WI,,45.120908,-91.421051,,,,,,,,,,,,,,1868,﻿,﻿,﻿Milwaukee,Milwaukee
﻿lac.wi.0124,﻿station,[Unnamed Institution],English,,,,﻿Chippewa County,,﻿Courtes Oreilles,,﻿WI,,45.883056,-91.320278,,,,,,,,,,,,,,1868,﻿,﻿,﻿Milwaukee,Milwaukee
﻿lac.wi.0063,﻿station,[Unnamed Institution],English,,,,﻿Chippewa County,,﻿Flambeau,﻿Holocombe,﻿WI,,45.262041,-91.16075,,,,,,,,,,,,,,1868,﻿,﻿,﻿Milwaukee,Milwaukee
﻿lac.wi.0125,﻿station,[Unnamed Institution],English,,,,﻿Chippewa County,,﻿Springfield,,﻿WI,,44.980833,-92.186389,,,,,,,,,,,,,,1868,﻿,﻿,﻿Milwaukee,Milwaukee
﻿lac.wi.0126,﻿station,[Unnamed Institution],English,,,,﻿Clarke County,,﻿Neilsville,,﻿WI,,44.561111,-90.595833,,,,,,,,,,,,,,1868,﻿,﻿,﻿Milwaukee,Milwaukee
﻿mil.wi.0224,﻿station,[Unnamed Institution],English,,,,﻿Columbia County,﻿Columbia County,﻿Marcello,﻿Marcellon,﻿WI,,43.568594,-89.265672,,,,,,,,,,,,,,1868,﻿,﻿,﻿Milwaukee,Milwaukee
﻿mil.wi.0225,﻿station,[Unnamed Institution],English,,,,﻿Columbia County,﻿Columbia County,﻿Caledonia,﻿Caledonia,﻿WI,,43.463521,-89.53089,,,,,,,,,,,,,,1868,﻿,﻿,﻿Milwaukee,Milwaukee
﻿mil.wi.0226,﻿station,[Unnamed Institution],English,,,,﻿Columbia County,﻿Columbia County,﻿Prairie,﻿Prairie,﻿WI,,43.404663,-89.322695,,,,,,,,,,,,,,1868,﻿,﻿,﻿Milwaukee,Milwaukee
﻿lac.wi.0127,﻿station,[Unnamed Institution],English,,,,﻿Crawford County,,﻿Boydtown Bluffs,,﻿WI,,43.110556,-90.803611,,,,,,,,,,,,,,1868,﻿,﻿,﻿Milwaukee,Milwaukee
﻿mil.wi.0227,﻿station,[Unnamed Institution],English,,,,﻿Dane County,﻿Dane County,﻿Cottage Grove,﻿Cottage Grove,﻿WI,,43.076108,-89.199559,,,,,,,,,,,,,,1868,﻿,﻿,﻿Milwaukee,Milwaukee
﻿mil.wi.0228,﻿station,[Unnamed Institution],English,,,,﻿Dane County,﻿Dane County,﻿Dane,﻿Dane,﻿WI,,43.250547,-89.501509,,,,,,,,,,,,,,1868,﻿,﻿,﻿Milwaukee,Milwaukee
﻿mil.wi.0229,﻿station,[Unnamed Institution],English,,,,﻿Dodge County,﻿Dodge County,﻿Lebanon,﻿Lebanon,﻿WI,,43.255277,-88.626768,,,,,,,,,,,,,,1868,﻿,﻿,﻿Milwaukee,Milwaukee
﻿mil.wi.0230,﻿station,[Unnamed Institution],English,,,,﻿Dodge County,﻿Dodge County,﻿Lamira,﻿Lamira,﻿WI,,43.591382,-88.443713,,,,,,,,,,,,,,1868,﻿,﻿,﻿Milwaukee,Milwaukee
﻿mil.wi.0231,﻿station,[Unnamed Institution],English,,,,﻿Dodge County,﻿Dodge County,﻿Iron Ridge,﻿Iron Ridge,﻿WI,,43.39972,-88.532601,,,,,,,,,,,,,,1868,﻿,﻿,﻿Milwaukee,Milwaukee
﻿mil.wi.0380,﻿station,[Unnamed Institution],English,,,,﻿Door County,,﻿Harbor Island,,﻿WI,,,,,,,,,,,,,,,,,1868,﻿,﻿,﻿Milwaukee,Milwaukee
﻿mil.wi.0381,﻿station,[Unnamed Institution],English,,,,﻿Door County,,﻿Leopold Village,,﻿WI,,,,,,,,,,,,,,,,,1868,﻿,﻿,﻿Milwaukee,Milwaukee
﻿gre.wi.0064,﻿station,[Unnamed Institution],English,,,,﻿Door County,,﻿New-Brussels,﻿Brussels,﻿WI,,44.74844,-87.621873,,,,,,,,,,,,,,1868,﻿,﻿,﻿Milwaukee,Milwaukee
﻿mil.wi.0382,﻿station,[Unnamed Institution],English,,,,﻿Door County,,﻿Potawatamie,,﻿WI,,44.864444,-87.415,,,,,,,,,,,,,,1868,﻿,﻿,﻿Milwaukee,Milwaukee
﻿mil.wi.0383,﻿station,[Unnamed Institution],English,,,,﻿Door County,,﻿Big Sturgeon Bay,﻿Sturgeon Bay,﻿WI,,44.833611,-87.377778,,,,,,,,,,,,,,1868,﻿,﻿,﻿Milwaukee,Milwaukee
﻿mil.wi.0384,﻿station,[Unnamed Institution],English,,,,﻿Door County,,﻿Little Sturgeon Bay,﻿Sturgeon Bay,﻿WI,,44.833611,-87.377778,,,,,,,,,,,,,,1868,﻿,﻿,﻿Milwaukee,Milwaukee
﻿mil.wi.0385,﻿station,[Unnamed Institution],English,,,,﻿Door County,,﻿Washington Harbor,,﻿WI,,45.397179,-86.927482,,,,,,,,,,,,,,1868,﻿,﻿,﻿Milwaukee,Milwaukee
﻿lac.wi.0067,﻿station,[Unnamed Institution],English,,,,﻿Douglas County,,﻿Superior City,,﻿WI,,46.70320773,-92.04686186,,,,,,,,,,,,,,1868,﻿,﻿,﻿Milwaukee,Milwaukee
﻿mil.wi.0386,﻿station,[Unnamed Institution],English,,,,﻿Douglas County,,﻿Fond du Lac,,﻿WI,,,,,,,,,,,,,,,,,1868,﻿,﻿,﻿Milwaukee,Milwaukee
﻿lac.wi.0128,﻿station,[Unnamed Institution],English,,,,﻿Dunn County,,﻿Fall City,,﻿WI,,44.798614,-91.764651,,,,,,,,,,,,,,1868,﻿,﻿,﻿Milwaukee,Milwaukee
﻿lac.wi.0031,﻿station,[Unnamed Institution],English,,,,﻿Eau Claire County,,﻿Adams' Settlement,,﻿WI,,44.813079,-91.605541,,,,,,,,,,,,,,1868,﻿,﻿,﻿Milwaukee,Milwaukee
﻿lac.wi.0129,﻿station,[Unnamed Institution],English,,,,﻿Eau Claire County,,﻿Pleasant Valley,,﻿WI,,44.670278,-91.466667,,,,,,,,,,,,,,1868,﻿,﻿,﻿Milwaukee,Milwaukee
﻿mil.wi.0387,﻿station,[Unnamed Institution],English,,,,﻿Fond du Lac County,,﻿Eldora,﻿Eldorado,﻿WI,,43.824722,-88.621667,,,,,,,,,,,,,,1868,﻿,﻿,﻿Milwaukee,Milwaukee
﻿mil.wi.0233,﻿station,[Unnamed Institution],English,,,,﻿Fond du Lac County,﻿Fond du Lac County,﻿Rosendale,﻿Rosendale,﻿WI,,43.807763,-88.674832,,,,,,,,,,,,,,1868,﻿,﻿,﻿Milwaukee,Milwaukee
﻿mil.wi.0388,﻿station,[Unnamed Institution],English,,,,﻿Fond du Lac County,,﻿Walkosten,,﻿WI,,,,,,,,,,,,,,,,,1868,﻿,﻿,﻿Milwaukee,Milwaukee
﻿mil.wi.0236,﻿station,[Unnamed Institution],English,,,,﻿Grant County,﻿Grant County,﻿Beetown,﻿Beetown,﻿WI,,42.794991,-90.885405,,,,,,,,,,,,,,1868,﻿,﻿,﻿Milwaukee,Milwaukee
﻿mil.wi.0237,﻿station,[Unnamed Institution],English,,,,﻿Grant County,﻿Grant County,﻿Boscobel,﻿Boscobel,﻿WI,,43.134429,-90.705404,,,,,,,,,,,,,,1868,﻿,﻿,﻿Milwaukee,Milwaukee
﻿mil.wi.0238,﻿station,[Unnamed Institution],English,,,,﻿Grant County,﻿Grant County,﻿Liberty,﻿Liberty,﻿WI,,42.881601,-90.620416,,,,,,,,,,,,,,1868,﻿,﻿,﻿Milwaukee,Milwaukee
﻿mil.wi.0239,﻿station,[Unnamed Institution],English,,,,﻿Grant County,﻿Grant County,﻿Waterloo,﻿Waterloo,﻿WI,,42.724027,-90.848452,,,,,,,,,,,,,,1868,﻿,﻿,﻿Milwaukee,Milwaukee
﻿mil.wi.0389,﻿station,[Unnamed Institution],English,,,,﻿Green County,,﻿Adams,,﻿WI,,42.720278,-89.763333,,,,,,,,,,,,,,1868,﻿,﻿,﻿Milwaukee,Milwaukee
﻿mil.wi.0390,﻿station,[Unnamed Institution],English,,,,﻿Green County,,﻿Broad Head,﻿Brodhead,﻿WI,,42.618611,-89.376389,,,,,,,,,,,,,,1868,﻿,﻿,﻿Milwaukee,Milwaukee
﻿mil.wi.0391,﻿station,[Unnamed Institution],English,,,,﻿Green County,,﻿New-Glanes,﻿New Glarus,﻿WI,,42.813764,-89.635365,,,,,,,,,,,,,,1868,﻿,﻿,﻿Milwaukee,Milwaukee
﻿mil.wi.0241,﻿station,[Unnamed Institution],English,,,,﻿Iowa County,﻿Iowa County,﻿Arina,﻿Arena,﻿WI,,43.165548,-89.912901,,,,,,,,,,,,,,1868,﻿,﻿,﻿Milwaukee,Milwaukee
﻿mil.wi.0242,﻿station,[Unnamed Institution],English,,,,﻿Iowa County,﻿Iowa County,﻿Avoca,﻿Avoca,﻿WI,,43.181933,-90.324569,,,,,,,,,,,,,,1868,﻿,﻿,﻿Milwaukee,Milwaukee
﻿mil.wi.0392,﻿station,[Unnamed Institution],English,,,,﻿Iowa County,,﻿Dodgeville,,﻿WI,,42.963333,-90.131111,,,,,,,,,,,,,,1868,﻿,﻿,﻿Milwaukee,Milwaukee
﻿lac.wi.0066,﻿station,[Unnamed Institution],English,,,,﻿Jackson County,,﻿Black River Falls,﻿Black River Falls,﻿WI,,44.294791,-90.85243,,,,,,,,,,,,,,1868,﻿,﻿,﻿Milwaukee,Milwaukee
﻿lac.wi.0130,﻿station,[Unnamed Institution],English,,,,﻿Jackson County,,﻿Garden Valley,,﻿WI,,44.460833,-90.976111,,,,,,,,,,,,,,1868,﻿,﻿,﻿Milwaukee,Milwaukee
﻿mil.wi.0243,﻿station,[Unnamed Institution],English,,,,﻿Jefferson County,﻿Jefferson County,﻿Fort Atkinson,﻿Fort Atkinson,﻿WI,,42.928894,-88.837051,,,,,,,,,,,,,,1868,﻿,﻿,﻿Milwaukee,Milwaukee
﻿mil.wi.0244,﻿station,[Unnamed Institution],English,,,,﻿Jefferson County,,﻿Pearlunawee,,﻿WI,,43.089927,-88.710896,,,,,,,,,,,,,,1868,﻿,﻿,﻿Milwaukee,Milwaukee
﻿mil.wi.0393,﻿station,[Unnamed Institution],English,,,,﻿Juneau County,,﻿Germantown,,﻿WI,,43.9125,-90.03,,,,,,,,,,,,,,1868,﻿,﻿,﻿Milwaukee,Milwaukee
﻿mil.wi.0394,﻿station,[Unnamed Institution],English,,,,﻿Juneau County,,﻿Vecedah,﻿Necedah,﻿WI,,44.026191,-90.073748,,,,,,,,,,,,,,1868,﻿,﻿,﻿Milwaukee,Milwaukee
﻿mil.wi.0395,﻿station,[Unnamed Institution],English,,,,﻿Kewaunee County,,﻿Deykesville,﻿Dykesville,﻿WI,,44.640569,-87.761793,,,,,,,,,,,,,,1868,﻿,﻿,﻿Milwaukee,Milwaukee
﻿gre.wi.0085,﻿station,[Unnamed Institution],English,,,,﻿Kewaunee County,,﻿Red River,,﻿WI,,44.6325,-87.702222,,,,,,,,,,,,,,1868,﻿,﻿,﻿Milwaukee,Milwaukee
﻿mil.wi.0396,﻿station,[Unnamed Institution],English,,,,﻿Kewaunee County,,﻿Pierce,,﻿WI,,44.536111,-87.490833,,,,,,,,,,,,,,1868,﻿,﻿,﻿Milwaukee,Milwaukee
﻿gre.wi.0061,﻿station,[Unnamed Institution],English,,,,﻿Kewaunee County,,﻿Montpelier,﻿Montpelier,﻿WI,,44.455786,-87.734451,,,,,,,,,,,,,,1868,﻿,﻿,﻿Milwaukee,Milwaukee
﻿lac.wi.0069,﻿station,[Unnamed Institution],English,,,,﻿La Crosse County,,﻿Broswickvalley,﻿Stoddard,﻿WI,,43.728263,-91.151084,,,,,,,,,,,,,,1868,﻿,﻿,﻿Milwaukee,Milwaukee
﻿lac.wi.0131,﻿station,[Unnamed Institution],English,,,,﻿La Crosse County,,﻿Chipmunk,,﻿WI,,,,,,,,,,,,,,,,,1868,﻿,﻿,﻿Milwaukee,Milwaukee
﻿lac.wi.0132,﻿station,[Unnamed Institution],English,,,,﻿La Crosse County,,﻿Cooley,,﻿WI,,44.752082,-91.576843,,,,,,,,,,,,,,1868,﻿,﻿,﻿Milwaukee,Milwaukee
﻿lac.wi.0133,﻿station,[Unnamed Institution],English,,,,﻿La Point County,,﻿Bad River,,﻿WI,,,,,,,,,,,,,,,,,1868,﻿,﻿,﻿Milwaukee,Milwaukee
﻿mil.wi.0246,﻿station,[Unnamed Institution],English,,,,﻿Lafayette County,﻿Lafayette County,﻿Gratiot,﻿Gratiot,﻿WI,,42.578894,-90.022624,,,,,,,,,,,,,,1868,﻿,﻿,﻿Milwaukee,Milwaukee
﻿mil.wi.0247,﻿station,[Unnamed Institution],English,,,,﻿Lafayette County,﻿Lafayette County,﻿Yellow Stone,﻿Yellowstone,﻿WI,,42.79833,-89.97028,,,,,,,,,,,,,,1868,﻿,﻿,﻿Milwaukee,Milwaukee
﻿lac.wi.0134,﻿station,[Unnamed Institution],English,,,,﻿Marathon County,,﻿Knowlton,,﻿WI,,44.716944,-89.679722,,,,,,,,,,,,,,1868,﻿,﻿,﻿Milwaukee,Milwaukee
﻿lac.wi.0135,﻿station,[Unnamed Institution],English,,,,﻿Marathon County,,﻿Mosinee,,﻿WI,,44.791667,-89.705278,,,,,,,,,,,,,,1868,﻿,﻿,﻿Milwaukee,Milwaukee
﻿mil.wi.0397,﻿station,[Unnamed Institution],English,,,,﻿Marquette County,﻿Green Lake County,﻿Kingston,,﻿WI,,43.693611,-89.128611,,,,,,,,,,,,,,1868,﻿,﻿,﻿Milwaukee,Milwaukee
﻿mil.wi.0398,﻿station,[Unnamed Institution],English,,,,﻿Marquette County,﻿Green Lake County,﻿Marquette,,﻿WI,,43.742222,-89.145833,,,,,,,,,,,,,,1868,﻿,﻿,﻿Milwaukee,Milwaukee
﻿lac.wi.0039,﻿station,[Unnamed Institution],English,,,,﻿Monroe County,,﻿Toma,﻿Tomah,﻿WI,,43.979703,-90.507634,,,,,,,,,,,,,,1868,﻿,﻿,﻿Milwaukee,Milwaukee
﻿lac.wi.0070,﻿station,[Unnamed Institution],English,,,,﻿Monroe County,,﻿Tunnel City,﻿Tunnel City,﻿WI,,44.00656,-90.566051,,,,,,,,,,,,,,1868,﻿,﻿,﻿Milwaukee,Milwaukee
﻿gre.wi.0063,﻿station,[Unnamed Institution],English,,,,﻿Oconto County,,﻿Menomenee,,﻿WI,,44.882285,-88.630926,,,,,,,,,,,,,,1868,﻿,﻿,﻿Milwaukee,Milwaukee
﻿mil.wi.0399,﻿station,[Unnamed Institution],English,,,,﻿Oconto County,,﻿Pensaukee,,﻿WI,,44.823056,-87.913056,,,,,,,,,,,,,,1868,﻿,﻿,﻿Milwaukee,Milwaukee
﻿mil.wi.0400,﻿station,[Unnamed Institution],English,,,,﻿Oconto County,,﻿Stiles,,﻿WI,,44.861111,-88.048333,,,,,,,,,,,,,,1868,﻿,﻿,﻿Milwaukee,Milwaukee
﻿mil.wi.0401,﻿station,[Unnamed Institution],English,,,,﻿Oconto County,,﻿Little Suamica,﻿Little Saumico,﻿WI,,44.7175,-88.009167,,,,,,,,,,,,,,1868,﻿,﻿,﻿Milwaukee,Milwaukee
﻿mil.wi.0402,﻿station,[Unnamed Institution],English,,,,﻿Outagamie County,,﻿Ellington,,﻿WI,,44.366389,-88.558056,,,,,,,,,,,,,,1868,﻿,﻿,﻿Milwaukee,Milwaukee
﻿mil.wi.0403,﻿station,[Unnamed Institution],English,,,,﻿Outagamie County,,﻿Greenville,,﻿WI,,44.2875,-88.525833,,,,,,,,,,,,,,1868,﻿,﻿,﻿Milwaukee,Milwaukee
﻿mil.wi.0404,﻿station,[Unnamed Institution],English,,,,﻿Outagamie County,﻿Waupaca County,﻿New-Lebanon,﻿Lebanon,﻿WI,,44.460278,-88.800278,,,,,,,,,,,,,,1868,﻿,﻿,﻿Milwaukee,Milwaukee
﻿mil.wi.0405,﻿station,[Unnamed Institution],English,,,,﻿Outagamie County,,﻿Stevensville,﻿Stephensville,﻿WI,,44.373333,-88.584167,,,,,,,,,,,,,,1868,﻿,﻿,﻿Milwaukee,Milwaukee
﻿lac.wi.0071,﻿station,[Unnamed Institution],English,,,,﻿Pepin County,,﻿Bear Breek,﻿Durand,﻿WI,,44.640859,-91.935671,,,,,,,,,,,,,,1868,﻿,﻿,﻿Milwaukee,Milwaukee
﻿lac.wi.0041,﻿station,[Unnamed Institution],English,,,,﻿Pepin County,,﻿Durand,﻿Durand,﻿WI,,44.626354,-91.965726,,,,,,,,,,,,,,1868,﻿,﻿,﻿Milwaukee,Milwaukee
﻿lac.wi.0072,﻿station,[Unnamed Institution],English,,,,﻿Pepin County,,﻿Pepin,﻿Pepin,﻿WI,,44.442998,-92.14894,,,,,,,,,,,,,,1868,﻿,﻿,﻿Milwaukee,Milwaukee
﻿lac.wi.0136,﻿station,[Unnamed Institution],English,,,,﻿Pierce County,,﻿Martell,,﻿WI,,44.829722,-92.397778,,,,,,,,,,,,,,1868,﻿,﻿,﻿Milwaukee,Milwaukee
﻿lac.wi.0044,﻿station,[Unnamed Institution],English,,,,﻿Pierce County,,﻿Perrytown,,﻿WI,,44.589194,-92.485676,,,,,,,,,,,,,,1868,﻿,﻿,﻿Milwaukee,Milwaukee
﻿lac.wi.0043,﻿station,[Unnamed Institution],English,,,,﻿Pierce County,,﻿Prescott,﻿Prescott,﻿WI,,44.748857,-92.802147,,,,,,,,,,,,,,1868,﻿,﻿,﻿Milwaukee,Milwaukee
﻿mil.wi.0406,﻿station,[Unnamed Institution],English,,,,﻿Polk County,,﻿Balsam Lake,,﻿WI,,45.458056,-92.455,,,,,,,,,,,,,,1868,﻿,﻿,﻿Milwaukee,Milwaukee
﻿mil.wi.0407,﻿station,[Unnamed Institution],English,,,,﻿Polk County,,﻿Eagle River,,﻿WI,,45.92,-89.250278,,,,,,,,,,,,,,1868,﻿,﻿,﻿Milwaukee,Milwaukee
﻿mil.wi.0408,﻿station,[Unnamed Institution],English,,,,﻿Polk County,,﻿Portland,,﻿WI,,,,,,,,,,,,,,,,,1868,﻿,﻿,﻿Milwaukee,Milwaukee
﻿mil.wi.0409,﻿station,[Unnamed Institution],English,,,,﻿Polk County,,﻿St. Croix Falls,,﻿WI,,45.411944,-92.638889,,,,,,,,,,,,,,1868,﻿,﻿,﻿Milwaukee,Milwaukee
﻿mil.wi.0410,﻿station,[Unnamed Institution],English,,,,﻿Polk County,,﻿Oceola,,﻿WI,,45.320556,-92.705,,,,,,,,,,,,,,1868,﻿,﻿,﻿Milwaukee,Milwaukee
﻿mil.wi.0411,﻿station,[Unnamed Institution],English,,,,﻿Polk County,,﻿Parmington,﻿Farmington,﻿WI,,45.260556,-92.684722,,,,,,,,,,,,,,1868,﻿,﻿,﻿Milwaukee,Milwaukee
﻿mil.wi.0412,﻿station,[Unnamed Institution],English,,,,﻿Portage County,,﻿Du Pays Point,﻿DuBay Point,﻿WI,,44.714444,-89.695278,,,,,,,,,,,,,,1868,﻿,﻿,﻿Milwaukee,Milwaukee
﻿mil.wi.0413,﻿station,[Unnamed Institution],English,,,,﻿Portage County,,﻿Stockton,,﻿WI,,44.489444,-89.4175,,,,,,,,,,,,,,1868,﻿,﻿,﻿Milwaukee,Milwaukee
﻿mil.wi.0248,﻿station,[Unnamed Institution],English,,,,﻿Racine County,﻿Racine County,﻿Rochester,﻿Rochester,﻿WI,,42.741406,-88.224256,,,,,,,,,,,,,,1868,﻿,﻿,﻿Milwaukee,Milwaukee
﻿mil.wi.0249,﻿station,[Unnamed Institution],English,,,,﻿Racine County,﻿Racine County,﻿Yorkville,﻿Yorkville,﻿WI,,42.741963,-88.026751,,,,,,,,,,,,,,1868,﻿,﻿,﻿Milwaukee,Milwaukee
﻿lac.wi.0045,﻿station,[Unnamed Institution],English,,,,﻿Richland County,,﻿Richland Centre,﻿Richland Center,﻿WI,,43.334705,-90.386793,,,,,,,,,,,,,,1868,﻿,﻿,﻿Milwaukee,Milwaukee
﻿lac.wi.0137,﻿station,[Unnamed Institution],English,,,,﻿Richland County,,﻿Har's Creek,,﻿WI,,,,,,,,,,,,,,,,,1868,﻿,﻿,﻿Milwaukee,Milwaukee
﻿lac.wi.0079,﻿station,[Unnamed Institution],English,,,,﻿Richland County,,﻿Melanchton Creek,﻿Yuba,﻿WI,,43.518036,-90.358998,,,,,,,,,,,,,,1868,﻿,﻿,﻿Milwaukee,Milwaukee
﻿lac.wi.0080,﻿station,[Unnamed Institution],English,,,,﻿Richland County,,﻿Mullandy Creek,,﻿WI,,43.333327,-90.466456,,,,,,,,,,,,,,1868,﻿,﻿,﻿Milwaukee,Milwaukee
﻿lac.wi.0081,﻿station,[Unnamed Institution],English,,,,﻿Richland County,,﻿Pine Creek,﻿Richland Center,﻿WI,,43.410081,-90.579155,,,,,,,,,,,,,,1868,﻿,﻿,﻿Milwaukee,Milwaukee
﻿mil.wi.0250,﻿station,[Unnamed Institution],English,,,,﻿Rock County,﻿Rock County,﻿Fulton,﻿Fulton,﻿WI,,42.808062,-89.127614,,,,,,,,,,,,,,1868,﻿,﻿,﻿Milwaukee,Milwaukee
﻿mil.wi.0251,﻿station,[Unnamed Institution],English,,,,﻿Rock County,﻿Rock County,﻿Milton,﻿Milton,﻿WI,,42.775565,-88.943999,,,,,,,,,,,,,,1868,﻿,﻿,﻿Milwaukee,Milwaukee
﻿mil.wi.0252,﻿station,[Unnamed Institution],English,,,,﻿Rock County,﻿Rock County,﻿Spring Valley,﻿Spring Valley,﻿WI,,42.658342,-89.308449,,,,,,,,,,,,,,1868,﻿,﻿,﻿Milwaukee,Milwaukee
﻿mil.wi.0253,﻿station,[Unnamed Institution],English,,,,﻿Rock County,,﻿Sugar River,﻿Brodhead,﻿WI,,42.636197,-89.386535,,,,,,,,,,,,,,1868,﻿,﻿,﻿Milwaukee,Milwaukee
﻿lac.wi.0138,﻿station,[Unnamed Institution],English,,,,﻿Sauk County,,﻿Bear Creek,,﻿WI,,43.33,-90.154444,,,,,,,,,,,,,,1868,﻿,﻿,﻿Milwaukee,Milwaukee
﻿lac.wi.0139,﻿station,[Unnamed Institution],English,,,,﻿Sauk County,,﻿Marble Quarry,,﻿WI,,,,,,,,,,,,,,,,,1868,﻿,﻿,﻿Milwaukee,Milwaukee
﻿lac.wi.0140,﻿station,[Unnamed Institution],English,,,,﻿Sauk County,,﻿Sugar Grove,,﻿WI,,,,,,,,,,,,,,,,,1868,﻿,﻿,﻿Milwaukee,Milwaukee
﻿lac.wi.0054,﻿station,[Unnamed Institution],English,,,,﻿St. Croix County,,﻿Pleasant Valley,﻿Pleasant Valley,﻿WI,,44.914205,-92.485796,,,,,,,,,,,,,,1868,﻿,﻿,﻿Milwaukee,Milwaukee
﻿lac.wi.0077,﻿station,[Unnamed Institution],English,,,,﻿St. Croix County,,﻿Bauen's Mills,,﻿WI,,45.049784,-92.387569,,,,,,,,,,,,,,1868,﻿,﻿,﻿Milwaukee,Milwaukee
﻿lac.wi.0057,﻿station,[Unnamed Institution],English,,,,﻿Trempeleau County,,﻿Galesville,﻿Galesville,﻿WI,,44.083775,-91.358469,,,,,,,,,,,,,,1868,﻿,﻿,﻿Milwaukee,Milwaukee
﻿lac.wi.0141,﻿station,[Unnamed Institution],English,,,,﻿Trempeleau County,,﻿Hixton,,﻿WI,,44.387222,-90.994167,,,,,,,,,,,,,,1868,﻿,﻿,﻿Milwaukee,Milwaukee
﻿lac.wi.0142,﻿station,[Unnamed Institution],English,,,,﻿Trempeleau County,,﻿Montoville,,﻿WI,,,,,,,,,,,,,,,,,1868,﻿,﻿,﻿Milwaukee,Milwaukee
﻿lac.wi.0056,﻿station,[Unnamed Institution],English,,,,﻿Trempeleau County,,﻿Trempeleau City,﻿Trempealeau City,﻿WI,,44.013527,-91.415724,,,,,,,,,,,,,,1868,﻿,﻿,﻿Milwaukee,Milwaukee
﻿lac.wi.0078,﻿station,[Unnamed Institution],English,,,,﻿Vernon County,,﻿Woodland,﻿Forest,﻿WI,,43.67912,-90.509477,,,,,,,,,,,,,,1868,﻿,﻿,﻿Milwaukee,Milwaukee
﻿mil.wi.0254,﻿station,[Unnamed Institution],English,,,,﻿Waukesha County,﻿Waukesha County,﻿Delafield,﻿Delafield,﻿WI,,43.059973,-88.404176,,,,,,,,,,,,,,1868,﻿,﻿,﻿Milwaukee,Milwaukee
﻿mil.wi.0255,﻿station,[Unnamed Institution],English,,,,﻿Waukesha County,﻿Waukesha County,﻿Muckwanago,﻿Mukwonago,﻿WI,,42.863112,-88.332347,,,,,,,,,,,,,,1868,﻿,﻿,﻿Milwaukee,Milwaukee
﻿mil.wi.0256,﻿station,[Unnamed Institution],English,,,,﻿Waukesha County,﻿Waukesha County,﻿Pewaukee,﻿Pewaukee,﻿WI,,43.065463,-88.205804,,,,,,,,,,,,,,1868,﻿,﻿,﻿Milwaukee,Milwaukee
﻿mil.wi.0414,﻿station,[Unnamed Institution],English,,,,﻿Waupaca County,,﻿Farmington,,﻿WI,,44.359444,-89.162778,,,,,,,,,,,,,,1868,﻿,﻿,﻿Milwaukee,Milwaukee
﻿mil.wi.0415,﻿station,[Unnamed Institution],English,,,,﻿Waupaca County,,﻿Caledonia,,﻿WI,,44.291389,-88.804722,,,,,,,,,,,,,,1868,﻿,﻿,﻿Milwaukee,Milwaukee
﻿mil.wi.0416,﻿station,[Unnamed Institution],English,,,,﻿Waupaca County,,﻿Larribee,﻿Larrabee,﻿WI,,44.634167,-88.797778,,,,,,,,,,,,,,1868,﻿,﻿,﻿Milwaukee,Milwaukee
﻿mil.wi.0417,﻿station,[Unnamed Institution],English,,,,﻿Waupaca County,,﻿St. Lawrence,,﻿WI,,44.454167,-89.052778,,,,,,,,,,,,,,1868,﻿,﻿,﻿Milwaukee,Milwaukee
﻿mil.wi.0418,﻿station,[Unnamed Institution],English,,,,﻿Waupaca County,,﻿Weeyewiga,﻿Weyauwega,﻿WI,,44.316667,-88.933333,,,,,,,,,,,,,,1868,﻿,﻿,﻿Milwaukee,Milwaukee
﻿mil.wi.0419,﻿station,[Unnamed Institution],English,,,,﻿Waupaca County,,﻿Unionville,﻿Union,﻿WI,,44.539167,-88.915278,,,,,,,,,,,,,,1868,﻿,﻿,﻿Milwaukee,Milwaukee
﻿mil.wi.0420,﻿station,[Unnamed Institution],English,,,,﻿Waupaca County,,﻿Bear Creek,,﻿WI,,44.540278,-88.796944,,,,,,,,,,,,,,1868,﻿,﻿,﻿Milwaukee,Milwaukee
﻿mil.wi.0421,﻿station,[Unnamed Institution],English,,,,﻿Waushara County,,﻿Oasis,,﻿WI,,44.196667,-89.420833,,,,,,,,,,,,,,1868,﻿,﻿,﻿Milwaukee,Milwaukee
﻿mil.wi.0422,﻿station,[Unnamed Institution],English,,,,﻿Waushara County,,﻿Saxeville,,﻿WI,,44.203889,-89.054167,,,,,,,,,,,,,,1868,﻿,﻿,﻿Milwaukee,Milwaukee
﻿mil.wi.0423,﻿station,[Unnamed Institution],English,,,,﻿Waushara County,,﻿Wautomee,﻿Wautoma,﻿WI,,44.071389,-89.289722,,,,,,,,,,,,,,1868,﻿,﻿,﻿Milwaukee,Milwaukee
﻿mil.wi.0424,﻿station,[Unnamed Institution],English,,,,﻿Winnebago County,,﻿Black Wolf,,﻿WI,,43.937222,-88.503333,,,,,,,,,,,,,,1868,﻿,﻿,﻿Milwaukee,Milwaukee
﻿mil.wi.0425,﻿station,[Unnamed Institution],English,,,,﻿Winnebago County,,﻿Buttes des Mortes,﻿Butte des Morts,﻿WI,,44.099444,-88.653889,,,,,,,,,,,,,,1868,﻿,﻿,﻿Milwaukee,Milwaukee
﻿mil.wi.0426,﻿station,[Unnamed Institution],English,,,,﻿Winnebago County,,﻿Willow Creek,,﻿WI,,,,,,,,,,,,,,,,,1868,﻿,﻿,﻿Milwaukee,Milwaukee
﻿mil.wi.0427,﻿station,[Unnamed Institution],English,,,,﻿Winnebago County,,﻿Winneconne,,﻿WI,,44.103333,-88.689444,,,,,,,,,,,,,,1868,﻿,﻿,﻿Milwaukee,Milwaukee
﻿mil.wi.0257,﻿convent,﻿Capuchin Convent of Calvary,English,,﻿(Dotyville P.O.),,﻿Fond du Lac County,﻿Fond du Lac County,,﻿Calvary,﻿WI,,43.824287,-88.249763,,,,﻿fra_haas_001,﻿Very Rev.,﻿Francis Haas,﻿O.M.C.,"﻿Commiss. Gen., Guardian",,﻿religious,,,,1868,﻿,﻿,﻿Milwaukee,Milwaukee
﻿mil.wi.0257,﻿convent,﻿Capuchin Convent of Calvary,English,"﻿Priests attending outward missions: Rev. Bonaventura Frey, O.M.C., Vicarius in New-York; Rev. Cajetan Krauthahn, O.M.C., Keshena, Wis.; Rev. Pacifus Berlemann, O.M.C., St. Mary's, Wis.",﻿(Dotyville P.O.),,﻿Fond du Lac County,﻿Fond du Lac County,,﻿Calvary,﻿WI,,43.824287,-88.249763,,,,﻿dan_scherer_001,﻿Rev.,﻿Daniel Sherer,﻿O.M.C.,,,﻿religious,,,,1868,﻿,﻿,﻿Milwaukee,Milwaukee
﻿mil.wi.0257,﻿convent,﻿Capuchin Convent of Calvary,English,"﻿Stations attended by priests of the convent every Sunday: St. Michael's, St. Joseph's, and St. Peter's.",﻿(Dotyville P.O.),,﻿Fond du Lac County,﻿Fond du Lac County,,﻿Calvary,﻿WI,,43.824287,-88.249763,,,,﻿mar_e_staddegger_001,﻿Rev.,﻿Mar. Edmund Staddegger,﻿O.M.C.,﻿Magister Nov.,,﻿religious,,,,1868,﻿,﻿,﻿Milwaukee,Milwaukee
﻿mil.wi.0257,﻿convent,﻿Capuchin Convent of Calvary,English,"﻿Stations attended by priests of the convent every Sunday: St. Michael's, St. Joseph's, and St. Peter's.",﻿(Dotyville P.O.),,﻿Fond du Lac County,﻿Fond du Lac County,,﻿Calvary,﻿WI,,43.824287,-88.249763,,,,﻿ivo_prass_001,﻿Rev.,﻿Ivo. Prass,﻿O.M.C.,,,﻿religious,,,,1868,﻿,﻿,﻿Milwaukee,Milwaukee
﻿mil.wi.0257,﻿convent,﻿Capuchin Convent of Calvary,English,"﻿Stations attended by priests of the convent every Sunday: St. Michael's, St. Joseph's, and St. Peter's.",﻿(Dotyville P.O.),,﻿Fond du Lac County,﻿Fond du Lac County,,﻿Calvary,﻿WI,,43.824287,-88.249763,,,,﻿sol_feddermann_001,﻿Rev.,﻿Solanus Fedderman,﻿O.M.C.,,,﻿religious,,,,1868,﻿,﻿,﻿Milwaukee,Milwaukee
﻿mil.wi.0257,﻿convent,﻿Capuchin Convent of Calvary,English,"﻿Stations attended by priests of the convent every Sunday: St. Michael's, St. Joseph's, and St. Peter's.",﻿(Dotyville P.O.),,﻿Fond du Lac County,﻿Fond du Lac County,,﻿Calvary,﻿WI,,43.824287,-88.249763,,,,﻿leo_gauchi_001,﻿Rev.,﻿Leo Gauchi,﻿O.M.C.,,,﻿religious,,,,1868,﻿,﻿,﻿Milwaukee,Milwaukee
﻿mil.wi.0257,﻿convent,﻿Capuchin Convent of Calvary,English,"﻿Stations attended by priests of the convent every Sunday: St. Michael's, St. Joseph's, and St. Peter's.",﻿(Dotyville P.O.),,﻿Fond du Lac County,﻿Fond du Lac County,,﻿Calvary,﻿WI,,43.824287,-88.249763,,,,﻿fid_steinauer_001,﻿Rev.,﻿Fidelis Steinauer,﻿O.M.C.,,,﻿religious,,,,1868,﻿,﻿,﻿Milwaukee,Milwaukee
﻿mil.wi.0257,﻿convent,﻿Capuchin Convent of Calvary,English,"﻿Stations attended by priests of the convent every Sunday: St. Michael's, St. Joseph's, and St. Peter's.",﻿(Dotyville P.O.),,﻿Fond du Lac County,﻿Fond du Lac County,,﻿Calvary,﻿WI,,43.824287,-88.249763,,,,﻿ant_rottensteiner_001,﻿Rev.,﻿Ant. Rottensteiner,﻿O.M.C.,,,﻿religious,,,,1868,﻿,﻿,﻿Milwaukee,Milwaukee
﻿mil.wi.0259,"﻿convent, house, novitiate",﻿Convent of the School Sisters of Notre Dame,English,"﻿Mother House and Novitiate...mission houses, 67; with 511 sisters, having under their charge throughout the United States, 20,917 parish school children, over 1378 orphans, and 582 boarders.",﻿Corner of Milwaukee and Knapp streets,,,,﻿Milwaukee,,﻿WI,,43.04798,-87.906633,,,,﻿m-caroline_mil.wi_001,﻿Sister,﻿Mary Caroline,,﻿Superioress,,﻿religious,﻿58 religious,﻿Under the charge of the School Sisters of Notre Dame,,1868,﻿,﻿,﻿Milwaukee,Milwaukee
﻿mil.wi.0259,"﻿convent, house, novitiate",﻿Convent of the School Sisters of Notre Dame,English,"﻿Mother House and Novitiate...mission houses, 67; with 511 sisters, having under their charge throughout the United States, 20,917 parish school children, over 1378 orphans, and 582 boarders.",﻿Corner of Milwaukee and Knapp streets,,﻿,,﻿Milwaukee,,﻿WI,,43.04798,-87.906633,,,,,,,,,,﻿religious,﻿65 novices,﻿Under the charge of the School Sisters of Notre Dame,,1868,﻿,﻿,﻿Milwaukee,Milwaukee
﻿mil.wi.0259,"﻿convent, house, novitiate",﻿Convent of the School Sisters of Notre Dame,English,"﻿Mother House and Novitiate...mission houses, 67; with 511 sisters, having under their charge throughout the United States, 20,917 parish school children, over 1378 orphans, and 582 boarders.",﻿Corner of Milwaukee and Knapp streets,,﻿,,﻿Milwaukee,,﻿WI,,43.04798,-87.906633,,,,,,,,,,﻿religious,﻿64 postulants,﻿Under the charge of the School Sisters of Notre Dame,,1868,﻿,﻿,﻿Milwaukee,Milwaukee
﻿mil.wi.0299&0299_02,"﻿house, novitiate",﻿Convent of the Dominican Sisters,English,﻿Mother House and Novitiate,﻿Corner of Twelfth and Pearl streets,,,﻿Racine County,﻿Racine,﻿Racine,﻿WI,,42.718221,-87.785523,,,,﻿m-hyacintha_mil.wi_001,﻿Sister,﻿Mary Hyacintha,,﻿Superioress,,﻿religious,﻿14 sisters,,,1868,﻿,﻿,﻿Milwaukee,Milwaukee
﻿mil.wi.0299&0299_02,"﻿house, novitiate",﻿Convent of the Dominican Sisters,English,﻿Mother House and Novitiate,﻿Corner of Twelfth and Pearl streets,,﻿,﻿Racine County,﻿Racine,﻿Racine,﻿WI,,42.718221,-87.785523,,,,,,,,,,﻿religious,﻿12 novices,,,1868,﻿,﻿,﻿Milwaukee,Milwaukee
﻿mil.wi.0299&0299_02,"﻿house, novitiate",﻿Convent of the Dominican Sisters,English,﻿Mother House and Novitiate,﻿Corner of Twelfth and Pearl streets,,﻿,﻿Racine County,﻿Racine,﻿Racine,﻿WI,,42.718221,-87.785523,,,,,,,,,,﻿religious,﻿8 postulants,,,1868,﻿,﻿,﻿Milwaukee,Milwaukee
﻿mil.wi.0292,﻿house,﻿House of Sisters of the Third Order of St. Dominic,English,,,,﻿Lafayette County,,﻿Benton,,﻿WI,,42.567259,-90.378844,,,,﻿emily_mil.wi_001,﻿Sister,﻿Emily,,﻿Superioress,,﻿religious,﻿36 sisters,,,1868,﻿,﻿,﻿Milwaukee,Milwaukee
﻿mil.wi.0292,﻿house,﻿House of Sisters of the Third Order of St. Dominic,English,,,,﻿Lafayette County,,﻿Benton,,﻿WI,,42.567259,-90.378844,,,,,,,,,,﻿religious,﻿18 novices,,,1868,﻿,﻿,﻿Milwaukee,Milwaukee
﻿mil.wi.0318_02,﻿house,﻿House of Brothers of the Third Order of St. Francis Seraph,English,,"﻿Nojoshing, near Milwaukee, attached to the Ecclesiastical Seminary",,,,,,﻿WI,,42.979525,-87.867348,,,,,,,,,,﻿religious,﻿4 brothers,,,1868,﻿,﻿,﻿Milwaukee,Milwaukee
﻿mil.wi.0282,"﻿house, novitiate",﻿Sisters of the Third Order of St. Francis Seraph,English,"﻿Mother House and Novitiate, dedicated to Blessed Coleta.","﻿Near Jefferson, Jefferson Co.",,﻿,﻿Jefferson County,﻿Jefferson,﻿Jefferson,﻿WI,,43.002448,-88.780225,,,,﻿antonia_mil.wi_001,﻿Mother,﻿Antonia,,﻿Superioress,,﻿religious,﻿75 members of whole community,,,1868,﻿,﻿,﻿Milwaukee,Milwaukee
﻿mil.wi.0282,"﻿house, novitiate",﻿Sisters of the Third Order of St. Francis Seraph,English,"﻿Sisters of the same community continue at Nojoshing, near Milwaukee. Professed sisters, 12; novices, 9; postulants; 6. Sister Rosa, Superioress.","﻿Near Jefferson, Jefferson Co.",,﻿,﻿Jefferson County,﻿Jefferson,﻿Jefferson,﻿WI,,43.002448,-88.780225,,,,,,,,,,﻿religious,﻿37 professed sisters,,,1868,﻿,﻿,﻿Milwaukee,Milwaukee
﻿mil.wi.0305,"﻿house, convent",﻿St. Agnes Community,English,,,,﻿Washington County,﻿Washington County,﻿Barton,﻿Barton,﻿WI,,43.43789,-88.185299,,,,﻿m-agnes_mil.wi_001,﻿Sr.,﻿Mary Agnes,,﻿Superioress,,﻿religious,"﻿18 Sisters, employed in keeping school",,,1868,﻿,﻿,﻿Milwaukee,Milwaukee
﻿mil.wi.0318,﻿seminary,﻿Ecclesiastical Seminary,English,,,,,﻿Milwaukee County,,,﻿WI,,42.979525,-87.867348,,,,﻿mic_heiss_001,﻿Rev.,﻿M. Heiss,,﻿Rector and Professor of Moral Theology and Holy Scripture,,﻿religious,"﻿171 students, of whom 13 are philosophers and 70 theologians; the rest, the preparatory branches.",,,1868,﻿,﻿,﻿Milwaukee,Milwaukee
﻿mil.wi.0318,﻿seminary,﻿Ecclesiastical Seminary,English,,,,﻿,﻿Milwaukee County,,,﻿WI,,42.979525,-87.867348,,,,﻿jos_salzmann_001,﻿Rev. Dr.,﻿Jos. Salzmann,,"﻿Procurator and Professor of Canon Law, Church History and Homiletics",,﻿religious,"﻿171 students, of whom 13 are philosophers and 70 theologians; the rest, the preparatory branches.",,,1868,﻿,﻿,﻿Milwaukee,Milwaukee
﻿mil.wi.0318,﻿seminary,﻿Ecclesiastical Seminary,English,,,,﻿,﻿Milwaukee County,,,﻿WI,,42.979525,-87.867348,,,,﻿m_gernbauer_001,﻿Rev.,﻿M. Gernbauer,,﻿Professor of German and Classics,,﻿student,"﻿171 students, of whom 13 are philosophers and 70 theologians; the rest, the preparatory branches.",,,1868,﻿,﻿,﻿Milwaukee,Milwaukee
﻿mil.wi.0318,﻿seminary,﻿Ecclesiastical Seminary,English,,,,﻿,﻿Milwaukee County,,,﻿WI,,42.979525,-87.867348,,,,﻿cha_wapelhorst_001,﻿Rev.,﻿Charles Wapelhorst,,﻿Professor of Moral Theology and Liturgy Disciplinarian,,﻿student,"﻿171 students, of whom 13 are philosophers and 70 theologians; the rest, the preparatory branches.",,,1868,﻿,﻿,﻿Milwaukee,Milwaukee
﻿mil.wi.0318,﻿seminary,﻿Ecclesiastical Seminary,English,,,,﻿,﻿Milwaukee County,,,﻿WI,,42.979525,-87.867348,,,,﻿jos_moder_001,﻿Rev.,﻿Jos. Moder,,"﻿Professor of Latin, Arithmetic, and Universal History",,﻿student,"﻿171 students, of whom 13 are philosophers and 70 theologians; the rest, the preparatory branches.",,,1868,﻿,﻿,﻿Milwaukee,Milwaukee
﻿mil.wi.0318,﻿seminary,﻿Ecclesiastical Seminary,English,,,,﻿,﻿Milwaukee County,,,﻿WI,,42.979525,-87.867348,,,,﻿fre_katzer_001,﻿Rev.,﻿Fred. Katzer,,﻿Professor of Dogmatic Theology and Natural Philosophy,,﻿student,"﻿171 students, of whom 13 are philosophers and 70 theologians; the rest, the preparatory branches.",,,1868,﻿,﻿,﻿Milwaukee,Milwaukee
﻿mil.wi.0318,﻿seminary,﻿Ecclesiastical Seminary,English,,,,﻿,﻿Milwaukee County,,,﻿WI,,42.979525,-87.867348,,,,﻿t_m_gartner_001,﻿Rev.,﻿T. M. Gartner,,﻿Professsor of Philosophy and Latin,,﻿student,"﻿171 students, of whom 13 are philosophers and 70 theologians; the rest, the preparatory branches.",,,1868,﻿,﻿,﻿Milwaukee,Milwaukee
﻿mil.wi.0318,﻿seminary,﻿Ecclesiastical Seminary,English,,,,﻿,﻿Milwaukee County,,,﻿WI,,42.979525,-87.867348,,,,﻿fre_hagemann_001,﻿Rev.,﻿Fred. Hagemann,,﻿Professor of Latin and Universal History,,﻿student,"﻿171 students, of whom 13 are philosophers and 70 theologians; the rest, the preparatory branches.",,,1868,﻿,﻿,﻿Milwaukee,Milwaukee
﻿mil.wi.0318,﻿seminary,﻿Ecclesiastical Seminary,English,,,,﻿,﻿Milwaukee County,,,﻿WI,,42.979525,-87.867348,,,,﻿jos_rainer_001,﻿Rev.,﻿Joseph Rainer,,﻿Professor of Latin and Greek Languages,,﻿student,"﻿171 students, of whom 13 are philosophers and 70 theologians; the rest, the preparatory branches.",,,1868,﻿,﻿,﻿Milwaukee,Milwaukee
﻿mil.wi.0318,﻿seminary,﻿Ecclesiastical Seminary,English,,,,﻿,﻿Milwaukee County,,,﻿WI,,42.979525,-87.867348,,,,﻿tho_fagan_001,﻿Mr.,﻿Thomas Fagan,,﻿Professor of the English Language and Rhetoric,,﻿student,"﻿171 students, of whom 13 are philosophers and 70 theologians; the rest, the preparatory branches.",,,1868,﻿,﻿,﻿Milwaukee,Milwaukee
﻿mil.wi.0258,﻿college,﻿Ecclesiastical College of St. Lawrence of Brundusium,English,,,,﻿Fond du Lac County,,,,﻿WI,,43.78444,-88.787868,﻿mil.wi.0257,"﻿Attended by the Capuchin Fathers of Calvary Convent, (Dotyville P.O.)",,﻿p_i_prass_001,﻿Rev.,﻿P. Ivo Prass,﻿O.M.C.,﻿Rector of the College,,,﻿8 professors,,,1868,﻿,﻿,﻿Milwaukee,Milwaukee
﻿mil.wi.0258,﻿college,﻿Ecclesiastical College of St. Lawrence of Brundusium,English,"﻿Preparatory class and five gymnastical courses, including Latin, Greek, German, English, History, Geography, Arithmetic, Drawing, and Vocal Music.",,,﻿Fond du Lac County,,,,﻿WI,,43.78444,-88.787868,,,,﻿w_mahany_001,﻿Rev.,﻿W. Mahany,,﻿English teacher,,,﻿57 boarders,,,1868,﻿,﻿,﻿Milwaukee,Milwaukee
﻿mil.wi.0258,﻿college,﻿Ecclesiastical College of St. Lawrence of Brundusium,English,﻿Letters must be addressed to the Rev. Rector,,,﻿Fond du Lac County,,,,﻿WI,,43.78444,-88.787868,,,,,,,,,,﻿teacher,﻿5 outside students,,,1868,﻿,﻿,﻿Milwaukee,Milwaukee
﻿mil.wi.0010_03,﻿school,﻿St. Mary's Institute,English,﻿This is a boarding school for young ladies.,﻿Corner of Milwaukee and Knapp streets,,,﻿Milwaukee County,﻿Milwaukee,﻿Milwaukee,﻿WI,,43.047156,-87.907544,,,,﻿m-seraphica_mil.wi_001,﻿Sister,﻿Mary Seraphica,,﻿Directress,,﻿child,﻿130 young ladies,﻿Under the charge of the School Sisters of Notre Dame,,1868,﻿,﻿,﻿Milwaukee,Milwaukee
﻿mil.wi.0319,﻿school,﻿St. Gaul's School,English,,,,﻿,﻿Milwaukee County,﻿Milwaukee,﻿Milwaukee,﻿WI,,43.066124,-87.913974,,,,﻿t_j_kuhlman_001,﻿Rev.,﻿T. J. Kuhlman,﻿S.J.,﻿Professor,,﻿student,﻿outside student,﻿Superintended by the Fathers of the Society of Jesus,,1868,﻿,﻿,﻿Milwaukee,Milwaukee
﻿mil.wi.0319,﻿school,﻿St. Gaul's School,English,,,,﻿,﻿Milwaukee County,﻿Milwaukee,﻿Milwaukee,﻿WI,,43.066124,-87.913974,,,,﻿p_a_nogues_001,﻿Rev.,﻿P. A. Nogues,﻿S.J.,﻿Professor,,﻿student,﻿outside student,﻿Superintended by the Fathers of the Society of Jesus,,1868,﻿,﻿,﻿Milwaukee,Milwaukee
﻿mil.wi.0319,﻿school,﻿St. Gaul's School,English,,,,﻿,﻿Milwaukee County,﻿Milwaukee,﻿Milwaukee,﻿WI,,43.066124,-87.913974,,,,﻿hen_a_munks_001,﻿Mr.,﻿Henry Munks,﻿S.J.,﻿Professor,,﻿child,﻿child,﻿Superintended by the Fathers of the Society of Jesus,,1868,﻿,﻿,﻿Milwaukee,Milwaukee
﻿mil.wi.0319,﻿school,﻿St. Gaul's School,English,,,,﻿,﻿Milwaukee County,﻿Milwaukee,﻿Milwaukee,﻿WI,,43.066124,-87.913974,,,,﻿wil_collins_001,﻿Mr.,﻿William Collins,,﻿Professor,,﻿child,﻿child,﻿Superintended by the Fathers of the Society of Jesus,,1868,﻿,﻿,﻿Milwaukee,Milwaukee
﻿mil.wi.0319,﻿school,﻿St. Gaul's School,English,,,,﻿,﻿Milwaukee County,﻿Milwaukee,﻿Milwaukee,﻿WI,,43.066124,-87.913974,,,,﻿pat_donnely_001,﻿Mr.,﻿Patrick Donnely,,﻿Professor,,﻿child,﻿child,﻿Superintended by the Fathers of the Society of Jesus,,1868,﻿,﻿,﻿Milwaukee,Milwaukee
﻿mil.wi.0319,﻿school,﻿St. Gaul's School,English,,,,﻿,﻿Milwaukee County,﻿Milwaukee,﻿Milwaukee,﻿WI,,43.066124,-87.913974,,,,﻿t_kelly_001,﻿Mr.,﻿T. Kelly,,﻿Professor,,﻿child,﻿child,﻿Superintended by the Fathers of the Society of Jesus,,1868,﻿,﻿,﻿Milwaukee,Milwaukee
﻿mil.wi.0430,﻿academy,﻿Female Academy of St. Catharine of Sienna,English,,,,﻿,,﻿Racine,,﻿WI,,42.718431,-87.786106,,,,﻿m-pius_mil.wi_001,﻿Sister,﻿Mary Pius,,﻿Directress,,﻿student,﻿25 boarders,﻿Under the charge of the Dominican Sisters,,1868,﻿,﻿,﻿Milwaukee,Milwaukee
﻿mil.wi.0292_03,﻿academy,﻿St. Clara's Academy,English,,,,,﻿Grant County,﻿Sinsinawa Mound,﻿Sinsinawa,﻿WI,,42.567259,-90.378844,,,,﻿m-emily_mil.wi_001,﻿Sister,﻿M. Emily,,﻿Superior,,﻿religious,﻿34 Sisters,﻿Under the direction of the Sisters of the Third Order of St. Dominic,,1868,﻿,﻿,﻿Milwaukee,Milwaukee
﻿mil.wi.0292_03,﻿academy,﻿St. Clara's Academy,English,,,,﻿,﻿Grant County,﻿Sinsinawa Mound,﻿Sinsinawa,﻿WI,,42.567259,-90.378844,,,,,,,,,,﻿student,﻿120 boarders,﻿Under the direction of the Sisters of the Third Order of St. Dominic,,1868,﻿,﻿,﻿Milwaukee,Milwaukee
﻿mil.wi.0306,﻿school,﻿St. Agnes' Female School,English,﻿Charged with boarders and pupils,,,﻿Washington County,﻿Washington County,﻿Barton,﻿Barton,﻿WI,,43.43789,-88.185299,,,,,,,,,,,,﻿Conducted by the Sisters of St. Agnes Community,,1868,﻿,﻿,﻿Milwaukee,Milwaukee
﻿mil.wi.0292_04,﻿school,﻿The Mother's House - St. Clara's Convent,English,,﻿Located at Benton.,,,,﻿Benton,,﻿WI,,42.567259,-90.378844,,,,﻿m-josephine_mil.wi_001,﻿Sister,﻿M. Josephine,,﻿Directress,,﻿student,﻿100 pupils,,,1868,﻿,﻿,﻿Milwaukee,Milwaukee
﻿mil.wi.0292_04,﻿school,﻿The Mother's House - St. Clara's Convent,English,﻿Connected with it are two schools - a select and a parochial school.,﻿Located at Benton.,,,,﻿Benton,,﻿WI,,42.567259,-90.378844,,,,,,,,,,﻿religious,﻿100 pupils,,,1868,﻿,﻿,﻿Milwaukee,Milwaukee
﻿mil.wi.0432,﻿academy,﻿Bethlehem Academy,English,﻿Boarding school; a select and parochial school,,,,,﻿Faribault,,﻿MN,,44.288611,-93.2725,,,,﻿m-gertrude_mil.wi_001,﻿Sister,﻿M. Gertrude,,﻿Directress,,﻿religious,﻿5 sisters,,,1868,﻿,﻿,﻿Milwaukee,Milwaukee
﻿mil.wi.0432,﻿academy,﻿Bethlehem Academy,English,﻿Boarding school; a select and parochial school,,,,,﻿Faribault,,﻿MN,,44.288611,-93.2725,,,,,,,,,,﻿student,﻿125 pupils,,,1868,﻿,﻿,﻿Milwaukee,Milwaukee
﻿mil.wi.0297,﻿school,﻿St. Agnes' Academy,English,,,,﻿,﻿Winnebago County,﻿Oshkosh,﻿Oshkosh,﻿WI,,44.048403,-88.543971,,,,﻿m-thomasina_mil.wi_001,﻿Sister,﻿M. Thomasina,,﻿Directress,,﻿religious,﻿3 Sisters,,,1868,﻿,﻿,﻿Milwaukee,Milwaukee
﻿mil.wi.0297,﻿school,﻿St. Agnes' Academy,English,,,,﻿,﻿Winnebago County,﻿Oshkosh,﻿Oshkosh,﻿WI,,44.048403,-88.543971,,,,,,,,,,﻿student,﻿250 pupils,,,1868,﻿,﻿,﻿Milwaukee,Milwaukee
﻿mil.wi.0433,﻿school,﻿St. Dominic's,English,,,,,,﻿Portage City,,﻿WI,,43.55,-89.466667,,,,﻿m-agnes_mil.wi_001,﻿Sister,﻿M. Agnes,,﻿Directress,,﻿religious,﻿3 sisters,,,1868,﻿,﻿,﻿Milwaukee,Milwaukee
﻿mil.wi.0433,﻿school,﻿St. Dominic's,English,,,,,,﻿Portage City,,﻿WI,,43.55,-89.466667,,,,,,,,,,﻿student,﻿100 pupils,,,1868,﻿,﻿,﻿Milwaukee,Milwaukee
﻿mil.wi.0434,﻿school,﻿St. Rose de Lima,English,,,,,,﻿Shullsburg,,﻿WI,,42.574064,-90.230665,,,,﻿m-imelda_mil.wi_001,﻿Sister,﻿M. Imelda,,﻿Directress,,﻿religious,﻿3 sisters,,,1868,﻿,﻿,﻿Milwaukee,Milwaukee
﻿mil.wi.0434,﻿school,﻿St. Rose de Lima,English,,,,,,﻿Shullsburg,,﻿WI,,42.574064,-90.230665,,,,,,,,,,﻿student,﻿75 pupils,,,1868,﻿,﻿,﻿Milwaukee,Milwaukee
﻿mil.wi.0435,﻿school,﻿St. Mary's,English,,,,,,﻿New-Diggings,,﻿WI,,42.564722,-90.333056,,,,,,,,,,﻿religious,﻿2 sisters,,,1868,﻿,﻿,﻿Milwaukee,Milwaukee
﻿mil.wi.0435,﻿school,﻿St. Mary's,English,,,,,,﻿New-Diggings,,﻿WI,,42.564722,-90.333056,,,,,,,,,,﻿student,﻿125 pupils,,,1868,﻿,﻿,﻿Milwaukee,Milwaukee
﻿mil.wi.0261,﻿school,﻿St. Rosa's Select School,English,,"﻿On Van Buren, between Biddle and Oneida streets",,,﻿Milwaukee County,﻿Milwaukee,﻿Milwaukee,﻿WI,,43.042145,-87.90332,,,,﻿camilla_mil.wi_001,﻿Sister,﻿Camilla,,﻿Sister-Servant,,﻿student,﻿75 pupils,﻿Conducted by the Daughters of Charity,,1868,﻿,﻿,﻿Milwaukee,Milwaukee
﻿mil.wi.0262,﻿school,﻿St. Rosa's Free School,English,,,,﻿,﻿Milwaukee County,,,﻿WI,,43.042145,-87.90332,,,,,,,,,,﻿student,﻿90 pupils,﻿Under the care of Daughters of Charity,,1868,﻿,﻿,﻿Milwaukee,Milwaukee
﻿mil.wi.0010_02,﻿school,﻿Day-Schools of St. Mary's of the Holy Angels,English,,﻿Corner of Milwaukee and Knapp streets,,,﻿Milwaukee County,﻿Milwaukee,﻿Milwaukee,﻿WI,,43.047156,-87.907544,,,,﻿m-ernesta_mil.wi_001,﻿Sister,﻿Mary Ernesta,,﻿Directress,,﻿religious,﻿12 Sisters employed in teaching,﻿Conducted by the School Sisters of Notre Dame,,1868,﻿,﻿,﻿Milwaukee,Milwaukee
﻿mil.wi.0010_02,﻿school,﻿Day-Schools of St. Mary's of the Holy Angels,English,,﻿Corner of Milwaukee and Knapp streets,,,﻿Milwaukee County,﻿Milwaukee,﻿Milwaukee,﻿WI,,43.047156,-87.907544,,,,,,,,,,﻿student,﻿500 pupils,﻿Conducted by the School Sisters of Notre Dame,,1868,﻿,﻿,﻿Milwaukee,Milwaukee
﻿mil.wi.0264,﻿school,﻿St. Mary's Parish School,﻿German and English,,,,,﻿Milwaukee County,﻿Milwaukee,﻿Milwaukee,﻿WI,,43.042173,-87.907964,,,,﻿m-solina_mil.wi_001,﻿Sister,﻿Mary Solina,,﻿Directress,,﻿student,﻿520 pupils,﻿Conducted by the School Sisters of Notre Dame,,1868,﻿,﻿,﻿Milwaukee,Milwaukee
﻿mil.wi.0265,﻿school,﻿Holy Trinity Parish School,English,﻿for girls,,,﻿,﻿Milwaukee County,﻿Milwaukee,﻿Milwaukee,﻿WI,,43.025057,-87.91582,,,,﻿m-michaela_mil.wi_001,﻿Sister,﻿Mary Michaela,,﻿Directress,,﻿religious,﻿3 Sisters,﻿Conducted by the School Sisters of Notre Dame,,1868,﻿,﻿,﻿Milwaukee,Milwaukee
﻿mil.wi.0265,﻿school,﻿Holy Trinity Parish School,English,﻿for girls,,,﻿,﻿Milwaukee County,﻿Milwaukee,﻿Milwaukee,﻿WI,,43.025057,-87.91582,,,,,,,,,,﻿student,﻿310 pupils,﻿Conducted by the School Sisters of Notre Dame,,1868,﻿,﻿,﻿Milwaukee,Milwaukee
﻿mil.wi.0266,﻿school,﻿St. Joseph's Parish School,English,,,,﻿,﻿Milwaukee County,﻿Milwaukee,﻿Milwaukee,﻿WI,,43.04987,-87.926109,,,,﻿m-f_xavier_mil.wi_001,﻿Sister,﻿Mary F. Xavier,,﻿Directress,,﻿religious,﻿3 Sisters,﻿Conducted by the School Sisters of Notre Dame,,1868,﻿,﻿,﻿Milwaukee,Milwaukee
﻿mil.wi.0266,﻿school,﻿St. Joseph's Parish School,English,,,,﻿,﻿Milwaukee County,﻿Milwaukee,﻿Milwaukee,﻿WI,,43.04987,-87.926109,,,,,,,,,,﻿student,﻿650 pupils,﻿Conducted by the School Sisters of Notre Dame,,1868,﻿,﻿,﻿Milwaukee,Milwaukee
﻿mil.wi.0269,﻿school,﻿St. Cecilia's Parish School,English,,,,﻿,,﻿Mount Carmel,,﻿WI,,43.78444,-88.787868,,,,﻿m-peter_mil.wi_001,﻿Sister,﻿Mary Peter,,﻿Directress,,﻿religious,﻿5 Sisters,﻿Conducted by the School Sisters of Notre Dame,,1868,﻿,﻿,﻿Milwaukee,Milwaukee
﻿mil.wi.0269,﻿school,﻿St. Cecilia's Parish School,English,,,,﻿,,﻿Mount Carmel,,﻿WI,,43.78444,-88.787868,,,,,,,,,,﻿student,﻿210 pupils,﻿Conducted by the School Sisters of Notre Dame,,1868,﻿,﻿,﻿Milwaukee,Milwaukee
﻿mil.wi.0269,﻿school,﻿St. Cecilia's Parish School,English,,,,﻿,,﻿Mount Carmel,,﻿WI,,43.78444,-88.787868,,,,,,,,,,﻿student,﻿12 boarders,﻿Conducted by the School Sisters of Notre Dame,,1868,﻿,﻿,﻿Milwaukee,Milwaukee
﻿mil.wi.0270,﻿school,﻿St. Bernard's Parish School,English,,,,﻿,﻿Dodge County,﻿Watertown,﻿Watertown,﻿WI,,43.193918,-88.729292,,,,﻿m-patritia_mil.wi_001,﻿Sister,﻿Mary Patritia,,﻿Directress,,﻿religious,﻿3 Sisters,﻿Conducted by the School Sisters of Notre Dame,,1868,﻿,﻿,﻿Milwaukee,Milwaukee
﻿mil.wi.0270,﻿school,﻿St. Bernard's Parish School,English,,,,﻿,﻿Dodge County,﻿Watertown,﻿Watertown,﻿WI,,43.193918,-88.729292,,,,,,,,,,﻿student,﻿260 pupils,﻿Conducted by the School Sisters of Notre Dame,,1868,﻿,﻿,﻿Milwaukee,Milwaukee
﻿mil.wi.0271,﻿school,﻿Holy Trinity Parish School,English,,,,﻿,﻿Kenosha County,﻿Kenosha,﻿Kenosha,﻿WI,,42.56849,-87.825207,,,,﻿m-verena_mil.wi_001,﻿Sister,﻿Mary Verena,,﻿Directress,,﻿religious,﻿3 Sisters,﻿Conducted by the School Sisters of Notre Dame,,1868,﻿,﻿,﻿Milwaukee,Milwaukee
﻿mil.wi.0271,﻿school,﻿Holy Trinity Parish School,English,,,,﻿,﻿Kenosha County,﻿Kenosha,﻿Kenosha,﻿WI,,42.56849,-87.825207,,,,,,,,,,﻿student,﻿200 pupils,﻿Conducted by the School Sisters of Notre Dame,,1868,﻿,﻿,﻿Milwaukee,Milwaukee
﻿mil.wi.0193_02,﻿school,﻿St. Mary's Parish School,English,,,,﻿,﻿Sheboygan County,﻿Sheboygan,﻿Sheboygan,﻿WI,,43.760482,-87.71347,,,,﻿m-pia_mil.wi_001,﻿Sister,﻿Mary Pia,,﻿Directress,,﻿religious,﻿3 Sisters,﻿Conducted by the School Sisters of Notre Dame,,1868,﻿,﻿,﻿Milwaukee,Milwaukee
﻿mil.wi.0193_02,﻿school,﻿St. Mary's Parish School,English,,,,﻿,﻿Sheboygan County,﻿Sheboygan,﻿Sheboygan,﻿WI,,43.760482,-87.71347,,,,,,,,,,﻿student,﻿200 pupils,﻿Conducted by the School Sisters of Notre Dame,,1868,﻿,﻿,﻿Milwaukee,Milwaukee
﻿mil.wi.0030_02,﻿school,﻿St. Mary's Parish School,English,,,,﻿,﻿Racine County,﻿Burlington,﻿Burlington,﻿WI,,42.675796,-88.281435,,,,﻿m-calasanctia_mil.wi_001,﻿Sister,﻿Mary Calasanctia,,﻿Directress,,﻿religious,﻿4 Sisters,﻿Conducted by the School Sisters of Notre Dame,,1868,﻿,﻿,﻿Milwaukee,Milwaukee
﻿mil.wi.0030_02,﻿school,﻿St. Mary's Parish School,English,,,,﻿,﻿Racine County,﻿Burlington,﻿Burlington,﻿WI,,42.675796,-88.281435,,,,,,,,,,﻿student,﻿250 pupils,﻿Conducted by the School Sisters of Notre Dame,,1868,﻿,﻿,﻿Milwaukee,Milwaukee
﻿mil.wi.0274,﻿school,﻿St. Mary's School,English,,,,﻿,﻿Dodge County,﻿Beaver Dam,﻿Beaver Dam,﻿WI,,43.443629,-88.858722,,,,﻿m-coletta_mil.wi_001,﻿Sister,﻿Mary Coletta,,﻿Directress,,﻿religious,﻿3 Sisters,﻿Conducted by the School Sisters of Notre Dame,,1868,﻿,﻿,﻿Milwaukee,Milwaukee
﻿mil.wi.0274,﻿school,﻿St. Mary's School,English,,,,﻿,﻿Dodge County,﻿Beaver Dam,﻿Beaver Dam,﻿WI,,43.443629,-88.858722,,,,,,,,,,﻿student,﻿215 pupils,﻿Conducted by the School Sisters of Notre Dame,,1868,﻿,﻿,﻿Milwaukee,Milwaukee
﻿mil.wi.0436,﻿school,﻿St. Mary's Parish School,English,,,,,,﻿Green Bay,,﻿WI,,44.513333,-88.015833,,,,﻿m-bruno_mil.wi_001,﻿Sister,﻿Mary Bruno,,﻿Directress,,﻿religious,﻿4 sisters,﻿Conducted by the School Sisters of Notre Dame,,1868,﻿,﻿,﻿Milwaukee,Milwaukee
﻿mil.wi.0436,﻿school,﻿St. Mary's Parish School,English,,,,,,﻿Green Bay,,﻿WI,,44.513333,-88.015833,,,,,,,,,,﻿student,﻿300 pupils,﻿Conducted by the School Sisters of Notre Dame,,1868,﻿,﻿,﻿Milwaukee,Milwaukee
﻿mil.wi.0275,﻿school,﻿Holy Redeemer's Parish School,English,,,,﻿,﻿Dane County,﻿Madison,﻿Madison,﻿WI,,43.075608,-89.389217,,,,﻿m-joachima_mil.wi_001,﻿Sister,﻿Mary Joachima,,﻿Directress,,﻿religious,﻿3 Sisters,﻿Conducted by the School Sisters of Notre Dame,,1868,﻿,﻿,﻿Milwaukee,Milwaukee
﻿mil.wi.0275,﻿school,﻿Holy Redeemer's Parish School,English,,,,﻿,﻿Dane County,﻿Madison,﻿Madison,﻿WI,,43.075608,-89.389217,,,,,,,,,,﻿student,﻿243 pupils,﻿Conducted by the School Sisters of Notre Dame,,1868,﻿,﻿,﻿Milwaukee,Milwaukee
﻿mil.wi.0276,﻿school,﻿St. Raphael's Parish School,English,,,,﻿,﻿Dane County,﻿Madison,﻿Madison,﻿WI,,43.072394,-89.386004,,,,﻿m-evarista_mil.wi_001,﻿Sister,﻿Mary Evarista,,﻿Directress,,﻿religious,﻿3 Sisters,﻿Conducted by the School Sisters of Notre Dame,,1868,﻿,﻿,﻿Milwaukee,Milwaukee
﻿mil.wi.0276,﻿school,﻿St. Raphael's Parish School,English,,,,﻿,﻿Dane County,﻿Madison,﻿Madison,﻿WI,,43.072394,-89.386004,,,,,,,,,,﻿student,﻿250 pupils,﻿Conducted by the School Sisters of Notre Dame,,1868,﻿,﻿,﻿Milwaukee,Milwaukee
﻿lac.wi.0082,﻿school,﻿St. Joseph's Parish School,English,,,,,,﻿La Crosse,﻿La Crosse,﻿WI,,43.805853,-91.236614,,,,﻿m-c_borromeo_mil.wi_001,﻿Sister,﻿Mary C. Borromeo,,﻿Directress,,﻿religious,﻿4 sisters,﻿Conducted by the School Sisters of Notre Dame,,1868,﻿,﻿,﻿Milwaukee,Milwaukee
﻿lac.wi.0082,﻿school,﻿St. Joseph's Parish School,English,,,,,,﻿La Crosse,﻿La Crosse,﻿WI,,43.805853,-91.236614,,,,,,,,,,﻿student,﻿300 pupils,﻿Conducted by the School Sisters of Notre Dame,,1868,﻿,﻿,﻿Milwaukee,Milwaukee
﻿mil.wi.0277,﻿school,﻿St. Boniface's Parish School,English,,,,﻿,,﻿Brighton,,﻿WI,,42.6278164,-88.10066777,,,,﻿m-chrysantha_lac.wi_001,﻿Sister,﻿Mary Chrysantha,,﻿Directress,,﻿religious,﻿2 Sisters,﻿Conducted by the School Sisters of Notre Dame,,1868,﻿,﻿,﻿Milwaukee,Milwaukee
﻿mil.wi.0277,﻿school,﻿St. Boniface's Parish School,English,,,,﻿,,﻿Brighton,,﻿WI,,42.6278164,-88.10066777,,,,,,,,,,﻿student,﻿120 pupils,﻿Conducted by the School Sisters of Notre Dame,,1868,﻿,﻿,﻿Milwaukee,Milwaukee
﻿mil.wi.0301,﻿school,﻿St. Mary's Parish School,English,,,,﻿,﻿Racine County,﻿Racine,﻿Racine,﻿WI,,42.724484,-87.78494,,,,﻿m-rosa_mil.wi_001,﻿Sister,﻿Mary Rosa,,﻿Directress,,﻿religious,﻿3 Sisters,﻿Conducted by the School Sisters of Notre Dame,,1868,﻿,﻿,﻿Milwaukee,Milwaukee
﻿mil.wi.0301,﻿school,﻿St. Mary's Parish School,English,,,,﻿,﻿Racine County,﻿Racine,﻿Racine,﻿WI,,42.724484,-87.78494,,,,,,,,,,﻿student,﻿170 pupils,﻿Conducted by the School Sisters of Notre Dame,,1868,﻿,﻿,﻿Milwaukee,Milwaukee
﻿mil.wi.0437,﻿school,﻿St. Patrick's Parish School,English,,,,,,﻿Racine,,﻿WI,,42.6278164,-88.10066777,,,,﻿m-pius_mil.wi_001,﻿Sister,﻿Mary Pius,,﻿Directress,,﻿religious,﻿4 sisters,﻿Conducted by the School Sisters of Notre Dame,,1868,﻿,﻿,﻿Milwaukee,Milwaukee
﻿mil.wi.0437,﻿school,﻿St. Patrick's Parish School,English,,,,,,﻿Racine,,﻿WI,,42.6278164,-88.10066777,,,,,,,,,,﻿student,﻿215 pupils,﻿Conducted by the School Sisters of Notre Dame,,1868,﻿,﻿,﻿Milwaukee,Milwaukee
﻿mil.wi.0302,﻿school,﻿St. Norbert's Parish School,English,,,,﻿,﻿Dane County,﻿Roxbury,﻿Roxbury,﻿WI,,43.250644,-89.677281,,,,﻿m-dominica_mil.wi_001,﻿Sister,﻿Mary Dominica,,﻿Directress,,﻿religious,﻿3 Sisters,﻿Conducted by the School Sisters of Notre Dame,,1868,﻿,﻿,﻿Milwaukee,Milwaukee
﻿mil.wi.0302,﻿school,﻿St. Norbert's Parish School,English,,,,﻿,﻿Dane County,﻿Roxbury,﻿Roxbury,﻿WI,,43.250644,-89.677281,,,,,,,,,,﻿student,﻿150 pupils,﻿Conducted by the School Sisters of Notre Dame,,1868,﻿,﻿,﻿Milwaukee,Milwaukee
﻿mil.wi.0303,﻿school,﻿St. John Nepomucene's Parish School,English,,,,﻿Iowa County,﻿Iowa County,﻿Highland,﻿Highland,﻿WI,,43.056902,-90.498795,,,,﻿m-seraphina_mil.wi_001,﻿Sister,﻿Mary Seraphina,,﻿Directress,,﻿religious,﻿3 Sisters,﻿Conducted by the School Sisters of Notre Dame,,1868,﻿,﻿,﻿Milwaukee,Milwaukee
﻿mil.wi.0303,﻿school,﻿St. John Nepomucene's Parish School,English,,,,﻿,﻿Iowa County,﻿Highland,﻿Highland,﻿WI,,43.056902,-90.498795,,,,,,,,,,﻿student,﻿150 pupils,﻿Conducted by the School Sisters of Notre Dame,,1868,﻿,﻿,﻿Milwaukee,Milwaukee
﻿mil.wi.0283,﻿school,﻿St. Lawrence's,English,,﻿Near Jefferson,,﻿,,,,﻿WI,,43.004965,-88.779191,,,,﻿carolina_mil.wi_001,﻿Sister,﻿Carolina,,﻿Directress,,﻿religious,﻿2 Sisters,﻿Conducted by the Sisters of the Third Order of St. Francis Seraph,,1868,﻿,﻿,﻿Milwaukee,Milwaukee
﻿mil.wi.0283,﻿school,﻿St. Lawrence's,English,,﻿Near Jefferson,,﻿,,,,﻿WI,,43.004965,-88.779191,,,,,,,,,,﻿child,﻿About 130 children,﻿Conducted by the Sisters of the Third Order of St. Francis Seraph,,1868,﻿,﻿,﻿Milwaukee,Milwaukee
﻿mil.wi.0112_02,﻿school,﻿St. John Baptist's,English,,,,,,﻿Jefferson,,﻿WI,,43.006946,-88.80221,,,,﻿agnes_mil.wi_001,﻿Sister,﻿Agnes,,﻿Directress,,﻿religious,﻿2 sisters,﻿Conducted by the Sisters of the Third Order of St. Francis Seraph,,1868,﻿,﻿,﻿Milwaukee,Milwaukee
﻿mil.wi.0112_02,﻿school,﻿St. John Baptist's,English,,,,,,﻿Jefferson,,﻿WI,,43.006946,-88.80221,,,,,,,,,,﻿child,﻿About 120 children,﻿Conducted by the Sisters of the Third Order of St. Francis Seraph,,1868,﻿,﻿,﻿Milwaukee,Milwaukee
﻿mil.wi.0284,﻿school,﻿St. Patrick's,English,,,,﻿,﻿Rock County,﻿Janesville,﻿Janesville,﻿WI,,42.676364,-89.025287,,,,﻿alphonsa_mil.wi_001,﻿Sister,﻿Alphonsa,,﻿Directress,,﻿religious,﻿3 Sisters,﻿Conducted by the Sisters of the Third Order of St. Francis Seraph,,1868,﻿,﻿,﻿Milwaukee,Milwaukee
﻿mil.wi.0284,﻿school,﻿St. Patrick's,English,,,,﻿,﻿Rock County,﻿Janesville,﻿Janesville,﻿WI,,42.676364,-89.025287,,,,,,,,,,﻿child,﻿About 250 children,﻿Conducted by the Sisters of the Third Order of St. Francis Seraph,,1868,﻿,﻿,﻿Milwaukee,Milwaukee
﻿mil.wi.0279,﻿school,﻿St. Francis Xavier's,English,,,,﻿,﻿Dane County,﻿Cross Plains,﻿Cross Plains,﻿WI,,43.119824,-89.634631,,,,﻿ludovica_mil.wi_001,﻿Sister,﻿Ludovica,,﻿Directress,,﻿religious,﻿3 Sisters,﻿Conducted by the Sisters of the Third Order of St. Francis Seraph,,1868,﻿,﻿,﻿Milwaukee,Milwaukee
﻿mil.wi.0279,﻿school,﻿St. Francis Xavier's,English,,,,﻿,﻿Dane County,﻿Cross Plains,﻿Cross Plains,﻿WI,,43.119824,-89.634631,,,,,,,,,,﻿child,﻿About 160 children,﻿Conducted by the Sisters of the Third Order of St. Francis Seraph,,1868,﻿,﻿,﻿Milwaukee,Milwaukee
﻿mil.wi.0439,﻿school,﻿St. Boniface's,English,,,,,,﻿Germantown,,﻿WI,,43.223056,-88.120278,,,,﻿gertrude_mil.wi_001,﻿Sister,﻿Gertrude,,﻿Directress,,﻿religious,﻿3 sisters,﻿Conducted by the Sisters of the Third Order of St. Francis Seraph,,1868,﻿,﻿,﻿Milwaukee,Milwaukee
﻿mil.wi.0439,﻿school,﻿St. Boniface's,English,,,,,,﻿Germantown,,﻿WI,,43.223056,-88.120278,,,,,,,,,,﻿child,﻿About 130 children,﻿Conducted by the Sisters of the Third Order of St. Francis Seraph,,1868,﻿,﻿,﻿Milwaukee,Milwaukee
﻿mil.wi.0286,﻿school,﻿St. Mary's,English,,,,﻿,,﻿Franklin,,﻿WI,,42.910856,-88.044131,,,,﻿hyacintha_mil.wi_001,﻿Sister,﻿Hyacintha,,﻿Directress,,﻿religious,﻿3 Sisters,﻿Conducted by the Sisters of the Third Order of St. Francis Seraph,,1868,﻿,﻿,﻿Milwaukee,Milwaukee
﻿mil.wi.0286,﻿school,﻿St. Mary's,English,,,,﻿,,﻿Franklin,,﻿WI,,42.910856,-88.044131,,,,,,,,,,﻿child,﻿About 100 children,﻿Conducted by the Sisters of the Third Order of St. Francis Seraph,,1868,﻿,﻿,﻿Milwaukee,Milwaukee
﻿mil.wi.0440,﻿school,﻿St. John Evangelist's,English,,,,,,﻿Delphos,,﻿OH,,40.84363,-84.334917,,,,﻿ottilia_mil.wi_001,﻿Sister,﻿Ottilia,,﻿Directress,,﻿religious,﻿3 sisters,﻿Conducted by the Sisters of the Third Order of St. Francis Seraph,,1868,﻿,﻿,﻿Milwaukee,Milwaukee
﻿mil.wi.0440,﻿school,﻿St. John Evangelist's,English,,,,,,﻿Delphos,,﻿OH,,40.84363,-84.334917,,,,,,,,,,﻿child,﻿About 110 children,﻿Conducted by the Sisters of the Third Order of St. Francis Seraph,,1868,﻿,﻿,﻿Milwaukee,Milwaukee
﻿mil.wi.0287,﻿school,﻿St. Henry's,English,,,,﻿,﻿Dodge County,﻿Watertown,﻿Watertown,﻿WI,,43.196569,-88.720928,,,,﻿kiliana_mil.wi_001,﻿Sister,﻿Kiliana,,﻿Directress,,﻿religious,﻿3 Sisters,﻿Conducted by the Sisters of the Third Order of St. Francis Seraph,,1868,﻿,﻿,﻿Milwaukee,Milwaukee
﻿mil.wi.0287,﻿school,﻿St. Henry's,English,,,,﻿,﻿Dodge County,﻿Watertown,﻿Watertown,﻿WI,,43.196569,-88.720928,,,,,,,,,,﻿child,﻿About 170 children,﻿Conducted by the Sisters of the Third Order of St. Francis Seraph,,1868,﻿,﻿,﻿Milwaukee,Milwaukee
﻿mil.wi.0441,﻿school,﻿St. Louis,English,,,,,,﻿Caledonia,,﻿WI,,42.807253,-87.946334,,,,﻿cæcilia_mil.wi_001,﻿Sister,﻿Cæcilia,,﻿Directress,,﻿religious,﻿2 sisters,﻿Conducted by the Sisters of the Third Order of St. Francis Seraph,,1868,﻿,﻿,﻿Milwaukee,Milwaukee
﻿mil.wi.0441,﻿school,﻿St. Louis,English,,,,,,﻿Caledonia,,﻿WI,,42.807253,-87.946334,,,,,,,,,,﻿child,﻿About 60 children,﻿Conducted by the Sisters of the Third Order of St. Francis Seraph,,1868,﻿,﻿,﻿Milwaukee,Milwaukee
﻿mil.wi.0442_02,﻿school,[Unnamed Institution],English,,,,,,﻿Nojoshing,﻿St Francis,﻿WI,,42.969722,-87.876667,,,,﻿ameliana_mil.wi_001,﻿Sister,﻿Ameliana,,,,﻿child,﻿About 40 children,﻿Conducted by the Sisters of the Third Order of St. Francis Seraph,,1868,﻿,﻿,﻿Milwaukee,Milwaukee
﻿mil.wi.0320,﻿hospital,﻿St. Mary's Hospital,English,,﻿On North Point avenue,,﻿,﻿Milwaukee County,﻿Milwaukee,﻿Milwaukee,﻿WI,,43.061037,-87.880421,,,,﻿m-vincent_mil.wi_001,﻿Sister,﻿Mary Vincent,,﻿Sister-Servant,,﻿child,,﻿Under the charge of Daughters of Charity,,1868,﻿,﻿,﻿Milwaukee,Milwaukee
﻿mil.wi.0321,﻿asylum,﻿St. Emilian's Male Orphan Asylum,English,,﻿Near Milwaukee,,﻿,,,,﻿WI,,42.979754,-87.870546,,,,﻿mary_mil.wi_001,﻿Sister,﻿Mary,,﻿Superioress,,﻿child,﻿About 56 orphan boys,﻿Under the care of the Sisters of the Third Order of St. Francis Seraph,,1868,﻿,﻿,﻿Milwaukee,Milwaukee
﻿mil.wi.0322_01,﻿asylum,﻿St. Rosa's Female Orphan Asylum,English,,"﻿On Jackson, near Biddle street",,﻿Waukesha,﻿Milwaukee County,﻿Milwaukee,﻿Milwaukee,﻿WI,,43.043037,-87.904857,,,,﻿camilla_mil.wi_001,﻿Sister,﻿Camilla,,﻿Sister-Servant,,﻿child,﻿76 orphans,﻿Conducted by eight Daughters of Charity,,1868,﻿,﻿,﻿Milwaukee,Milwaukee
﻿mil.wi.0322_02,﻿asylum,﻿St. Joseph's Orphan Asylum,English,﻿For small female children,,,,﻿Milwaukee County,,﻿Milwaukee,﻿WI,,43.043037,-87.904857,,,,,,,,,,﻿child,﻿43 orphans,﻿Under the direction of Daughters of Charity,,1868,﻿,﻿,﻿Milwaukee,Milwaukee
﻿mil.wi.0066_02&0066_03,﻿asylum,﻿St. Mary's Orphan Asylum,English,﻿with a day-school,,,﻿Waukesha County,﻿Waukesha County,﻿Elm Grove,﻿Elm Grove,﻿WI,,43.044445,-88.074792,,,,﻿m-cœlestina_mil.wi_001,﻿Sister,﻿Mary Cœlestina,,﻿Directress,,﻿child,﻿40 orphans,﻿Under the direction of the School-Sisters of Notre Dame,,1868,﻿,﻿,﻿Milwaukee,Milwaukee
﻿mil.wi.0066_02&0066_03,﻿asylum,﻿St. Mary's Orphan Asylum,English,﻿with a day-school,,,﻿Waukesha County,﻿Waukesha County,﻿Elm Grove,﻿Elm Grove,﻿WI,,43.044445,-88.074792,,,,,,,,,,﻿student,﻿90 pupils,﻿Under the direction of the School-Sisters of Notre Dame,,1868,﻿,﻿,﻿Milwaukee,Milwaukee
