instID,church_type,instName,language,instNote,placeName,region,county_orig,county_reg,city_orig,city_reg,state_orig,state_reg,latitude,longitude,attendingInstID,attendingChurch,attendingChurchFrequency,persID,persTitle,persName,persSuffix,persRole,persNote,memberType,member,affiliated,order,year,Unnamed: 30,Unnamed: 31,attendingPersID,attendingChurchNote,diocese,diocese_reg
﻿phi.pa.0005,﻿cathedral,﻿St. Mary's,English,,,,,﻿Philadelphia County,﻿Philadelphia,﻿Philadelphia,﻿PA,﻿PA,39.945643,-75.148563,,,,﻿edw_barron_901,﻿Very Rev.,﻿Edward Barron,﻿D.D.,﻿Pastor,,,,,,1839,,,﻿,﻿,﻿Philadelphia,Philadelphia
﻿phi.pa.0005,﻿cathedral,﻿St. Mary's,English,,,,,﻿Philadelphia County,﻿Philadelphia,﻿Philadelphia,﻿PA,,39.945643,-75.148563,,,,﻿cha_j_carter_001,﻿Rev.,﻿Charles J. Carter,,﻿Assistant,,,,,,1839,,,﻿,﻿,﻿Philadelphia,Philadelphia
﻿phi.pa.0005,﻿cathedral,﻿St. Mary's,English,,,,,﻿Philadelphia County,﻿Philadelphia,﻿Philadelphia,﻿PA,,39.945643,-75.148563,,,,﻿joh_p_dunn_901,﻿Rev.,﻿John P. Dunn,,﻿Assistant,,,,,,1839,,,﻿,﻿,﻿Philadelphia,Philadelphia
﻿phi.pa.0006,﻿church,﻿St. Joseph's,English,,,,,﻿Philadelphia County,﻿Philadelphia,﻿Philadelphia,﻿PA,﻿PA,39.946554,-75.147571,,,,﻿joh_mcelroy_901,﻿Rev.,﻿John McElroy,﻿S. J.,﻿Pastor,,,,,,1839,,,﻿,﻿,﻿Philadelphia,Philadelphia
﻿phi.pa.0006,﻿church,﻿St. Joseph's,English,,,,,﻿Philadelphia County,﻿Philadelphia,﻿Philadelphia,﻿PA,,39.946554,-75.147571,,,,﻿fel_j_barbelin_001,﻿Rev.,﻿Felix Barbelin,﻿S. J.,,,,,,,1839,,,﻿,﻿,﻿Philadelphia,Philadelphia
﻿phi.pa.0007,﻿church,﻿St. Augustin's,English,,,,,﻿Philadelphia County,﻿Philadelphia,﻿Philadelphia,﻿PA,﻿PA,39.955527,-75.146585,,,,﻿jam_odonnell_901,﻿Rev.,﻿James O'Donnell,,﻿Pastor,,,,,,1839,,,﻿,﻿,﻿Philadelphia,Philadelphia
﻿phi.pa.0007,﻿church,﻿St. Augustin's,English,,,,,﻿Philadelphia County,﻿Philadelphia,﻿Philadelphia,﻿PA,,39.955527,-75.146585,,,,﻿tho_kyle_901,﻿Rev.,﻿Thomas Kyle,,,,,,,,1839,,,﻿,﻿,﻿Philadelphia,Philadelphia
﻿phi.pa.0009,﻿church,﻿Holy Trinity,English,,,,,﻿Philadelphia County,﻿Philadelphia,﻿Philidelphia,﻿PA,﻿PA,39.945508,-75.151895,,,,﻿oth_borgess_901,﻿Rev.,﻿Otho Borgess,,﻿Pastor,,,,,,1839,,,﻿,﻿,﻿Philadelphia,Philadelphia
﻿phi.pa.0004,﻿church,﻿St. John Evang.,English,,,,,﻿Philadelphia County,﻿Philidelphia,﻿Philidelphia,﻿PA,﻿PA,39.95127,-75.161381,,,,﻿fra_x_gartland_901,﻿Rev.,﻿Francis X. Gartland,,﻿Pastor,,,,,,1839,,,﻿,﻿,﻿Philadelphia,Philadelphia
﻿phi.pa.0004,﻿church,﻿St. John Evang.,English,,,,,﻿Philadelphia County,﻿Philidelphia,﻿Philidelphia,﻿PA,,39.95127,-75.161381,,,,﻿edw_j_sourin_001,﻿Rev.,﻿Edward Sourin,,,,,,,,1839,,,﻿,﻿,﻿Philadelphia,Philadelphia
﻿phi.pa.0010,﻿church,﻿St. Michael's,English,,,,,,﻿Philadelphia,﻿Philadelphia,﻿PA,﻿PA,39.973891,-75.13849,,,,﻿ter_j_donaghue_901,﻿Rev.,﻿Terence J. Donaghue,,﻿Pastor,,,,,,1839,,,﻿,﻿,﻿Philadelphia,Philadelphia
﻿phi.pa.0010,﻿church,﻿St. Michael's,English,,,,,,﻿Philadelphia,﻿Philadelphia,﻿PA,,39.973891,-75.13849,,,,﻿wil_whelan_901,﻿Rev.,﻿W. Whelan,,,,,,,,1839,,,﻿,﻿,﻿Philadelphia,Philadelphia
﻿pit.pa.0014,﻿church,﻿SS. Peter and Paul,English,,,,,,﻿Beaver,,﻿PA,,,,,,﻿[visited] last Sunday in the month [by] Rev. Edward F. Garland,﻿e_f_garland_001,﻿Rev.,﻿Edward F. Garland,,,,,,,,1839,,,﻿,﻿,﻿Philadelphia,Philadelphia
﻿pit.pa.0015,﻿church,﻿St. Thomas',English,,,,,﻿Bedford County,﻿Bedford,﻿Bedford,﻿PA,﻿PA,40.017667,-78.501518,,,﻿[visited] three Sundays in the month [by] Rev. Thomas Heyden,﻿tho_heyden_001,﻿Rev.,﻿Thomas Heyden,,,﻿dwelling at Newry,,,,,1839,,,﻿,﻿,﻿Philadelphia,Philadelphia
﻿har.pa.0041,﻿church,﻿St. John Evangelist,English,,,,,﻿Centre County,﻿Bellefonte,﻿Bellefonte,﻿PA,﻿PA,40.910814,-77.77628,,,,,,,,,﻿Vacant,,,,,1839,,,﻿,﻿,﻿Philadelphia,Philadelphia
﻿pit.pa.0019,﻿church,﻿SS. Simon and Jude,English,,,,,﻿Indiana County,﻿Blairsville,﻿Blairsville,﻿PA,﻿PA,40.432631,-79.258411,,,﻿[visited] twice a month [by] Rev. J. A. Stillinger,﻿jam_a_stillinger_001,﻿Rev.,﻿J. A. Stillinger,,,,,,,,1839,,,﻿,﻿,﻿Philadelphia,Philadelphia
﻿pit.pa.0026,﻿church,﻿St. Peter's,English,,,,,﻿Fayette County,﻿Brownsville,﻿Brownsville,﻿PA,﻿PA,40.022644,-79.877551,,,﻿[visited] thrice a month [by] Rev. M. Gallagher,﻿mic_gallagher_002,﻿Rev.,﻿M. Gallagher,,,﻿dwelling at Pittsburg,,,,,1839,,,﻿,﻿,﻿Philadelphia,Philadelphia
﻿pit.pa.9001,﻿church,﻿St. Peter's,English,,,,,,﻿Butler,,﻿PA,,,,,,﻿[visited] 3d Sunday's [by] Rev. Joseph Cody,﻿jos_cody_901,﻿Rev.,﻿Joseph Cody,,,"﻿dwelling at Sugar Creek township, Armstrong county",,,,,1839,,,﻿,﻿,﻿Philadelphia,Philadelphia
﻿pit.pa.0029,﻿church,﻿St. Patrick's,English,,,,,﻿Indiana County,﻿Cameron's Bottom,﻿Heilwood,﻿PA,﻿PA,40.594487,-78.915948,,,﻿[visited] once a month [by] Rev. Terrence McGirr,﻿ter_mcgirr_901,﻿Rev.,﻿Terrence McGirr,,,,,,,,1839,,,﻿,﻿,﻿Philadelphia,Philadelphia
﻿har.pa.0038,﻿church,﻿St. Patrick's,English,,,,,﻿Cumberland County,﻿Carlisle,﻿Carlisle,﻿PA,﻿PA,40.175016,-77.202593,﻿har.pa.0001,﻿attended from Harrisburg,﻿twice a month,,,,,,,,,,,1839,,,﻿,﻿,﻿Philadelphia,Philadelphia
﻿scr.pa.0020,﻿church,﻿St. Rose of Lima,English,,,,,﻿Lackawanna County,﻿Carbondale,﻿Carbondale,﻿PA,﻿PA,41.571882,-75.50116,,,﻿[visited] three times a month [by] Rev. H. Fitzsimmons,﻿hen_fitzsimmons_901,﻿Rev.,﻿H. Fitzsimmons,,,,,,,,1839,,,﻿,﻿,﻿Philadelphia,Philadelphia
﻿phi.pa.9000,﻿church,﻿St. Peter's,English,,,,,﻿Franklin County,﻿Chambersburg,﻿Chambersburg,﻿PA,﻿PA,39.937591,-77.661102,,,,,,,,,﻿Vacant,,,,,1839,,,﻿,﻿,﻿Philadelphia,Philadelphia
﻿phi.pa.9008,﻿church,﻿St. Basil's,English,,,,,,﻿Cherry Township,,﻿PA,,,,,﻿,,﻿joh_v_oreilly_001,﻿Rev.,﻿J. V. O'Reilly,,,,,,,,1839,,,﻿,﻿,﻿Philadelphia,Philadelphia
﻿erie.pa.0015,﻿church,﻿St. Francis of Assissium,English,,,,,﻿Clearfield County,﻿Clearfield,﻿Clearfield,﻿PA,﻿PA,41.019138,-78.439124,,,,,,,,,﻿Vacant,,,,,1839,,,﻿,﻿,﻿Philadelphia,Philadelphia
﻿har.pa.0010,﻿church,﻿St. Peter's,English,,,,,﻿Lancaster County,﻿Columbia,﻿Columbia,﻿PA,﻿PA,40.029572,-76.501867,,,﻿[visited] twice a month [by] Rev. B. Keenan,﻿ber_keenan_001,﻿Rev.,﻿B. Keenan,,,﻿dwelling at Lancaster,,,,,1839,,,﻿,﻿,﻿Philadelphia,Philadelphia
﻿har.pa.0023,﻿church,﻿Sacred Heart,English,,,,,﻿Adams County,﻿Conewago,﻿Conewago,﻿PA,﻿PA,39.818758,-77.037912,,,,﻿mat_lekeu_901,﻿Rev.,﻿Matthew Leken,﻿S.J.,,,,,,,1839,,,﻿,﻿,﻿Philadelphia,Philadelphia
﻿har.pa.0023,﻿church,﻿Sacred Heart,English,,,,,﻿Adams County,﻿Conewago,﻿Conewago,﻿PA,,39.818758,-77.037912,,,,﻿mic_dougherty_901,﻿Rev.,﻿Michael Dougherty,﻿S. J.,,,,,,,1839,,,﻿,﻿,﻿Philadelphia,Philadelphia
﻿har.pa.0023,﻿church,﻿Sacred Heart,English,,,,,﻿Adams County,﻿Conewago,﻿Conewago,﻿PA,,39.818758,-77.037912,,,,﻿nic_steinbacher_901,﻿Rev.,﻿Nicholas Steinbacher,﻿S. J.,,,,,,,1839,,,﻿,﻿,﻿Philadelphia,Philadelphia
﻿pit.pa.9007,﻿church,﻿St. Philip Beniti,English,,﻿Cussewago Creek,,﻿Crawford County,,,,﻿PA,,,,,,﻿[visited] once in five weeks [by] Rev. Bernard McCabe,﻿ber_mccabe_901,﻿Rev.,﻿Bernard McCabe,,,,,,,,1839,,,﻿,﻿,﻿Philadelphia,Philadelphia
﻿phi.pa.9001,﻿church,﻿Mount Carmel,English,,,,﻿Westmoreland County,,﻿Derry Township,,﻿PA,,,,,,﻿[visited] occasionally [by] Rev. J. A. Stillinger,﻿jam_a_stillinger_001,﻿Rev.,﻿J. A. Stillinger,,,,,,,,1839,,,﻿,﻿,﻿Philadelphia,Philadelphia
﻿phi.pa.0110,﻿church,﻿St. Bernard's,English,,,,,,﻿Easton,,﻿PA,,40.688333,-75.216389,,,﻿[visited every] 2d Sunday [by] Rev. James Maloney,﻿jam_maloney_901,﻿Rev.,﻿James Maloney,,,,,,,,1839,,,﻿,﻿,﻿Philadelphia,Philadelphia
﻿pit.pa.0042,﻿church,﻿St. Patrick's,English,,,,,﻿Cambria County,﻿Ebensburg,﻿Ebensburg,﻿PA,﻿PA,40.488786,-78.726489,,,﻿[visited] once a month [by] Rev. P. Lemke,﻿pet_lemke_901,﻿Rev.,﻿P. Lemke,,,﻿dwelling at Hart's Sleeping-Place,,,,,1839,,,﻿,﻿,﻿Philadelphia,Philadelphia
﻿har.pa.0015,﻿church,﻿St. Peter's,English,,,,,﻿Lancaster County,﻿Elizabethtown,﻿Elizabethtown,﻿PA,﻿PA,40.150028,-76.603783,﻿har.pa.0001,﻿attended from Harrisburg,﻿once a month,,,,,,,,,,,1839,,,﻿,﻿,﻿Philadelphia,Philadelphia
﻿phi.pa.9009,﻿chapel,[Unnamed Institution],English,,,,,,﻿Erie,,﻿PA,,,,,,﻿[visited every] 1st Sunday [by] Rev. B. McCabe,﻿ber_mccabe_901,﻿Rev.,﻿B. McCabe,,,,,,,,1839,,,﻿,﻿,﻿Philadelphia,Philadelphia
﻿pit.pa.0046,﻿church,﻿St. Mary's,English,,,,,﻿Armstrong County,﻿Freeport,﻿Freeport,﻿PA,﻿PA,40.674083,-79.683317,,,﻿[visited every] 1st Sunday [by] Rev. J. Cody,﻿jos_cody_901,﻿Rev.,﻿J.Cody,,,,,,,,1839,,,﻿,﻿,﻿Philadelphia,Philadelphia
﻿scr.pa.0088,﻿church,﻿St. Francis Xavier's,English,,,,,﻿Susquehanna County,﻿Friendvsville,﻿Friendvsville,﻿PA,﻿PA,41.918145,-76.047961,,,﻿[visited every] 1st Sunday [by] Rev. John V. O'Reilly,﻿joh_v_oreilly_001,﻿Rev.,﻿John V. O'Reilly,,,,,,,,1839,,,﻿,﻿,﻿Philadelphia,Philadelphia
﻿har.pa.0029,﻿church,﻿St. Francis Xavier's,English,,,,,﻿Adams County,﻿Gettysburg,﻿Gettysburg,﻿PA,﻿PA,39.828762,-77.231978,,,﻿[visited] once a month [by] Rev. M. Dougherty,﻿mic_dougherty_901,﻿Rev.,﻿M. Dougherty,,,﻿from Conewago,,,,,1839,,,﻿,﻿,﻿Philadelphia,Philadelphia
﻿phi.pa.0048,﻿church,﻿Most Holy Sacrament,English,,,,,﻿Berks County,﻿Goshenhoppen,﻿Bally,﻿PA,﻿PA,40.397764,-75.581185,,,,﻿aug_bally_001,﻿Rev.,﻿Augustus Balli,﻿S. J.,,,,,,,1839,,,﻿,﻿,﻿Philadelphia,Philadelphia
﻿phi.pa.0048,﻿church,﻿Most Holy Sacrament,English,,,,,﻿Berks County,﻿Goshenhoppen,﻿Bally,﻿PA,,40.397764,-75.581185,,,,﻿fra_varin_901,﻿Rev.,﻿Francis Varin,,,,,,,,1839,,,﻿,﻿,﻿Philadelphia,Philadelphia
﻿pit.pa.0050,﻿church,﻿St. John Bap.,English,,﻿Harman's Bottom,,,﻿Somerset County,,﻿New Baltimore,﻿PA,﻿PA,39.98369,-78.775494,,,﻿[visited] once a month [by] Rev. T. Heyden,﻿tho_heyden_001,﻿Rev.,﻿T. Heyden,,,,,,,,1839,,,﻿,﻿,﻿Philadelphia,Philadelphia
﻿har.pa.0001,﻿church,﻿St. Patrick's,English,,,,,﻿Dauphin County,﻿Harrisburg,﻿Harrisburg,﻿PA,﻿PA,40.263609,-76.886575,,,﻿[visited] twice a month [by] Rev. P. Maher,﻿pat_maher_901,﻿Rev.,﻿P. Maher,,,,,,,,1839,,,﻿,﻿,﻿Philadelphia,Philadelphia
﻿har.pa.0001,﻿church,﻿St. Patrick's,English,,,,,﻿Dauphin County,﻿Harrisburg,﻿Harrisburg,﻿PA,,40.263609,-76.886575,,,,﻿wil_loughran_901,﻿Rev.,﻿W. Loughran,,,,,,,,1839,,,﻿,﻿,﻿Philadelphia,Philadelphia
﻿phi.pa.9002,﻿church,﻿St. Dennis,English,,,,,,﻿Harford Township,,﻿PA,,41.779885,-75.707393,,,﻿[visited every] 2d and 4th Sunday [by] Rev. James Miller,﻿jam_a_miller_001,﻿Rev.,﻿James Miller,,,,,,,,1839,,,﻿,﻿,﻿Philadelphia,Philadelphia
﻿pit.pa.0051,﻿church,﻿St. Joseph's,English,,,,,﻿Cambria County,﻿Hart's Sleeping Place,﻿Patton,﻿PA,﻿PA,40.633337,-78.70815,,,﻿[visited] twice a month [by] Rev. P. Lemke,﻿pet_lemke_901,﻿Rev.,﻿P. Lemke,,,,,,,,1839,,,﻿,﻿,﻿Philadelphia,Philadelphia
﻿phi.pa.0055,﻿church,﻿St. John Bap.,English,,,,,﻿Bucks County,﻿Haycock,﻿Ottsville,﻿PA,﻿PA,40.499641,-75.205026,,,﻿[visited every] 1st Sunday [by] Rev. J. Maloney,﻿jam_maloney_901,﻿Rev.,﻿J. Maloney,,,,,,,,1839,,,﻿,﻿,﻿Philadelphia,Philadelphia
﻿pit.pa.0054,﻿church,﻿Holy Trinity,English,,,,,﻿Huntingdon County,﻿Huntingdon,﻿Huntingdon,﻿PA,﻿PA,40.486077,-78.013017,,,﻿[visited] once in two months [by] Rev. James Bradley,﻿jam_bradley_001,﻿Rev.,﻿James Bradley,,,,,,,,1839,,,﻿,﻿,﻿Philadelphia,Philadelphia
﻿pit.pa.0058,﻿church,﻿St. John Gualbert's,English,,,,,,﻿Johnstown,,﻿PA,,40.32526,-78.9153,,,﻿[visited every] 3d Sunday [by] Rev. Peter Lemke,﻿pet_lemke_901,﻿Rev.,﻿Peter Lemke,,,,,,,,1839,,,﻿,﻿,﻿Philadelphia,Philadelphia
﻿har.pa.0008,﻿church,﻿St. Mary's,English,,,,,﻿Lancaster County,﻿Lancaster,﻿Lancaster,﻿PA,﻿PA,40.035961,-76.306952,,,,﻿ber_keenan_001,﻿Rev.,﻿Bernard Keenan,,,,,,,,1839,,,﻿,﻿,﻿Philadelphia,Philadelphia
﻿har.pa.0039,﻿church,﻿All Saints,English,,,,,﻿Mifflin County,﻿Lewistown,﻿Lewistown,﻿PA,﻿PA,40.60023,-77.573135,,,,,,,,,﻿Vacant,,,,,1839,,,﻿,﻿,﻿Philadelphia,Philadelphia
﻿har.pa.0025,﻿church,﻿St. Aloysius,English,,,,,﻿Adams County,﻿Littlestown,﻿Littlestown,﻿PA,﻿PA,39.743424,-77.088094,,,﻿[visited] monthly [by] Rev. M. Dougherty,﻿mic_dougherty_901,﻿Rev.,﻿M. Dougherty,,,,,,,,1839,,,﻿,﻿,﻿Philadelphia,Philadelphia
﻿har.pa.0017,﻿church,﻿St. Patrick's,English,,,,,﻿York County,﻿Little York,﻿York,﻿PA,﻿PA,39.958321,-76.727611,,,,﻿p_rafferty_901,﻿Rev.,﻿P. Rafferty,,,,,,,,1839,,,﻿,﻿,﻿Philadelphia,Philadelphia
﻿pit.pa.9002,﻿church,﻿St. Michael's,English,,,,,﻿Cambria County,﻿Loretto,﻿Loretto,﻿PA,﻿PA,40.502492,-78.63034,,,﻿[visited] constantly [by] Rev. D. A. Gallitzin,﻿dem_a_gallitzin_901,﻿Rev.,﻿D. A. Gallitzin,,,,,,,,1839,,,﻿,﻿,﻿Philadelphia,Philadelphia
﻿har.pa.0005,﻿church,﻿St. Mary's,English,,,,,﻿Lebanon County,﻿Lebanon,﻿Lebanon,﻿PA,﻿PA,40.339628,-76.424267,﻿har.pa.0001,﻿from Harrisburg,,,,,,,,,,,,1839,,,﻿,﻿,﻿Philadelphia,Philadelphia
﻿cle.oh.0100,﻿church,[Unnamed Institution],English,,,,,,﻿Massillon,﻿Massillon,﻿PA,﻿OH,40.802379,-81.52292,,,,,,,,,﻿Vacant,,,,,1839,,,﻿,﻿,﻿Philadelphia,Philadelphia
﻿phi.pa.0036,﻿church,﻿St. John Bap.,English,,,,,﻿Philadelphia County,﻿Manayunk,﻿Philadelphia,﻿PA,﻿PA,40.024886,-75.220061,,,﻿[visited] constantly [by] Rev. D. Mulholland,﻿dav_mulholland_901,﻿Rev.,﻿D. Mulholland,,,,,,,,1839,,,﻿,﻿,﻿Philadelphia,Philadelphia
﻿erie.pa.0048,﻿church,﻿St. Hippolytus',English,,,,,,﻿Meadville,,﻿PA,,,,,,﻿[visited] once in five weeks [by] Rev. B. McCabe,﻿b_mccabe_901,﻿Rev.,﻿B. McCabe,,,,,,,,1839,,,﻿,﻿,﻿Philadelphia,Philadelphia
﻿har.pa.0058,﻿church,﻿St. Joseph's,English,,,,,﻿Northumberland County,﻿Milton,﻿Milton,﻿PA,﻿PA,41.020613,-76.851294,,,,﻿edw_mcginnis_901,﻿Rev.,﻿Edward Magennis,,,,,,,,1839,,,﻿,﻿,﻿Philadelphia,Philadelphia
﻿scr.pa.0028,﻿church,﻿St. Juliana,English,,﻿Mount Pleasant township,,,,,,﻿PA,,,,,,﻿[visited] once a month [by] Rev. H. Fitzsimmons,﻿hen_fitzsimmons_901,﻿Rev.,﻿H. Fitzsimmons,,,,,,,,1839,,,﻿,﻿,﻿Philadelphia,Philadelphia
﻿pit.pa.9003,﻿church,﻿St. Ignatius,English,,,,,,﻿Mountain Church,,﻿PA,,,,,,﻿[visited every] 4th Sunday [by] Rev. Michael Dougherty,﻿mic_dougherty_901,﻿Rev.,﻿Michael Dougherty,,,,,,,,1839,,,﻿,﻿,﻿Philadelphia,Philadelphia
﻿har.pa.9001,﻿chapel,[Unnamed Institution],English,,﻿McSherry's town,,,,,,﻿PA,,,,,,,﻿f_x_marshall_001,﻿Rev.,﻿Francis Marshall,,,,,,,,1839,,,﻿,﻿,﻿Philadelphia,Philadelphia
﻿pit.pa.0078,﻿church,﻿St. Patrick's,English,,,,,﻿Blair County,﻿Newry,﻿Newry,﻿PA,﻿PA,40.392622,-78.432967,,,﻿[visited] constantly [by] Rev. James Bradley,﻿jam_bradley_001,﻿Rev.,﻿James Bradley,,,,,,,,1839,,,﻿,﻿,﻿Philadelphia,Philadelphia
﻿erie.pa.0131,﻿church,﻿St. Stephen of Hungary,English,,﻿Oil Creek,,,,,﻿Oil City,﻿PA,,41.428333,-79.707222,,,﻿[visited] once in five weeks [by] Rev. B. McCabe,﻿ber_mccabe_901,﻿Rev.,﻿B. McCabe,,,,,,,,1839,,,﻿,﻿,﻿Philadelphia,Philadelphia
﻿har.pa.0021,﻿church,[Unnamed Institution],English,﻿a private chapel,,,,﻿York County,﻿Paradise,﻿Paradise,﻿PA,﻿PA,40.009823,-76.128565,,,,﻿joh_w_beschter_901,﻿Rev.,﻿J. W. Beschter,﻿S. J.,,,,,,,1839,,,﻿,﻿,﻿Philadelphia,Philadelphia
﻿har.pa.0034,﻿church,[Unnamed Institution],English,,,,,﻿Franklin County,﻿Path Valley,﻿Willow Hill,﻿PA,﻿PA,40.213537,-77.706378,,,,,,,,,﻿Vacant,,,,,1839,,,﻿,﻿,﻿Philadelphia,Philadelphia
﻿pit.pa.0001,﻿church,﻿St. Paul's,English,,,,,﻿Allegheny County,﻿Pittsburg,﻿Pittsburg,﻿PA,﻿PA,40.447834,-79.949973,,,,﻿joh_v_oreilly_001,﻿Rev.,﻿John O'Reilly,,﻿Pastor,,,,,,1839,,,﻿,﻿,﻿Philadelphia,Philadelphia
﻿pit.pa.0001,﻿church,﻿St. Paul's,English,,,,,﻿Allegheny County,﻿Pittsburg,﻿Pittsburg,﻿PA,,40.447834,-79.949973,,,,﻿e_f_garland_001,﻿Rev.,﻿Edward F. Garland,,﻿Ass't,,,,,,1839,,,﻿,﻿,﻿Philadelphia,Philadelphia
﻿pit.pa.0002,﻿church,﻿St. Patrick's,English,,,,,﻿Allegheny County,﻿Pittsburg,﻿Pittsburg,﻿PA,﻿PA,40.449545,-79.985124,,,,﻿nic_balleis_901,﻿Rev.,﻿N. Balleis,,,,,,,,1839,,,﻿,﻿,﻿Philadelphia,Philadelphia
﻿pit.pa.9010,﻿chapel,[Unnamed Institution],﻿German,﻿Closed,,,,,﻿Pittsburg,,﻿PA,,,,,,,,,,,,,,,,,1839,,"﻿definitely not St Paul, based on this site: https://pghshrines.org/history-st-stanislaus",﻿,﻿,﻿Philadelphia,Philadelphia
﻿phi.pa.0119,﻿church,﻿St. Patrick's,English,,,,,﻿Schuylkill County,﻿Pottsville,﻿Pottsville,﻿PA,﻿PA,40.683085,-76.197206,,,﻿[visited] three Sundays [by] Rev. A. Wainwright,﻿a_wainwright_901,﻿Rev.,﻿A. Wainwright,,,,,,,,1839,,,﻿,﻿,﻿Philadelphia,Philadelphia
﻿phi.pa.0043,﻿church,﻿St. Peter's,English,,,,,﻿Berks County,﻿Reading,﻿Reading,﻿PA,﻿PA,40.330048,-75.928594,,,,,,,,,﻿Vacant,,,,,1839,,,﻿,﻿,﻿Philadelphia,Philadelphia
﻿pit.pa.9008,﻿church,﻿St. Nicholas Tolent,English,,,,,,﻿Red Bank,﻿Redbank Township,﻿PA,,41.4083,-79.2675,,,﻿[visited every] 4th Sunday [by] Rev. J. Cody,﻿jos_cody_901,﻿Rev.,﻿J. Cody,,,,,,,,1839,,,﻿,﻿,﻿Philadelphia,Philadelphia
﻿erie.pa.0112,﻿church,﻿St. Michael's,English,,,,,,﻿Shippenville,,﻿PA,,,,,,,,,,,,﻿Vacant,,,,,1839,,,﻿,﻿,﻿Philadelphia,Philadelphia
﻿scr.pa.0081,﻿church,﻿St. Augustin's,English,,,,,﻿Susquehanna County,﻿Silver Lake,﻿Brackney,﻿PA,﻿PA,41.96504,-75.953881,,,﻿[visited every] last Sunday [by] Rev. J. V. O'Reilly,﻿joh_v_oreilly_001,﻿Rev.,﻿J. V. O'Reilly,,,,,,,,1839,,,﻿,﻿,﻿Philadelphia,Philadelphia
﻿pit.pa.9011,﻿church,[Unnamed Institution],English,,﻿Sugar Creek township,,,,﻿Armstrong County,,﻿PA,,,,,,﻿[visited] 2d Sundays [by] Rev. Joseph Cody,﻿jos_cody_901,﻿Rev.,﻿Joseph Cody,,,,,,,,1839,,,﻿,﻿,﻿Philadelphia,Philadelphia
﻿phi.pa.0129,﻿church,﻿St. Jerom's,English,,,,,,﻿Tamaqua,,﻿PA,,40.797311,-75.969371,,,﻿[visited every] 3d Sunday [by] Rev. J. Maloney,﻿jam_maloney_901,﻿Rev.,﻿J. Maloney,,,,,,,,1839,,,﻿,﻿,﻿Philadelphia,Philadelphia
﻿har.pa.0033,﻿church,﻿St. Andrew's,English,,,,﻿Franklin County,,﻿Waynesburg,,﻿PA,,39.896389,-80.186389,,,,,,,,,﻿Vacant,,,,,1839,,,﻿,﻿,﻿Philadelphia,Philadelphia
﻿pit.pa.0101,﻿church,[Unnamed Institution],English,﻿church unfinished,,,﻿Green County,﻿Greene County,﻿Waynesburg,﻿Waynesburg,﻿PA,﻿PA,39.896235,-80.183643,,,,﻿mic_gallagher_002,﻿Rev.,﻿M. Gallagher,,,,,,,,1839,,,﻿,﻿,﻿Philadelphia,Philadelphia
﻿phi.pa.0070,﻿church,﻿Christ Church,English,,,,,﻿Chester County,﻿Westchester,﻿West Chester,﻿PA,﻿PA,39.959285,-75.608724,,,﻿[visited every] 3d Sunday [by] Rev. J. Miller,﻿jam_a_miller_001,﻿Rev.,﻿J. Miller,,,﻿Dw. at Philadelphia,,,,,1839,,,﻿,﻿,﻿Philadelphia,Philadelphia
﻿erie.pa.9000,﻿church,[Unnamed Institution],English,,,,﻿Warren County,,,,﻿PA,,,,,,﻿[visited] occasionally [by] Rev. B. McCabe,﻿ber_mccabe_901,﻿Rev.,﻿B. McCabe,,,,,,,,1839,,,﻿,﻿,﻿Philadelphia,Philadelphia
﻿pit.pa.0106,﻿church,﻿St. Vincent of Paul,English,,,,,,﻿Youngstown,,﻿PA,,40.280833,-79.365556,,,﻿[visited] twice a month [by] Rev. J. A. Stillinger,﻿jam_a_stillinger_001,﻿Rev.,﻿J. A. Stillinger,,,,,,,,1839,,,﻿,﻿,﻿Philadelphia,Philadelphia
﻿wil.de.0001,﻿church,﻿St. Peter's,English,,,,,﻿New Castle County,﻿Wilmington,﻿Wilmington,﻿DE,﻿DE,39.744655,-75.548391,,,,﻿pat_kenny_901,﻿Rev.,﻿Patrick Kenny,,,,,,,,1839,,,﻿,﻿,﻿Philadelphia,Philadelphia
﻿wil.de.0001,﻿church,﻿St. Peter's,English,,,,,﻿New Castle County,﻿Wilmington,﻿Wilmington,﻿DE,,39.744655,-75.548391,,,,﻿pat_reilly_901,﻿Rev.,﻿Patrick Reilly,,,,,,,,1839,,,﻿,﻿,﻿Philadelphia,Philadelphia
﻿wil.de.0006,﻿church,﻿St. Mary's,English,,,,,﻿New Castle County,﻿Coffee Run,﻿Hockessin,﻿DE,﻿DE,39.769081,-75.661697,,,﻿[visited] twice a month [by] Rev. P. Kenny,﻿pat_kenny_901,﻿Rev.,﻿P. Kenny,,,,,,,,1839,,,﻿,﻿,﻿Philadelphia,Philadelphia
﻿wil.de.0007,﻿church,﻿St. Peter's,English,,,,,﻿New Castle County,﻿New Castle,﻿New Castle,﻿DE,﻿DE,39.662515,-75.564684,,,﻿[visited] once a month [by] Rev. P. Reilly,﻿pat_reilly_901,﻿Rev.,﻿P. Reilly,,,,,,,,1839,,,﻿,﻿,﻿Philadelphia,Philadelphia
﻿new.nj.9000,﻿church,﻿B. Virgin of the Assumption,English,,,,,﻿Atlantic County,﻿Pleasant Mills,﻿Mullica Township,﻿NJ,﻿NJ,39.63816,-74.646569,,,﻿[visited every] 1st Sunday [by] Rev. J. A. Miller,﻿jam_a_miller_001,﻿Rev.,﻿J. A. Miller,,,,,,,,1839,,,﻿,﻿,﻿Philadelphia,Philadelphia
﻿new.nj.0102,﻿church,﻿St. John Bap,English,,,,,﻿Mercer County,﻿Trenton,﻿Trenton,﻿NJ,﻿NJ,40.199086,-74.758201,,,﻿[visited] constantly [by] Rev. D. Magorien,﻿dan_magorien_001,﻿Rev.,﻿D. Magorien,,,,,,,,1839,,,﻿,﻿,﻿Philadelphia,Philadelphia
﻿phi.pa.0144_02,﻿seminary,﻿Theological Seminary of St. Charles Borromeo,English,﻿Incorporated Last Year,,,,,﻿Philadelphia,,﻿PA,,39.95701433,-75.16916932,,,,﻿edw_barron_901,﻿Very Rev.,﻿Edward Barron,﻿D. D.,﻿President,,﻿student,﻿12 students,,,1839,,,﻿,﻿,﻿Philadelphia,Philadelphia
﻿phi.pa.0144_02,﻿seminary,﻿Theological Seminary of St. Charles Borromeo,English,﻿Incorporated Last Year,,,,,﻿Philadelphia,,﻿PA,,39.95701433,-75.16916932,,,,﻿pet_r_kenrick_901,﻿Very Rev.,﻿Peter R. Kenrick,,﻿Professor of Theology,,﻿student,﻿12 students,,,1839,,,﻿,﻿,﻿Philadelphia,Philadelphia
﻿phi.pa.0144_02,﻿seminary,﻿Theological Seminary of St. Charles Borromeo,English,﻿Incorporated Last Year,,,,,﻿Philadelphia,,﻿PA,,39.95701433,-75.16916932,,,,﻿edw_j_sourin_001,﻿Rev.,﻿Edward Sourin,,﻿Prof. of Scripture,,﻿student,﻿12 students,,,1839,,,﻿,﻿,﻿Philadelphia,Philadelphia
﻿phi.pa.0144_02,﻿seminary,﻿Theological Seminary of St. Charles Borromeo,English,﻿Incorporated Last Year,,,,,﻿Philadelphia,,﻿PA,,39.95701433,-75.16916932,,,,﻿jam_a_miller_001,﻿Rev.,﻿James Miller,,﻿Prof. of Mathematics,,﻿student,﻿12 students,,,1839,,,﻿,﻿,﻿Philadelphia,Philadelphia
﻿wil.de.0001_91,﻿boarding academy,﻿St. Peter's Boarding Academy for Young Ladies,English,,﻿Quaker Hill,,,,﻿Wilmington,,﻿DE,,39.744655,-75.548391,,,,,,,,,,﻿teacher,﻿20 to 30 scholars,﻿Sisters of Charity,,1839,,,﻿,﻿,﻿Philadelphia,Philadelphia
﻿wil.de.0001_03,﻿asylum,﻿St. Peter's Asylum,English,,,,,,﻿Wilmington,,﻿DE,,39.744655,-75.548391,,,,,,,,,,﻿religious,﻿4 sisters,﻿Sisters of Charity,,1839,,,﻿,﻿,﻿Philadelphia,Philadelphia
﻿wil.de.0001_02,﻿day school,﻿St. Peter's Day School,English,,,,,,﻿Wilmington,,﻿DE,,39.744655,-75.548391,,,,,,,,,,﻿religious,﻿4 sisters,﻿Sisters of Charity,,1839,,,﻿,﻿,﻿Philadelphia,Philadelphia
﻿har.pa.9000,﻿school,﻿St. John's Baptist's School,English,,,,,,﻿M'Sherrystown,,﻿PA,,39.804167,-77.019167,,,,,,,,,,﻿religious,﻿3 sisters,﻿Sisters of Charity,,1839,,,﻿,﻿,﻿Philadelphia,Philadelphia
﻿har.pa.9000,﻿school,﻿St. John's Baptist's School,English,,,,,,﻿M'Sherrystown,,﻿PA,,39.804167,-77.019167,,,,,,,,,,﻿boarder,﻿20 boarders,﻿Sisters of Charity,,1839,,,﻿,﻿,﻿Philadelphia,Philadelphia
﻿har.pa.9000,﻿school,﻿St. John's Baptist's School,English,,,,,,﻿M'Sherrystown,,﻿PA,,39.804167,-77.019167,,,,,,,,,,﻿student,﻿20 day scholars,﻿Sisters of Charity,,1839,,,﻿,﻿,﻿Philadelphia,Philadelphia
﻿phi.pa.0255,﻿asylum,﻿St. Joseph's Female Orphan Asylum,English,,,,,,﻿Philadelphia,,﻿PA,,39.94542,-75.153649,,,,,,,,,,﻿child,﻿60 orphans,﻿Sisters of Charity,,1839,,,﻿,﻿,﻿Philadelphia,Philadelphia
﻿phi.pa.0255,﻿asylum,﻿St. Joseph's Female Orphan Asylum,English,,,,,,﻿Philadelphia,,﻿PA,,39.94542,-75.153649,,,,,,,,,,﻿religious,﻿5 sisters,﻿Sisters of Charity,,1839,,,﻿,﻿,﻿Philadelphia,Philadelphia
﻿phi.pa.0004_92,﻿asylum,﻿St. John's Male Orphan Asylum,English,,,,,,﻿Philadelphia,,﻿PA,,39.95127,-75.161381,,,,,,,,,,﻿child,﻿60 boys,﻿Sisters of Charity,,1839,,,﻿,﻿,﻿Philadelphia,Philadelphia
﻿phi.pa.0004_93,﻿day school,﻿St. John's Day School for Boys,English,,,,,,﻿Philadelphia,,﻿PA,,39.95127,-75.161381,,,,,,,,,,﻿teacher,﻿40 scholars,﻿Sisters of Charity,,1839,,,﻿,﻿,﻿Philadelphia,Philadelphia
﻿phi.pa.0004_94,﻿day school,﻿St. John's Day School for Girls,English,,,,,,﻿Philadelphia,,﻿PA,,39.95127,-75.161381,,,,,,,,,,﻿teacher,﻿about 80 scholars,﻿Sisters of Charity,,1839,,,﻿,﻿,﻿Philadelphia,Philadelphia
﻿phi.pa.0004_94,﻿day school,﻿St. John's Day School for Girls,English,,,,,,﻿Philadelphia,,﻿PA,,39.95127,-75.161381,,,,,,,,,,﻿religious,﻿7 sisters,﻿Sisters of Charity,,1839,,,﻿,﻿,﻿Philadelphia,Philadelphia
﻿phi.pa.0005_92,﻿school,﻿St. Mary's Free School,English,,,,,,﻿Philadelphia,,﻿PA,,39.945643,-75.148563,,,,,,,,,,﻿teacher,﻿220 scholars,﻿Sisters of Charity,,1839,,,﻿,﻿,﻿Philadelphia,Philadelphia
﻿phi.pa.0005_92,﻿school,﻿St. Mary's Free School,English,,,,,,﻿Philadelphia,,﻿PA,,39.945643,-75.148563,,,,,,,,,,﻿religious,﻿3 sisters,﻿Sisters of Charity,,1839,,,﻿,﻿,﻿Philadelphia,Philadelphia
﻿phi.pa.0010_02,﻿school,﻿St. Michael's Free School,English,,,,,,﻿Philadelphia,,﻿PA,,39.973891,-75.13849,,,,,,,,,,﻿teacher,﻿160 scholars,,,1839,,,﻿,﻿,﻿Philadelphia,Philadelphia
﻿pit.pa.0124_02,﻿asylum,﻿St. Paul's Orphan Asylum,English,,,,,,﻿Pittsburg,,﻿PA,,,,,,,,,,,,,﻿child,﻿12 female orphans,﻿Sisters of Charity,,1839,,﻿http://www.info-ren.org/projects/btul/Pennsylvania/pastaff/ai/SPR.html,﻿,﻿,﻿Philadelphia,Philadelphia
﻿pit.pa.0124_02,﻿asylum,﻿St. Paul's Orphan Asylum,English,,,,,,﻿Pittsburg,,﻿PA,,,,,,,,,,,,,﻿religious,﻿four sisters,﻿Sisters of Charity,,1839,,,﻿,﻿,﻿Philadelphia,Philadelphia
﻿phi.pa.9007,﻿school,﻿St. Paul's School,English,,,,,,﻿Pittsburg,,﻿PA,,40.439722,-79.976389,,,,,,,,,,﻿teacher,﻿120 scholars,﻿Sisters of Charity,,1839,,,﻿,﻿,﻿Philadelphia,Philadelphia
﻿phi.pa.9007,﻿school,﻿St. Paul's School,English,,,,,,﻿Pittsburg,,﻿PA,,40.439722,-79.976389,,,,,,,,,,﻿religious,﻿four sisters,﻿Sisters of Charity,,1839,,,﻿,﻿,﻿Philadelphia,Philadelphia
﻿phi.pa.9006,﻿school,﻿St. Mary's School,English,,,,,,﻿Pottsville,,﻿PA,,,,,,,,,,,,,﻿religious,﻿three sisters,﻿Sisters of Charity,,1839,,,﻿,﻿,﻿Philadelphia,Philadelphia
﻿phi.pa.9006,﻿school,﻿St. Mary's School,English,,,,,,﻿Pottsville,,﻿PA,,,,,,,,,,,,,﻿teacher,﻿between 50 and 60,﻿Sisters of Charity,,1839,,,﻿,﻿,﻿Philadelphia,Philadelphia
﻿phi.pa.9006,﻿school,﻿St. Mary's School,English,,,,,,﻿Pottsville,,﻿PA,,,,,,,﻿#REF!,,,,,,﻿teacher,﻿between 50 and 60,﻿Sisters of Charity,,1839,,,﻿,﻿,﻿Philadelphia,Philadelphia
﻿phi.pa.9006,﻿school,﻿St. Mary's School,English,,,,,,﻿Pottsville,,﻿PA,,,,,,,﻿#REF!,,,,,,﻿teacher,﻿between 50 and 60,﻿Sisters of Charity,,1839,,,﻿,﻿,﻿Philadelphia,Philadelphia
﻿phi.pa.9006,﻿school,﻿St. Mary's School,English,,,,,,﻿Pottsville,,﻿PA,,,,,,,﻿#REF!,,,,,,﻿teacher,﻿between 50 and 60,﻿Sisters of Charity,,1839,,,﻿,﻿,﻿Philadelphia,Philadelphia
﻿phi.pa.9006,﻿school,﻿St. Mary's School,English,,,,,,﻿Pottsville,,﻿PA,,,,,,,﻿#REF!,,,,,,﻿teacher,﻿between 50 and 60,﻿Sisters of Charity,,1839,,,﻿,﻿,﻿Philadelphia,Philadelphia
﻿phi.pa.9006,﻿school,﻿St. Mary's School,English,,,,,,﻿Pottsville,,﻿PA,,,,,,,﻿#REF!,,,,,,﻿teacher,﻿between 50 and 60,﻿Sisters of Charity,,1839,,,﻿,﻿,﻿Philadelphia,Philadelphia
﻿phi.pa.9006,﻿school,﻿St. Mary's School,English,,,,,,﻿Pottsville,,﻿PA,,,,,,,﻿#REF!,,,,,,﻿teacher,﻿between 50 and 60,﻿Sisters of Charity,,1839,,,﻿,﻿,﻿Philadelphia,Philadelphia
﻿phi.pa.9006,﻿school,﻿St. Mary's School,English,,,,,,﻿Pottsville,,﻿PA,,,,,,,﻿#REF!,,,,,,﻿teacher,﻿between 50 and 60,﻿Sisters of Charity,,1839,,,﻿,﻿,﻿Philadelphia,Philadelphia
﻿phi.pa.9006,﻿school,﻿St. Mary's School,English,,,,,,﻿Pottsville,,﻿PA,,,,,,,﻿#REF!,,,,,,﻿teacher,﻿between 50 and 60,﻿Sisters of Charity,,1839,,,﻿,﻿,﻿Philadelphia,Philadelphia
﻿phi.pa.9006,﻿school,﻿St. Mary's School,English,,,,,,﻿Pottsville,,﻿PA,,,,,,,﻿#REF!,,,,,,﻿teacher,﻿between 50 and 60,﻿Sisters of Charity,,1839,,,﻿,﻿,﻿Philadelphia,Philadelphia
﻿phi.pa.9006,﻿school,﻿St. Mary's School,English,,,,,,﻿Pottsville,,﻿PA,,,,,,,﻿#REF!,,,,,,﻿teacher,﻿between 50 and 60,﻿Sisters of Charity,,1839,,,﻿,﻿,﻿Philadelphia,Philadelphia
﻿phi.pa.9006,﻿school,﻿St. Mary's School,English,,,,,,﻿Pottsville,,﻿PA,,,,,,,﻿#REF!,,,,,,﻿teacher,﻿between 50 and 60,﻿Sisters of Charity,,1839,,,﻿,﻿,﻿Philadelphia,Philadelphia
﻿phi.pa.9006,﻿school,﻿St. Mary's School,English,,,,,,﻿Pottsville,,﻿PA,,,,,,,﻿#REF!,,,,,,﻿teacher,﻿between 50 and 60,﻿Sisters of Charity,,1839,,,﻿,﻿,﻿Philadelphia,Philadelphia
﻿phi.pa.9006,﻿school,﻿St. Mary's School,English,,,,,,﻿Pottsville,,﻿PA,,,,,,,﻿#REF!,,,,,,﻿teacher,﻿between 50 and 60,﻿Sisters of Charity,,1839,,,﻿,﻿,﻿Philadelphia,Philadelphia
﻿phi.pa.9006,﻿school,﻿St. Mary's School,English,,,,,,﻿Pottsville,,﻿PA,,,,,,,﻿#REF!,,,,,,﻿teacher,﻿between 50 and 60,﻿Sisters of Charity,,1839,,,﻿,﻿,﻿Philadelphia,Philadelphia
﻿phi.pa.9006,﻿school,﻿St. Mary's School,English,,,,,,﻿Pottsville,,﻿PA,,,,,,,﻿#REF!,,,,,,﻿teacher,﻿between 50 and 60,﻿Sisters of Charity,,1839,,,﻿,﻿,﻿Philadelphia,Philadelphia
﻿phi.pa.9006,﻿school,﻿St. Mary's School,English,,,,,,﻿Pottsville,,﻿PA,,,,,,,﻿#REF!,,,,,,﻿teacher,﻿between 50 and 60,﻿Sisters of Charity,,1839,,,﻿,﻿,﻿Philadelphia,Philadelphia
﻿phi.pa.9006,﻿school,﻿St. Mary's School,English,,,,,,﻿Pottsville,,﻿PA,,,,,,,﻿#REF!,,,,,,﻿teacher,﻿between 50 and 60,﻿Sisters of Charity,,1839,,,﻿,﻿,﻿Philadelphia,Philadelphia
﻿phi.pa.9006,﻿school,﻿St. Mary's School,English,,,,,,﻿Pottsville,,﻿PA,,,,,,,﻿#REF!,,,,,,﻿teacher,﻿between 50 and 60,﻿Sisters of Charity,,1839,,,﻿,﻿,﻿Philadelphia,Philadelphia
﻿phi.pa.9006,﻿school,﻿St. Mary's School,English,,,,,,﻿Pottsville,,﻿PA,,,,,,,﻿#REF!,,,,,,﻿teacher,﻿between 50 and 60,﻿Sisters of Charity,,1839,,,﻿,﻿,﻿Philadelphia,Philadelphia
﻿phi.pa.9006,﻿school,﻿St. Mary's School,English,,,,,,﻿Pottsville,,﻿PA,,,,,,,﻿#REF!,,,,,,﻿teacher,﻿between 50 and 60,﻿Sisters of Charity,,1839,,,﻿,﻿,﻿Philadelphia,Philadelphia
﻿phi.pa.9006,﻿school,﻿St. Mary's School,English,,,,,,﻿Pottsville,,﻿PA,,,,,,,﻿#REF!,,,,,,﻿teacher,﻿between 50 and 60,﻿Sisters of Charity,,1839,,,﻿,﻿,﻿Philadelphia,Philadelphia
﻿phi.pa.9006,﻿school,﻿St. Mary's School,English,,,,,,﻿Pottsville,,﻿PA,,,,,,,﻿#REF!,,,,,,﻿teacher,﻿between 50 and 60,﻿Sisters of Charity,,1839,,,﻿,﻿,﻿Philadelphia,Philadelphia
﻿phi.pa.9006,﻿school,﻿St. Mary's School,English,,,,,,﻿Pottsville,,﻿PA,,,,,,,﻿#REF!,,,,,,﻿teacher,﻿between 50 and 60,﻿Sisters of Charity,,1839,,,﻿,﻿,﻿Philadelphia,Philadelphia
﻿phi.pa.9006,﻿school,﻿St. Mary's School,English,,,,,,﻿Pottsville,,﻿PA,,,,,,,﻿#REF!,,,,,,﻿teacher,﻿between 50 and 60,﻿Sisters of Charity,,1839,,,﻿,﻿,﻿Philadelphia,Philadelphia
﻿phi.pa.9006,﻿school,﻿St. Mary's School,English,,,,,,﻿Pottsville,,﻿PA,,,,,,,﻿#REF!,,,,,,﻿teacher,﻿between 50 and 60,﻿Sisters of Charity,,1839,,,﻿,﻿,﻿Philadelphia,Philadelphia
﻿phi.pa.9006,﻿school,﻿St. Mary's School,English,,,,,,﻿Pottsville,,﻿PA,,,,,,,﻿#REF!,,,,,,﻿teacher,﻿between 50 and 60,﻿Sisters of Charity,,1839,,,﻿,﻿,﻿Philadelphia,Philadelphia
﻿phi.pa.9006,﻿school,﻿St. Mary's School,English,,,,,,﻿Pottsville,,﻿PA,,,,,,,﻿#REF!,,,,,,﻿teacher,﻿between 50 and 60,﻿Sisters of Charity,,1839,,,﻿,﻿,﻿Philadelphia,Philadelphia
﻿phi.pa.9006,﻿school,﻿St. Mary's School,English,,,,,,﻿Pottsville,,﻿PA,,,,,,,﻿#REF!,,,,,,﻿teacher,﻿between 50 and 60,﻿Sisters of Charity,,1839,,,﻿,﻿,﻿Philadelphia,Philadelphia
﻿phi.pa.9006,﻿school,﻿St. Mary's School,English,,,,,,﻿Pottsville,,﻿PA,,,,,,,﻿#REF!,,,,,,﻿teacher,﻿between 50 and 60,﻿Sisters of Charity,,1839,,,﻿,﻿,﻿Philadelphia,Philadelphia
﻿phi.pa.9006,﻿school,﻿St. Mary's School,English,,,,,,﻿Pottsville,,﻿PA,,,,,,,﻿#REF!,,,,,,﻿teacher,﻿between 50 and 60,﻿Sisters of Charity,,1839,,,﻿,﻿,﻿Philadelphia,Philadelphia
﻿phi.pa.9006,﻿school,﻿St. Mary's School,English,,,,,,﻿Pottsville,,﻿PA,,,,,,,﻿#REF!,,,,,,﻿teacher,﻿between 50 and 60,﻿Sisters of Charity,,1839,,,﻿,﻿,﻿Philadelphia,Philadelphia
﻿phi.pa.9006,﻿school,﻿St. Mary's School,English,,,,,,﻿Pottsville,,﻿PA,,,,,,,﻿#REF!,,,,,,﻿teacher,﻿between 50 and 60,﻿Sisters of Charity,,1839,,,﻿,﻿,﻿Philadelphia,Philadelphia
﻿phi.pa.9006,﻿school,﻿St. Mary's School,English,,,,,,﻿Pottsville,,﻿PA,,,,,,,﻿#REF!,,,,,,﻿teacher,﻿between 50 and 60,﻿Sisters of Charity,,1839,,,﻿,﻿,﻿Philadelphia,Philadelphia
﻿phi.pa.9006,﻿school,﻿St. Mary's School,English,,,,,,﻿Pottsville,,﻿PA,,,,,,,﻿#REF!,,,,,,﻿teacher,﻿between 50 and 60,﻿Sisters of Charity,,1839,,,﻿,﻿,﻿Philadelphia,Philadelphia
﻿phi.pa.9006,﻿school,﻿St. Mary's School,English,,,,,,﻿Pottsville,,﻿PA,,,,,,,﻿#REF!,,,,,,﻿teacher,﻿between 50 and 60,﻿Sisters of Charity,,1839,,,﻿,﻿,﻿Philadelphia,Philadelphia
﻿phi.pa.9006,﻿school,﻿St. Mary's School,English,,,,,,﻿Pottsville,,﻿PA,,,,,,,﻿#REF!,,,,,,﻿teacher,﻿between 50 and 60,﻿Sisters of Charity,,1839,,,﻿,﻿,﻿Philadelphia,Philadelphia
﻿phi.pa.9006,﻿school,﻿St. Mary's School,English,,,,,,﻿Pottsville,,﻿PA,,,,,,,﻿#REF!,,,,,,﻿teacher,﻿between 50 and 60,﻿Sisters of Charity,,1839,,,﻿,﻿,﻿Philadelphia,Philadelphia
﻿phi.pa.9006,﻿school,﻿St. Mary's School,English,,,,,,﻿Pottsville,,﻿PA,,,,,,,﻿#REF!,,,,,,﻿teacher,﻿between 50 and 60,﻿Sisters of Charity,,1839,,,﻿,﻿,﻿Philadelphia,Philadelphia
﻿phi.pa.9006,﻿school,﻿St. Mary's School,English,,,,,,﻿Pottsville,,﻿PA,,,,,,,﻿#REF!,,,,,,﻿teacher,﻿between 50 and 60,﻿Sisters of Charity,,1839,,,﻿,﻿,﻿Philadelphia,Philadelphia
﻿phi.pa.9006,﻿school,﻿St. Mary's School,English,,,,,,﻿Pottsville,,﻿PA,,,,,,,﻿#REF!,,,,,,﻿teacher,﻿between 50 and 60,﻿Sisters of Charity,,1839,,,﻿,﻿,﻿Philadelphia,Philadelphia
﻿phi.pa.9006,﻿school,﻿St. Mary's School,English,,,,,,﻿Pottsville,,﻿PA,,,,,,,﻿#REF!,,,,,,﻿teacher,﻿between 50 and 60,﻿Sisters of Charity,,1839,,,﻿,﻿,﻿Philadelphia,Philadelphia
﻿phi.pa.9006,﻿school,﻿St. Mary's School,English,,,,,,﻿Pottsville,,﻿PA,,,,,,,﻿#REF!,,,,,,﻿teacher,﻿between 50 and 60,﻿Sisters of Charity,,1839,,,﻿,﻿,﻿Philadelphia,Philadelphia
﻿phi.pa.9006,﻿school,﻿St. Mary's School,English,,,,,,﻿Pottsville,,﻿PA,,,,,,,﻿#REF!,,,,,,﻿teacher,﻿between 50 and 60,﻿Sisters of Charity,,1839,,,﻿,﻿,﻿Philadelphia,Philadelphia
﻿phi.pa.9006,﻿school,﻿St. Mary's School,English,,,,,,﻿Pottsville,,﻿PA,,,,,,,﻿#REF!,,,,,,﻿teacher,﻿between 50 and 60,﻿Sisters of Charity,,1839,,,﻿,﻿,﻿Philadelphia,Philadelphia
﻿phi.pa.9006,﻿school,﻿St. Mary's School,English,,,,,,﻿Pottsville,,﻿PA,,,,,,,﻿#REF!,,,,,,﻿teacher,﻿between 50 and 60,﻿Sisters of Charity,,1839,,,﻿,﻿,﻿Philadelphia,Philadelphia
﻿phi.pa.9006,﻿school,﻿St. Mary's School,English,,,,,,﻿Pottsville,,﻿PA,,,,,,,﻿#REF!,,,,,,﻿teacher,﻿between 50 and 60,﻿Sisters of Charity,,1839,,,﻿,﻿,﻿Philadelphia,Philadelphia
﻿phi.pa.9006,﻿school,﻿St. Mary's School,English,,,,,,﻿Pottsville,,﻿PA,,,,,,,﻿#REF!,,,,,,﻿teacher,﻿between 50 and 60,﻿Sisters of Charity,,1839,,,﻿,﻿,﻿Philadelphia,Philadelphia
﻿phi.pa.9006,﻿school,﻿St. Mary's School,English,,,,,,﻿Pottsville,,﻿PA,,,,,,,﻿#REF!,,,,,,﻿teacher,﻿between 50 and 60,﻿Sisters of Charity,,1839,,,﻿,﻿,﻿Philadelphia,Philadelphia
﻿phi.pa.9006,﻿school,﻿St. Mary's School,English,,,,,,﻿Pottsville,,﻿PA,,,,,,,﻿#REF!,,,,,,﻿teacher,﻿between 50 and 60,﻿Sisters of Charity,,1839,,,﻿,﻿,﻿Philadelphia,Philadelphia
﻿phi.pa.9006,﻿school,﻿St. Mary's School,English,,,,,,﻿Pottsville,,﻿PA,,,,,,,﻿#REF!,,,,,,﻿teacher,﻿between 50 and 60,﻿Sisters of Charity,,1839,,,﻿,﻿,﻿Philadelphia,Philadelphia
﻿phi.pa.9006,﻿school,﻿St. Mary's School,English,,,,,,﻿Pottsville,,﻿PA,,,,,,,﻿#REF!,,,,,,﻿teacher,﻿between 50 and 60,﻿Sisters of Charity,,1839,,,﻿,﻿,﻿Philadelphia,Philadelphia
﻿phi.pa.9006,﻿school,﻿St. Mary's School,English,,,,,,﻿Pottsville,,﻿PA,,,,,,,﻿#REF!,,,,,,﻿teacher,﻿between 50 and 60,﻿Sisters of Charity,,1839,,,﻿,﻿,﻿Philadelphia,Philadelphia
﻿phi.pa.9006,﻿school,﻿St. Mary's School,English,,,,,,﻿Pottsville,,﻿PA,,,,,,,﻿#REF!,,,,,,﻿teacher,﻿between 50 and 60,﻿Sisters of Charity,,1839,,,﻿,﻿,﻿Philadelphia,Philadelphia
﻿phi.pa.9006,﻿school,﻿St. Mary's School,English,,,,,,﻿Pottsville,,﻿PA,,,,,,,﻿#REF!,,,,,,﻿teacher,﻿between 50 and 60,﻿Sisters of Charity,,1839,,,﻿,﻿,﻿Philadelphia,Philadelphia
﻿phi.pa.9006,﻿school,﻿St. Mary's School,English,,,,,,﻿Pottsville,,﻿PA,,,,,,,﻿#REF!,,,,,,﻿teacher,﻿between 50 and 60,﻿Sisters of Charity,,1839,,,﻿,﻿,﻿Philadelphia,Philadelphia
﻿phi.pa.9006,﻿school,﻿St. Mary's School,English,,,,,,﻿Pottsville,,﻿PA,,,,,,,﻿#REF!,,,,,,﻿teacher,﻿between 50 and 60,﻿Sisters of Charity,,1839,,,﻿,﻿,﻿Philadelphia,Philadelphia
﻿phi.pa.9006,﻿school,﻿St. Mary's School,English,,,,,,﻿Pottsville,,﻿PA,,,,,,,﻿#REF!,,,,,,﻿teacher,﻿between 50 and 60,﻿Sisters of Charity,,1839,,,﻿,﻿,﻿Philadelphia,Philadelphia
﻿phi.pa.9006,﻿school,﻿St. Mary's School,English,,,,,,﻿Pottsville,,﻿PA,,,,,,,﻿#REF!,,,,,,﻿teacher,﻿between 50 and 60,﻿Sisters of Charity,,1839,,,﻿,﻿,﻿Philadelphia,Philadelphia
﻿phi.pa.9006,﻿school,﻿St. Mary's School,English,,,,,,﻿Pottsville,,﻿PA,,,,,,,﻿#REF!,,,,,,﻿teacher,﻿between 50 and 60,﻿Sisters of Charity,,1839,,,﻿,﻿,﻿Philadelphia,Philadelphia
﻿phi.pa.9006,﻿school,﻿St. Mary's School,English,,,,,,﻿Pottsville,,﻿PA,,,,,,,﻿#REF!,,,,,,﻿teacher,﻿between 50 and 60,﻿Sisters of Charity,,1839,,,﻿,﻿,﻿Philadelphia,Philadelphia
﻿phi.pa.9006,﻿school,﻿St. Mary's School,English,,,,,,﻿Pottsville,,﻿PA,,,,,,,﻿#REF!,,,,,,﻿teacher,﻿between 50 and 60,﻿Sisters of Charity,,1839,,,﻿,﻿,﻿Philadelphia,Philadelphia
﻿phi.pa.9006,﻿school,﻿St. Mary's School,English,,,,,,﻿Pottsville,,﻿PA,,,,,,,﻿#REF!,,,,,,﻿teacher,﻿between 50 and 60,﻿Sisters of Charity,,1839,,,﻿,﻿,﻿Philadelphia,Philadelphia
﻿phi.pa.9006,﻿school,﻿St. Mary's School,English,,,,,,﻿Pottsville,,﻿PA,,,,,,,﻿#REF!,,,,,,﻿teacher,﻿between 50 and 60,﻿Sisters of Charity,,1839,,,﻿,﻿,﻿Philadelphia,Philadelphia
﻿phi.pa.9006,﻿school,﻿St. Mary's School,English,,,,,,﻿Pottsville,,﻿PA,,,,,,,﻿#REF!,,,,,,﻿teacher,﻿between 50 and 60,﻿Sisters of Charity,,1839,,,﻿,﻿,﻿Philadelphia,Philadelphia
﻿phi.pa.9006,﻿school,﻿St. Mary's School,English,,,,,,﻿Pottsville,,﻿PA,,,,,,,﻿#REF!,,,,,,﻿teacher,﻿between 50 and 60,﻿Sisters of Charity,,1839,,,﻿,﻿,﻿Philadelphia,Philadelphia
﻿phi.pa.9006,﻿school,﻿St. Mary's School,English,,,,,,﻿Pottsville,,﻿PA,,,,,,,﻿#REF!,,,,,,﻿teacher,﻿between 50 and 60,﻿Sisters of Charity,,1839,,,﻿,﻿,﻿Philadelphia,Philadelphia
﻿phi.pa.9006,﻿school,﻿St. Mary's School,English,,,,,,﻿Pottsville,,﻿PA,,,,,,,﻿#REF!,,,,,,﻿teacher,﻿between 50 and 60,﻿Sisters of Charity,,1839,,,﻿,﻿,﻿Philadelphia,Philadelphia
﻿phi.pa.9006,﻿school,﻿St. Mary's School,English,,,,,,﻿Pottsville,,﻿PA,,,,,,,﻿#REF!,,,,,,﻿teacher,﻿between 50 and 60,﻿Sisters of Charity,,1839,,,﻿,﻿,﻿Philadelphia,Philadelphia
﻿phi.pa.9006,﻿school,﻿St. Mary's School,English,,,,,,﻿Pottsville,,﻿PA,,,,,,,﻿#REF!,,,,,,﻿teacher,﻿between 50 and 60,﻿Sisters of Charity,,1839,,,﻿,﻿,﻿Philadelphia,Philadelphia
﻿phi.pa.9006,﻿school,﻿St. Mary's School,English,,,,,,﻿Pottsville,,﻿PA,,,,,,,﻿#REF!,,,,,,﻿teacher,﻿between 50 and 60,﻿Sisters of Charity,,1839,,,﻿,﻿,﻿Philadelphia,Philadelphia
﻿phi.pa.9006,﻿school,﻿St. Mary's School,English,,,,,,﻿Pottsville,,﻿PA,,,,,,,﻿#REF!,,,,,,﻿teacher,﻿between 50 and 60,﻿Sisters of Charity,,1839,,,﻿,﻿,﻿Philadelphia,Philadelphia
﻿phi.pa.9006,﻿school,﻿St. Mary's School,English,,,,,,﻿Pottsville,,﻿PA,,,,,,,﻿#REF!,,,,,,﻿teacher,﻿between 50 and 60,﻿Sisters of Charity,,1839,,,﻿,﻿,﻿Philadelphia,Philadelphia
﻿phi.pa.9006,﻿school,﻿St. Mary's School,English,,,,,,﻿Pottsville,,﻿PA,,,,,,,﻿#REF!,,,,,,﻿teacher,﻿between 50 and 60,﻿Sisters of Charity,,1839,,,﻿,﻿,﻿Philadelphia,Philadelphia
﻿phi.pa.9006,﻿school,﻿St. Mary's School,English,,,,,,﻿Pottsville,,﻿PA,,,,,,,﻿#REF!,,,,,,﻿teacher,﻿between 50 and 60,﻿Sisters of Charity,,1839,,,﻿,﻿,﻿Philadelphia,Philadelphia
﻿phi.pa.9006,﻿school,﻿St. Mary's School,English,,,,,,﻿Pottsville,,﻿PA,,,,,,,﻿#REF!,,,,,,﻿teacher,﻿between 50 and 60,﻿Sisters of Charity,,1839,,,﻿,﻿,﻿Philadelphia,Philadelphia
﻿phi.pa.9006,﻿school,﻿St. Mary's School,English,,,,,,﻿Pottsville,,﻿PA,,,,,,,﻿#REF!,,,,,,﻿teacher,﻿between 50 and 60,﻿Sisters of Charity,,1839,,,﻿,﻿,﻿Philadelphia,Philadelphia
﻿phi.pa.9006,﻿school,﻿St. Mary's School,English,,,,,,﻿Pottsville,,﻿PA,,,,,,,﻿#REF!,,,,,,﻿teacher,﻿between 50 and 60,﻿Sisters of Charity,,1839,,,﻿,﻿,﻿Philadelphia,Philadelphia
﻿phi.pa.9006,﻿school,﻿St. Mary's School,English,,,,,,﻿Pottsville,,﻿PA,,,,,,,﻿#REF!,,,,,,﻿teacher,﻿between 50 and 60,﻿Sisters of Charity,,1839,,,﻿,﻿,﻿Philadelphia,Philadelphia
﻿phi.pa.9006,﻿school,﻿St. Mary's School,English,,,,,,﻿Pottsville,,﻿PA,,,,,,,﻿#REF!,,,,,,﻿teacher,﻿between 50 and 60,﻿Sisters of Charity,,1839,,,﻿,﻿,﻿Philadelphia,Philadelphia
﻿phi.pa.9006,﻿school,﻿St. Mary's School,English,,,,,,﻿Pottsville,,﻿PA,,,,,,,﻿#REF!,,,,,,﻿teacher,﻿between 50 and 60,﻿Sisters of Charity,,1839,,,﻿,﻿,﻿Philadelphia,Philadelphia
﻿phi.pa.9006,﻿school,﻿St. Mary's School,English,,,,,,﻿Pottsville,,﻿PA,,,,,,,﻿#REF!,,,,,,﻿teacher,﻿between 50 and 60,﻿Sisters of Charity,,1839,,,﻿,﻿,﻿Philadelphia,Philadelphia
﻿phi.pa.9006,﻿school,﻿St. Mary's School,English,,,,,,﻿Pottsville,,﻿PA,,,,,,,﻿#REF!,,,,,,﻿teacher,﻿between 50 and 60,﻿Sisters of Charity,,1839,,,﻿,﻿,﻿Philadelphia,Philadelphia
﻿phi.pa.9006,﻿school,﻿St. Mary's School,English,,,,,,﻿Pottsville,,﻿PA,,,,,,,﻿#REF!,,,,,,﻿teacher,﻿between 50 and 60,﻿Sisters of Charity,,1839,,,﻿,﻿,﻿Philadelphia,Philadelphia
﻿phi.pa.9006,﻿school,﻿St. Mary's School,English,,,,,,﻿Pottsville,,﻿PA,,,,,,,﻿#REF!,,,,,,﻿teacher,﻿between 50 and 60,﻿Sisters of Charity,,1839,,,﻿,﻿,﻿Philadelphia,Philadelphia
﻿phi.pa.9006,﻿school,﻿St. Mary's School,English,,,,,,﻿Pottsville,,﻿PA,,,,,,,﻿#REF!,,,,,,﻿teacher,﻿between 50 and 60,﻿Sisters of Charity,,1839,,,﻿,﻿,﻿Philadelphia,Philadelphia
﻿phi.pa.9006,﻿school,﻿St. Mary's School,English,,,,,,﻿Pottsville,,﻿PA,,,,,,,﻿#REF!,,,,,,﻿teacher,﻿between 50 and 60,﻿Sisters of Charity,,1839,,,﻿,﻿,﻿Philadelphia,Philadelphia
﻿phi.pa.9006,﻿school,﻿St. Mary's School,English,,,,,,﻿Pottsville,,﻿PA,,,,,,,﻿#REF!,,,,,,﻿teacher,﻿between 50 and 60,﻿Sisters of Charity,,1839,,,﻿,﻿,﻿Philadelphia,Philadelphia
﻿phi.pa.9006,﻿school,﻿St. Mary's School,English,,,,,,﻿Pottsville,,﻿PA,,,,,,,﻿#REF!,,,,,,﻿teacher,﻿between 50 and 60,﻿Sisters of Charity,,1839,,,﻿,﻿,﻿Philadelphia,Philadelphia
﻿phi.pa.9006,﻿school,﻿St. Mary's School,English,,,,,,﻿Pottsville,,﻿PA,,,,,,,﻿#REF!,,,,,,﻿teacher,﻿between 50 and 60,﻿Sisters of Charity,,1839,,,﻿,﻿,﻿Philadelphia,Philadelphia
﻿phi.pa.9006,﻿school,﻿St. Mary's School,English,,,,,,﻿Pottsville,,﻿PA,,,,,,,﻿#REF!,,,,,,﻿teacher,﻿between 50 and 60,﻿Sisters of Charity,,1839,,,﻿,﻿,﻿Philadelphia,Philadelphia
﻿phi.pa.9006,﻿school,﻿St. Mary's School,English,,,,,,﻿Pottsville,,﻿PA,,,,,,,﻿#REF!,,,,,,﻿teacher,﻿between 50 and 60,﻿Sisters of Charity,,1839,,,﻿,﻿,﻿Philadelphia,Philadelphia
﻿phi.pa.9006,﻿school,﻿St. Mary's School,English,,,,,,﻿Pottsville,,﻿PA,,,,,,,﻿#REF!,,,,,,﻿teacher,﻿between 50 and 60,﻿Sisters of Charity,,1839,,,﻿,﻿,﻿Philadelphia,Philadelphia
﻿phi.pa.9006,﻿school,﻿St. Mary's School,English,,,,,,﻿Pottsville,,﻿PA,,,,,,,﻿#REF!,,,,,,﻿teacher,﻿between 50 and 60,﻿Sisters of Charity,,1839,,,﻿,﻿,﻿Philadelphia,Philadelphia
﻿phi.pa.9006,﻿school,﻿St. Mary's School,English,,,,,,﻿Pottsville,,﻿PA,,,,,,,﻿#REF!,,,,,,﻿teacher,﻿between 50 and 60,﻿Sisters of Charity,,1839,,,﻿,﻿,﻿Philadelphia,Philadelphia
﻿phi.pa.9006,﻿school,﻿St. Mary's School,English,,,,,,﻿Pottsville,,﻿PA,,,,,,,﻿#REF!,,,,,,﻿teacher,﻿between 50 and 60,﻿Sisters of Charity,,1839,,,﻿,﻿,﻿Philadelphia,Philadelphia
﻿phi.pa.9006,﻿school,﻿St. Mary's School,English,,,,,,﻿Pottsville,,﻿PA,,,,,,,﻿#REF!,,,,,,﻿teacher,﻿between 50 and 60,﻿Sisters of Charity,,1839,,,﻿,﻿,﻿Philadelphia,Philadelphia
﻿phi.pa.9006,﻿school,﻿St. Mary's School,English,,,,,,﻿Pottsville,,﻿PA,,,,,,,﻿#REF!,,,,,,﻿teacher,﻿between 50 and 60,﻿Sisters of Charity,,1839,,,﻿,﻿,﻿Philadelphia,Philadelphia
﻿phi.pa.9006,﻿school,﻿St. Mary's School,English,,,,,,﻿Pottsville,,﻿PA,,,,,,,﻿#REF!,,,,,,﻿teacher,﻿between 50 and 60,﻿Sisters of Charity,,1839,,,﻿,﻿,﻿Philadelphia,Philadelphia
﻿phi.pa.9006,﻿school,﻿St. Mary's School,English,,,,,,﻿Pottsville,,﻿PA,,,,,,,﻿#REF!,,,,,,﻿teacher,﻿between 50 and 60,﻿Sisters of Charity,,1839,,,﻿,﻿,﻿Philadelphia,Philadelphia
﻿phi.pa.9006,﻿school,﻿St. Mary's School,English,,,,,,﻿Pottsville,,﻿PA,,,,,,,﻿#REF!,,,,,,﻿teacher,﻿between 50 and 60,﻿Sisters of Charity,,1839,,,﻿,﻿,﻿Philadelphia,Philadelphia
﻿phi.pa.9006,﻿school,﻿St. Mary's School,English,,,,,,﻿Pottsville,,﻿PA,,,,,,,﻿#REF!,,,,,,﻿teacher,﻿between 50 and 60,﻿Sisters of Charity,,1839,,,﻿,﻿,﻿Philadelphia,Philadelphia
﻿phi.pa.9006,﻿school,﻿St. Mary's School,English,,,,,,﻿Pottsville,,﻿PA,,,,,,,﻿#REF!,,,,,,﻿teacher,﻿between 50 and 60,﻿Sisters of Charity,,1839,,,﻿,﻿,﻿Philadelphia,Philadelphia
﻿phi.pa.9006,﻿school,﻿St. Mary's School,English,,,,,,﻿Pottsville,,﻿PA,,,,,,,﻿#REF!,,,,,,﻿teacher,﻿between 50 and 60,﻿Sisters of Charity,,1839,,,﻿,﻿,﻿Philadelphia,Philadelphia
﻿phi.pa.9006,﻿school,﻿St. Mary's School,English,,,,,,﻿Pottsville,,﻿PA,,,,,,,﻿#REF!,,,,,,﻿teacher,﻿between 50 and 60,﻿Sisters of Charity,,1839,,,﻿,﻿,﻿Philadelphia,Philadelphia
﻿phi.pa.9006,﻿school,﻿St. Mary's School,English,,,,,,﻿Pottsville,,﻿PA,,,,,,,﻿#REF!,,,,,,﻿teacher,﻿between 50 and 60,﻿Sisters of Charity,,1839,,,﻿,﻿,﻿Philadelphia,Philadelphia
﻿phi.pa.9006,﻿school,﻿St. Mary's School,English,,,,,,﻿Pottsville,,﻿PA,,,,,,,﻿#REF!,,,,,,﻿teacher,﻿between 50 and 60,﻿Sisters of Charity,,1839,,,﻿,﻿,﻿Philadelphia,Philadelphia
﻿phi.pa.9006,﻿school,﻿St. Mary's School,English,,,,,,﻿Pottsville,,﻿PA,,,,,,,﻿#REF!,,,,,,﻿teacher,﻿between 50 and 60,﻿Sisters of Charity,,1839,,,﻿,﻿,﻿Philadelphia,Philadelphia
﻿phi.pa.9006,﻿school,﻿St. Mary's School,English,,,,,,﻿Pottsville,,﻿PA,,,,,,,﻿#REF!,,,,,,﻿teacher,﻿between 50 and 60,﻿Sisters of Charity,,1839,,,﻿,﻿,﻿Philadelphia,Philadelphia
﻿phi.pa.9006,﻿school,﻿St. Mary's School,English,,,,,,﻿Pottsville,,﻿PA,,,,,,,﻿#REF!,,,,,,﻿teacher,﻿between 50 and 60,﻿Sisters of Charity,,1839,,,﻿,﻿,﻿Philadelphia,Philadelphia
﻿phi.pa.9006,﻿school,﻿St. Mary's School,English,,,,,,﻿Pottsville,,﻿PA,,,,,,,﻿#REF!,,,,,,﻿teacher,﻿between 50 and 60,﻿Sisters of Charity,,1839,,,﻿,﻿,﻿Philadelphia,Philadelphia
﻿phi.pa.9006,﻿school,﻿St. Mary's School,English,,,,,,﻿Pottsville,,﻿PA,,,,,,,﻿#REF!,,,,,,﻿teacher,﻿between 50 and 60,﻿Sisters of Charity,,1839,,,﻿,﻿,﻿Philadelphia,Philadelphia
﻿phi.pa.9006,﻿school,﻿St. Mary's School,English,,,,,,﻿Pottsville,,﻿PA,,,,,,,﻿#REF!,,,,,,﻿teacher,﻿between 50 and 60,﻿Sisters of Charity,,1839,,,﻿,﻿,﻿Philadelphia,Philadelphia
﻿phi.pa.9006,﻿school,﻿St. Mary's School,English,,,,,,﻿Pottsville,,﻿PA,,,,,,,﻿#REF!,,,,,,﻿teacher,﻿between 50 and 60,﻿Sisters of Charity,,1839,,,﻿,﻿,﻿Philadelphia,Philadelphia
﻿phi.pa.9006,﻿school,﻿St. Mary's School,English,,,,,,﻿Pottsville,,﻿PA,,,,,,,﻿#REF!,,,,,,﻿teacher,﻿between 50 and 60,﻿Sisters of Charity,,1839,,,﻿,﻿,﻿Philadelphia,Philadelphia
﻿phi.pa.9006,﻿school,﻿St. Mary's School,English,,,,,,﻿Pottsville,,﻿PA,,,,,,,﻿#REF!,,,,,,﻿teacher,﻿between 50 and 60,﻿Sisters of Charity,,1839,,,﻿,﻿,﻿Philadelphia,Philadelphia
﻿phi.pa.9006,﻿school,﻿St. Mary's School,English,,,,,,﻿Pottsville,,﻿PA,,,,,,,﻿#REF!,,,,,,﻿teacher,﻿between 50 and 60,﻿Sisters of Charity,,1839,,,﻿,﻿,﻿Philadelphia,Philadelphia
﻿phi.pa.9006,﻿school,﻿St. Mary's School,English,,,,,,﻿Pottsville,,﻿PA,,,,,,,﻿#REF!,,,,,,﻿teacher,﻿between 50 and 60,﻿Sisters of Charity,,1839,,,﻿,﻿,﻿Philadelphia,Philadelphia
﻿phi.pa.9006,﻿school,﻿St. Mary's School,English,,,,,,﻿Pottsville,,﻿PA,,,,,,,﻿#REF!,,,,,,﻿teacher,﻿between 50 and 60,﻿Sisters of Charity,,1839,,,﻿,﻿,﻿Philadelphia,Philadelphia
﻿phi.pa.9006,﻿school,﻿St. Mary's School,English,,,,,,﻿Pottsville,,﻿PA,,,,,,,﻿#REF!,,,,,,﻿teacher,﻿between 50 and 60,﻿Sisters of Charity,,1839,,,﻿,﻿,﻿Philadelphia,Philadelphia
﻿phi.pa.9006,﻿school,﻿St. Mary's School,English,,,,,,﻿Pottsville,,﻿PA,,,,,,,﻿#REF!,,,,,,﻿teacher,﻿between 50 and 60,﻿Sisters of Charity,,1839,,,﻿,﻿,﻿Philadelphia,Philadelphia
﻿phi.pa.9006,﻿school,﻿St. Mary's School,English,,,,,,﻿Pottsville,,﻿PA,,,,,,,﻿#REF!,,,,,,﻿teacher,﻿between 50 and 60,﻿Sisters of Charity,,1839,,,﻿,﻿,﻿Philadelphia,Philadelphia
﻿phi.pa.9006,﻿school,﻿St. Mary's School,English,,,,,,﻿Pottsville,,﻿PA,,,,,,,﻿#REF!,,,,,,﻿teacher,﻿between 50 and 60,﻿Sisters of Charity,,1839,,,﻿,﻿,﻿Philadelphia,Philadelphia
﻿phi.pa.9006,﻿school,﻿St. Mary's School,English,,,,,,﻿Pottsville,,﻿PA,,,,,,,﻿#REF!,,,,,,﻿teacher,﻿between 50 and 60,﻿Sisters of Charity,,1839,,,﻿,﻿,﻿Philadelphia,Philadelphia
﻿phi.pa.9006,﻿school,﻿St. Mary's School,English,,,,,,﻿Pottsville,,﻿PA,,,,,,,﻿#REF!,,,,,,﻿teacher,﻿between 50 and 60,﻿Sisters of Charity,,1839,,,﻿,﻿,﻿Philadelphia,Philadelphia
﻿phi.pa.9006,﻿school,﻿St. Mary's School,English,,,,,,﻿Pottsville,,﻿PA,,,,,,,﻿#REF!,,,,,,﻿teacher,﻿between 50 and 60,﻿Sisters of Charity,,1839,,,﻿,﻿,﻿Philadelphia,Philadelphia
﻿phi.pa.9006,﻿school,﻿St. Mary's School,English,,,,,,﻿Pottsville,,﻿PA,,,,,,,﻿#REF!,,,,,,﻿teacher,﻿between 50 and 60,﻿Sisters of Charity,,1839,,,﻿,﻿,﻿Philadelphia,Philadelphia
﻿phi.pa.9006,﻿school,﻿St. Mary's School,English,,,,,,﻿Pottsville,,﻿PA,,,,,,,﻿#REF!,,,,,,﻿teacher,﻿between 50 and 60,﻿Sisters of Charity,,1839,,,﻿,﻿,﻿Philadelphia,Philadelphia
﻿phi.pa.9006,﻿school,﻿St. Mary's School,English,,,,,,﻿Pottsville,,﻿PA,,,,,,,﻿#REF!,,,,,,﻿teacher,﻿between 50 and 60,﻿Sisters of Charity,,1839,,,﻿,﻿,﻿Philadelphia,Philadelphia
﻿phi.pa.9006,﻿school,﻿St. Mary's School,English,,,,,,﻿Pottsville,,﻿PA,,,,,,,﻿#REF!,,,,,,﻿teacher,﻿between 50 and 60,﻿Sisters of Charity,,1839,,,﻿,﻿,﻿Philadelphia,Philadelphia
﻿phi.pa.9006,﻿school,﻿St. Mary's School,English,,,,,,﻿Pottsville,,﻿PA,,,,,,,﻿#REF!,,,,,,﻿teacher,﻿between 50 and 60,﻿Sisters of Charity,,1839,,,﻿,﻿,﻿Philadelphia,Philadelphia
﻿phi.pa.9006,﻿school,﻿St. Mary's School,English,,,,,,﻿Pottsville,,﻿PA,,,,,,,﻿#REF!,,,,,,﻿teacher,﻿between 50 and 60,﻿Sisters of Charity,,1839,,,﻿,﻿,﻿Philadelphia,Philadelphia
﻿phi.pa.9006,﻿school,﻿St. Mary's School,English,,,,,,﻿Pottsville,,﻿PA,,,,,,,﻿#REF!,,,,,,﻿teacher,﻿between 50 and 60,﻿Sisters of Charity,,1839,,,﻿,﻿,﻿Philadelphia,Philadelphia
﻿phi.pa.9006,﻿school,﻿St. Mary's School,English,,,,,,﻿Pottsville,,﻿PA,,,,,,,﻿#REF!,,,,,,﻿teacher,﻿between 50 and 60,﻿Sisters of Charity,,1839,,,﻿,﻿,﻿Philadelphia,Philadelphia
﻿phi.pa.9006,﻿school,﻿St. Mary's School,English,,,,,,﻿Pottsville,,﻿PA,,,,,,,﻿#REF!,,,,,,﻿teacher,﻿between 50 and 60,﻿Sisters of Charity,,1839,,,﻿,﻿,﻿Philadelphia,Philadelphia
﻿phi.pa.9006,﻿school,﻿St. Mary's School,English,,,,,,﻿Pottsville,,﻿PA,,,,,,,﻿#REF!,,,,,,﻿teacher,﻿between 50 and 60,﻿Sisters of Charity,,1839,,,﻿,﻿,﻿Philadelphia,Philadelphia
﻿phi.pa.9006,﻿school,﻿St. Mary's School,English,,,,,,﻿Pottsville,,﻿PA,,,,,,,﻿#REF!,,,,,,﻿teacher,﻿between 50 and 60,﻿Sisters of Charity,,1839,,,﻿,﻿,﻿Philadelphia,Philadelphia
﻿phi.pa.9006,﻿school,﻿St. Mary's School,English,,,,,,﻿Pottsville,,﻿PA,,,,,,,﻿#REF!,,,,,,﻿teacher,﻿between 50 and 60,﻿Sisters of Charity,,1839,,,﻿,﻿,﻿Philadelphia,Philadelphia
﻿phi.pa.9006,﻿school,﻿St. Mary's School,English,,,,,,﻿Pottsville,,﻿PA,,,,,,,﻿#REF!,,,,,,﻿teacher,﻿between 50 and 60,﻿Sisters of Charity,,1839,,,﻿,﻿,﻿Philadelphia,Philadelphia
﻿phi.pa.9006,﻿school,﻿St. Mary's School,English,,,,,,﻿Pottsville,,﻿PA,,,,,,,﻿#REF!,,,,,,﻿teacher,﻿between 50 and 60,﻿Sisters of Charity,,1839,,,﻿,﻿,﻿Philadelphia,Philadelphia
﻿phi.pa.9006,﻿school,﻿St. Mary's School,English,,,,,,﻿Pottsville,,﻿PA,,,,,,,﻿#REF!,,,,,,﻿teacher,﻿between 50 and 60,﻿Sisters of Charity,,1839,,,﻿,﻿,﻿Philadelphia,Philadelphia
﻿phi.pa.9006,﻿school,﻿St. Mary's School,English,,,,,,﻿Pottsville,,﻿PA,,,,,,,﻿#REF!,,,,,,﻿teacher,﻿between 50 and 60,﻿Sisters of Charity,,1839,,,﻿,﻿,﻿Philadelphia,Philadelphia
﻿phi.pa.9006,﻿school,﻿St. Mary's School,English,,,,,,﻿Pottsville,,﻿PA,,,,,,,﻿#REF!,,,,,,﻿teacher,﻿between 50 and 60,﻿Sisters of Charity,,1839,,,﻿,﻿,﻿Philadelphia,Philadelphia
﻿phi.pa.9006,﻿school,﻿St. Mary's School,English,,,,,,﻿Pottsville,,﻿PA,,,,,,,﻿#REF!,,,,,,﻿teacher,﻿between 50 and 60,﻿Sisters of Charity,,1839,,,﻿,﻿,﻿Philadelphia,Philadelphia
﻿phi.pa.9006,﻿school,﻿St. Mary's School,English,,,,,,﻿Pottsville,,﻿PA,,,,,,,﻿#REF!,,,,,,﻿teacher,﻿between 50 and 60,﻿Sisters of Charity,,1839,,,﻿,﻿,﻿Philadelphia,Philadelphia
﻿phi.pa.9006,﻿school,﻿St. Mary's School,English,,,,,,﻿Pottsville,,﻿PA,,,,,,,﻿#REF!,,,,,,﻿teacher,﻿between 50 and 60,﻿Sisters of Charity,,1839,,,﻿,﻿,﻿Philadelphia,Philadelphia
﻿phi.pa.9006,﻿school,﻿St. Mary's School,English,,,,,,﻿Pottsville,,﻿PA,,,,,,,﻿#REF!,,,,,,﻿teacher,﻿between 50 and 60,﻿Sisters of Charity,,1839,,,﻿,﻿,﻿Philadelphia,Philadelphia
﻿phi.pa.9006,﻿school,﻿St. Mary's School,English,,,,,,﻿Pottsville,,﻿PA,,,,,,,﻿#REF!,,,,,,﻿teacher,﻿between 50 and 60,﻿Sisters of Charity,,1839,,,﻿,﻿,﻿Philadelphia,Philadelphia
﻿phi.pa.9006,﻿school,﻿St. Mary's School,English,,,,,,﻿Pottsville,,﻿PA,,,,,,,﻿#REF!,,,,,,﻿teacher,﻿between 50 and 60,﻿Sisters of Charity,,1839,,,﻿,﻿,﻿Philadelphia,Philadelphia
﻿phi.pa.9006,﻿school,﻿St. Mary's School,English,,,,,,﻿Pottsville,,﻿PA,,,,,,,﻿#REF!,,,,,,﻿teacher,﻿between 50 and 60,﻿Sisters of Charity,,1839,,,﻿,﻿,﻿Philadelphia,Philadelphia
﻿phi.pa.9006,﻿school,﻿St. Mary's School,English,,,,,,﻿Pottsville,,﻿PA,,,,,,,﻿#REF!,,,,,,﻿teacher,﻿between 50 and 60,﻿Sisters of Charity,,1839,,,﻿,﻿,﻿Philadelphia,Philadelphia
﻿phi.pa.9006,﻿school,﻿St. Mary's School,English,,,,,,﻿Pottsville,,﻿PA,,,,,,,﻿#REF!,,,,,,﻿teacher,﻿between 50 and 60,﻿Sisters of Charity,,1839,,,﻿,﻿,﻿Philadelphia,Philadelphia
﻿phi.pa.9006,﻿school,﻿St. Mary's School,English,,,,,,﻿Pottsville,,﻿PA,,,,,,,﻿#REF!,,,,,,﻿teacher,﻿between 50 and 60,﻿Sisters of Charity,,1839,,,﻿,﻿,﻿Philadelphia,Philadelphia
﻿phi.pa.9006,﻿school,﻿St. Mary's School,English,,,,,,﻿Pottsville,,﻿PA,,,,,,,﻿#REF!,,,,,,﻿teacher,﻿between 50 and 60,﻿Sisters of Charity,,1839,,,﻿,﻿,﻿Philadelphia,Philadelphia
﻿phi.pa.9006,﻿school,﻿St. Mary's School,English,,,,,,﻿Pottsville,,﻿PA,,,,,,,﻿#REF!,,,,,,﻿teacher,﻿between 50 and 60,﻿Sisters of Charity,,1839,,,﻿,﻿,﻿Philadelphia,Philadelphia
﻿phi.pa.9006,﻿school,﻿St. Mary's School,English,,,,,,﻿Pottsville,,﻿PA,,,,,,,﻿#REF!,,,,,,﻿teacher,﻿between 50 and 60,﻿Sisters of Charity,,1839,,,﻿,﻿,﻿Philadelphia,Philadelphia
﻿phi.pa.9006,﻿school,﻿St. Mary's School,English,,,,,,﻿Pottsville,,﻿PA,,,,,,,﻿#REF!,,,,,,﻿teacher,﻿between 50 and 60,﻿Sisters of Charity,,1839,,,﻿,﻿,﻿Philadelphia,Philadelphia
﻿phi.pa.9006,﻿school,﻿St. Mary's School,English,,,,,,﻿Pottsville,,﻿PA,,,,,,,﻿#REF!,,,,,,﻿teacher,﻿between 50 and 60,﻿Sisters of Charity,,1839,,,﻿,﻿,﻿Philadelphia,Philadelphia
﻿phi.pa.9006,﻿school,﻿St. Mary's School,English,,,,,,﻿Pottsville,,﻿PA,,,,,,,﻿#REF!,,,,,,﻿teacher,﻿between 50 and 60,﻿Sisters of Charity,,1839,,,﻿,﻿,﻿Philadelphia,Philadelphia
﻿phi.pa.9006,﻿school,﻿St. Mary's School,English,,,,,,﻿Pottsville,,﻿PA,,,,,,,﻿#REF!,,,,,,﻿teacher,﻿between 50 and 60,﻿Sisters of Charity,,1839,,,﻿,﻿,﻿Philadelphia,Philadelphia
﻿phi.pa.9006,﻿school,﻿St. Mary's School,English,,,,,,﻿Pottsville,,﻿PA,,,,,,,﻿#REF!,,,,,,﻿teacher,﻿between 50 and 60,﻿Sisters of Charity,,1839,,,﻿,﻿,﻿Philadelphia,Philadelphia
﻿phi.pa.9006,﻿school,﻿St. Mary's School,English,,,,,,﻿Pottsville,,﻿PA,,,,,,,﻿#REF!,,,,,,﻿teacher,﻿between 50 and 60,﻿Sisters of Charity,,1839,,,﻿,﻿,﻿Philadelphia,Philadelphia
﻿phi.pa.9006,﻿school,﻿St. Mary's School,English,,,,,,﻿Pottsville,,﻿PA,,,,,,,﻿#REF!,,,,,,﻿teacher,﻿between 50 and 60,﻿Sisters of Charity,,1839,,,﻿,﻿,﻿Philadelphia,Philadelphia
﻿phi.pa.9006,﻿school,﻿St. Mary's School,English,,,,,,﻿Pottsville,,﻿PA,,,,,,,﻿#REF!,,,,,,﻿teacher,﻿between 50 and 60,﻿Sisters of Charity,,1839,,,﻿,﻿,﻿Philadelphia,Philadelphia
﻿phi.pa.9006,﻿school,﻿St. Mary's School,English,,,,,,﻿Pottsville,,﻿PA,,,,,,,﻿#REF!,,,,,,﻿teacher,﻿between 50 and 60,﻿Sisters of Charity,,1839,,,﻿,﻿,﻿Philadelphia,Philadelphia
﻿phi.pa.9006,﻿school,﻿St. Mary's School,English,,,,,,﻿Pottsville,,﻿PA,,,,,,,﻿#REF!,,,,,,﻿teacher,﻿between 50 and 60,﻿Sisters of Charity,,1839,,,﻿,﻿,﻿Philadelphia,Philadelphia
﻿phi.pa.9006,﻿school,﻿St. Mary's School,English,,,,,,﻿Pottsville,,﻿PA,,,,,,,﻿#REF!,,,,,,﻿teacher,﻿between 50 and 60,﻿Sisters of Charity,,1839,,,﻿,﻿,﻿Philadelphia,Philadelphia
﻿phi.pa.9006,﻿school,﻿St. Mary's School,English,,,,,,﻿Pottsville,,﻿PA,,,,,,,﻿#REF!,,,,,,﻿teacher,﻿between 50 and 60,﻿Sisters of Charity,,1839,,,﻿,﻿,﻿Philadelphia,Philadelphia
﻿phi.pa.9006,﻿school,﻿St. Mary's School,English,,,,,,﻿Pottsville,,﻿PA,,,,,,,﻿#REF!,,,,,,﻿teacher,﻿between 50 and 60,﻿Sisters of Charity,,1839,,,﻿,﻿,﻿Philadelphia,Philadelphia
﻿phi.pa.9006,﻿school,﻿St. Mary's School,English,,,,,,﻿Pottsville,,﻿PA,,,,,,,﻿#REF!,,,,,,﻿teacher,﻿between 50 and 60,﻿Sisters of Charity,,1839,,,﻿,﻿,﻿Philadelphia,Philadelphia
﻿phi.pa.9006,﻿school,﻿St. Mary's School,English,,,,,,﻿Pottsville,,﻿PA,,,,,,,﻿#REF!,,,,,,﻿teacher,﻿between 50 and 60,﻿Sisters of Charity,,1839,,,﻿,﻿,﻿Philadelphia,Philadelphia
﻿phi.pa.9006,﻿school,﻿St. Mary's School,English,,,,,,﻿Pottsville,,﻿PA,,,,,,,﻿#REF!,,,,,,﻿teacher,﻿between 50 and 60,﻿Sisters of Charity,,1839,,,﻿,﻿,﻿Philadelphia,Philadelphia
﻿phi.pa.9006,﻿school,﻿St. Mary's School,English,,,,,,﻿Pottsville,,﻿PA,,,,,,,﻿#REF!,,,,,,﻿teacher,﻿between 50 and 60,﻿Sisters of Charity,,1839,,,﻿,﻿,﻿Philadelphia,Philadelphia
﻿phi.pa.9006,﻿school,﻿St. Mary's School,English,,,,,,﻿Pottsville,,﻿PA,,,,,,,﻿#REF!,,,,,,﻿teacher,﻿between 50 and 60,﻿Sisters of Charity,,1839,,,﻿,﻿,﻿Philadelphia,Philadelphia
﻿phi.pa.9006,﻿school,﻿St. Mary's School,English,,,,,,﻿Pottsville,,﻿PA,,,,,,,﻿#REF!,,,,,,﻿teacher,﻿between 50 and 60,﻿Sisters of Charity,,1839,,,﻿,﻿,﻿Philadelphia,Philadelphia
﻿phi.pa.9006,﻿school,﻿St. Mary's School,English,,,,,,﻿Pottsville,,﻿PA,,,,,,,﻿#REF!,,,,,,﻿teacher,﻿between 50 and 60,﻿Sisters of Charity,,1839,,,﻿,﻿,﻿Philadelphia,Philadelphia
﻿phi.pa.9006,﻿school,﻿St. Mary's School,English,,,,,,﻿Pottsville,,﻿PA,,,,,,,﻿#REF!,,,,,,﻿teacher,﻿between 50 and 60,﻿Sisters of Charity,,1839,,,﻿,﻿,﻿Philadelphia,Philadelphia
﻿phi.pa.9006,﻿school,﻿St. Mary's School,English,,,,,,﻿Pottsville,,﻿PA,,,,,,,﻿#REF!,,,,,,﻿teacher,﻿between 50 and 60,﻿Sisters of Charity,,1839,,,﻿,﻿,﻿Philadelphia,Philadelphia
﻿phi.pa.9006,﻿school,﻿St. Mary's School,English,,,,,,﻿Pottsville,,﻿PA,,,,,,,﻿#REF!,,,,,,﻿teacher,﻿between 50 and 60,﻿Sisters of Charity,,1839,,,﻿,﻿,﻿Philadelphia,Philadelphia
﻿phi.pa.9006,﻿school,﻿St. Mary's School,English,,,,,,﻿Pottsville,,﻿PA,,,,,,,﻿#REF!,,,,,,﻿teacher,﻿between 50 and 60,﻿Sisters of Charity,,1839,,,﻿,﻿,﻿Philadelphia,Philadelphia
﻿phi.pa.9006,﻿school,﻿St. Mary's School,English,,,,,,﻿Pottsville,,﻿PA,,,,,,,﻿#REF!,,,,,,﻿teacher,﻿between 50 and 60,﻿Sisters of Charity,,1839,,,﻿,﻿,﻿Philadelphia,Philadelphia
﻿phi.pa.9006,﻿school,﻿St. Mary's School,English,,,,,,﻿Pottsville,,﻿PA,,,,,,,﻿#REF!,,,,,,﻿teacher,﻿between 50 and 60,﻿Sisters of Charity,,1839,,,﻿,﻿,﻿Philadelphia,Philadelphia
﻿phi.pa.9006,﻿school,﻿St. Mary's School,English,,,,,,﻿Pottsville,,﻿PA,,,,,,,﻿#REF!,,,,,,﻿teacher,﻿between 50 and 60,﻿Sisters of Charity,,1839,,,﻿,﻿,﻿Philadelphia,Philadelphia
﻿phi.pa.9006,﻿school,﻿St. Mary's School,English,,,,,,﻿Pottsville,,﻿PA,,,,,,,﻿#REF!,,,,,,﻿teacher,﻿between 50 and 60,﻿Sisters of Charity,,1839,,,﻿,﻿,﻿Philadelphia,Philadelphia
﻿phi.pa.9006,﻿school,﻿St. Mary's School,English,,,,,,﻿Pottsville,,﻿PA,,,,,,,﻿#REF!,,,,,,﻿teacher,﻿between 50 and 60,﻿Sisters of Charity,,1839,,,﻿,﻿,﻿Philadelphia,Philadelphia
﻿phi.pa.9006,﻿school,﻿St. Mary's School,English,,,,,,﻿Pottsville,,﻿PA,,,,,,,﻿#REF!,,,,,,﻿teacher,﻿between 50 and 60,﻿Sisters of Charity,,1839,,,﻿,﻿,﻿Philadelphia,Philadelphia
﻿phi.pa.9006,﻿school,﻿St. Mary's School,English,,,,,,﻿Pottsville,,﻿PA,,,,,,,﻿#REF!,,,,,,﻿teacher,﻿between 50 and 60,﻿Sisters of Charity,,1839,,,﻿,﻿,﻿Philadelphia,Philadelphia
﻿phi.pa.9006,﻿school,﻿St. Mary's School,English,,,,,,﻿Pottsville,,﻿PA,,,,,,,﻿#REF!,,,,,,﻿teacher,﻿between 50 and 60,﻿Sisters of Charity,,1839,,,﻿,﻿,﻿Philadelphia,Philadelphia
﻿phi.pa.9006,﻿school,﻿St. Mary's School,English,,,,,,﻿Pottsville,,﻿PA,,,,,,,﻿#REF!,,,,,,﻿teacher,﻿between 50 and 60,﻿Sisters of Charity,,1839,,,﻿,﻿,﻿Philadelphia,Philadelphia
﻿phi.pa.9006,﻿school,﻿St. Mary's School,English,,,,,,﻿Pottsville,,﻿PA,,,,,,,﻿#REF!,,,,,,﻿teacher,﻿between 50 and 60,﻿Sisters of Charity,,1839,,,﻿,﻿,﻿Philadelphia,Philadelphia
﻿phi.pa.9006,﻿school,﻿St. Mary's School,English,,,,,,﻿Pottsville,,﻿PA,,,,,,,﻿#REF!,,,,,,﻿teacher,﻿between 50 and 60,﻿Sisters of Charity,,1839,,,﻿,﻿,﻿Philadelphia,Philadelphia
﻿phi.pa.9006,﻿school,﻿St. Mary's School,English,,,,,,﻿Pottsville,,﻿PA,,,,,,,﻿#REF!,,,,,,﻿teacher,﻿between 50 and 60,﻿Sisters of Charity,,1839,,,﻿,﻿,﻿Philadelphia,Philadelphia
﻿phi.pa.9006,﻿school,﻿St. Mary's School,English,,,,,,﻿Pottsville,,﻿PA,,,,,,,﻿#REF!,,,,,,﻿teacher,﻿between 50 and 60,﻿Sisters of Charity,,1839,,,﻿,﻿,﻿Philadelphia,Philadelphia
﻿phi.pa.9006,﻿school,﻿St. Mary's School,English,,,,,,﻿Pottsville,,﻿PA,,,,,,,﻿#REF!,,,,,,﻿teacher,﻿between 50 and 60,﻿Sisters of Charity,,1839,,,﻿,﻿,﻿Philadelphia,Philadelphia
﻿phi.pa.9006,﻿school,﻿St. Mary's School,English,,,,,,﻿Pottsville,,﻿PA,,,,,,,﻿#REF!,,,,,,﻿teacher,﻿between 50 and 60,﻿Sisters of Charity,,1839,,,﻿,﻿,﻿Philadelphia,Philadelphia
﻿phi.pa.9006,﻿school,﻿St. Mary's School,English,,,,,,﻿Pottsville,,﻿PA,,,,,,,﻿#REF!,,,,,,﻿teacher,﻿between 50 and 60,﻿Sisters of Charity,,1839,,,﻿,﻿,﻿Philadelphia,Philadelphia
﻿phi.pa.9006,﻿school,﻿St. Mary's School,English,,,,,,﻿Pottsville,,﻿PA,,,,,,,﻿#REF!,,,,,,﻿teacher,﻿between 50 and 60,﻿Sisters of Charity,,1839,,,﻿,﻿,﻿Philadelphia,Philadelphia
﻿phi.pa.9006,﻿school,﻿St. Mary's School,English,,,,,,﻿Pottsville,,﻿PA,,,,,,,﻿#REF!,,,,,,﻿teacher,﻿between 50 and 60,﻿Sisters of Charity,,1839,,,﻿,﻿,﻿Philadelphia,Philadelphia
﻿phi.pa.9006,﻿school,﻿St. Mary's School,English,,,,,,﻿Pottsville,,﻿PA,,,,,,,﻿#REF!,,,,,,﻿teacher,﻿between 50 and 60,﻿Sisters of Charity,,1839,,,﻿,﻿,﻿Philadelphia,Philadelphia
﻿phi.pa.9006,﻿school,﻿St. Mary's School,English,,,,,,﻿Pottsville,,﻿PA,,,,,,,﻿#REF!,,,,,,﻿teacher,﻿between 50 and 60,﻿Sisters of Charity,,1839,,,﻿,﻿,﻿Philadelphia,Philadelphia
﻿phi.pa.9006,﻿school,﻿St. Mary's School,English,,,,,,﻿Pottsville,,﻿PA,,,,,,,﻿#REF!,,,,,,﻿teacher,﻿between 50 and 60,﻿Sisters of Charity,,1839,,,﻿,﻿,﻿Philadelphia,Philadelphia
﻿phi.pa.9006,﻿school,﻿St. Mary's School,English,,,,,,﻿Pottsville,,﻿PA,,,,,,,﻿#REF!,,,,,,﻿teacher,﻿between 50 and 60,﻿Sisters of Charity,,1839,,,﻿,﻿,﻿Philadelphia,Philadelphia
﻿phi.pa.9006,﻿school,﻿St. Mary's School,English,,,,,,﻿Pottsville,,﻿PA,,,,,,,﻿#REF!,,,,,,﻿teacher,﻿between 50 and 60,﻿Sisters of Charity,,1839,,,﻿,﻿,﻿Philadelphia,Philadelphia
﻿phi.pa.9006,﻿school,﻿St. Mary's School,English,,,,,,﻿Pottsville,,﻿PA,,,,,,,﻿#REF!,,,,,,﻿teacher,﻿between 50 and 60,﻿Sisters of Charity,,1839,,,﻿,﻿,﻿Philadelphia,Philadelphia
﻿phi.pa.9006,﻿school,﻿St. Mary's School,English,,,,,,﻿Pottsville,,﻿PA,,,,,,,﻿#REF!,,,,,,﻿teacher,﻿between 50 and 60,﻿Sisters of Charity,,1839,,,﻿,﻿,﻿Philadelphia,Philadelphia
﻿phi.pa.9006,﻿school,﻿St. Mary's School,English,,,,,,﻿Pottsville,,﻿PA,,,,,,,﻿#REF!,,,,,,﻿teacher,﻿between 50 and 60,﻿Sisters of Charity,,1839,,,﻿,﻿,﻿Philadelphia,Philadelphia
﻿phi.pa.9006,﻿school,﻿St. Mary's School,English,,,,,,﻿Pottsville,,﻿PA,,,,,,,﻿#REF!,,,,,,﻿teacher,﻿between 50 and 60,﻿Sisters of Charity,,1839,,,﻿,﻿,﻿Philadelphia,Philadelphia
﻿phi.pa.9006,﻿school,﻿St. Mary's School,English,,,,,,﻿Pottsville,,﻿PA,,,,,,,﻿#REF!,,,,,,﻿teacher,﻿between 50 and 60,﻿Sisters of Charity,,1839,,,﻿,﻿,﻿Philadelphia,Philadelphia
﻿phi.pa.9006,﻿school,﻿St. Mary's School,English,,,,,,﻿Pottsville,,﻿PA,,,,,,,﻿#REF!,,,,,,﻿teacher,﻿between 50 and 60,﻿Sisters of Charity,,1839,,,﻿,﻿,﻿Philadelphia,Philadelphia
﻿phi.pa.9006,﻿school,﻿St. Mary's School,English,,,,,,﻿Pottsville,,﻿PA,,,,,,,﻿#REF!,,,,,,﻿teacher,﻿between 50 and 60,﻿Sisters of Charity,,1839,,,﻿,﻿,﻿Philadelphia,Philadelphia
﻿phi.pa.9006,﻿school,﻿St. Mary's School,English,,,,,,﻿Pottsville,,﻿PA,,,,,,,﻿#REF!,,,,,,﻿teacher,﻿between 50 and 60,﻿Sisters of Charity,,1839,,,﻿,﻿,﻿Philadelphia,Philadelphia
﻿phi.pa.9006,﻿school,﻿St. Mary's School,English,,,,,,﻿Pottsville,,﻿PA,,,,,,,﻿#REF!,,,,,,﻿teacher,﻿between 50 and 60,﻿Sisters of Charity,,1839,,,﻿,﻿,﻿Philadelphia,Philadelphia
﻿phi.pa.9006,﻿school,﻿St. Mary's School,English,,,,,,﻿Pottsville,,﻿PA,,,,,,,﻿#REF!,,,,,,﻿teacher,﻿between 50 and 60,﻿Sisters of Charity,,1839,,,﻿,﻿,﻿Philadelphia,Philadelphia
﻿phi.pa.9006,﻿school,﻿St. Mary's School,English,,,,,,﻿Pottsville,,﻿PA,,,,,,,﻿#REF!,,,,,,﻿teacher,﻿between 50 and 60,﻿Sisters of Charity,,1839,,,﻿,﻿,﻿Philadelphia,Philadelphia
﻿phi.pa.9006,﻿school,﻿St. Mary's School,English,,,,,,﻿Pottsville,,﻿PA,,,,,,,﻿#REF!,,,,,,﻿teacher,﻿between 50 and 60,﻿Sisters of Charity,,1839,,,﻿,﻿,﻿Philadelphia,Philadelphia
﻿phi.pa.9006,﻿school,﻿St. Mary's School,English,,,,,,﻿Pottsville,,﻿PA,,,,,,,﻿#REF!,,,,,,﻿teacher,﻿between 50 and 60,﻿Sisters of Charity,,1839,,,﻿,﻿,﻿Philadelphia,Philadelphia
﻿phi.pa.9006,﻿school,﻿St. Mary's School,English,,,,,,﻿Pottsville,,﻿PA,,,,,,,﻿#REF!,,,,,,﻿teacher,﻿between 50 and 60,﻿Sisters of Charity,,1839,,,﻿,﻿,﻿Philadelphia,Philadelphia
﻿phi.pa.9006,﻿school,﻿St. Mary's School,English,,,,,,﻿Pottsville,,﻿PA,,,,,,,﻿#REF!,,,,,,﻿teacher,﻿between 50 and 60,﻿Sisters of Charity,,1839,,,﻿,﻿,﻿Philadelphia,Philadelphia
﻿phi.pa.9006,﻿school,﻿St. Mary's School,English,,,,,,﻿Pottsville,,﻿PA,,,,,,,﻿#REF!,,,,,,﻿teacher,﻿between 50 and 60,﻿Sisters of Charity,,1839,,,﻿,﻿,﻿Philadelphia,Philadelphia
﻿phi.pa.9006,﻿school,﻿St. Mary's School,English,,,,,,﻿Pottsville,,﻿PA,,,,,,,﻿#REF!,,,,,,﻿teacher,﻿between 50 and 60,﻿Sisters of Charity,,1839,,,﻿,﻿,﻿Philadelphia,Philadelphia
﻿phi.pa.9006,﻿school,﻿St. Mary's School,English,,,,,,﻿Pottsville,,﻿PA,,,,,,,﻿#REF!,,,,,,﻿teacher,﻿between 50 and 60,﻿Sisters of Charity,,1839,,,﻿,﻿,﻿Philadelphia,Philadelphia
﻿phi.pa.9006,﻿school,﻿St. Mary's School,English,,,,,,﻿Pottsville,,﻿PA,,,,,,,﻿#REF!,,,,,,﻿teacher,﻿between 50 and 60,﻿Sisters of Charity,,1839,,,﻿,﻿,﻿Philadelphia,Philadelphia
﻿phi.pa.9006,﻿school,﻿St. Mary's School,English,,,,,,﻿Pottsville,,﻿PA,,,,,,,﻿#REF!,,,,,,﻿teacher,﻿between 50 and 60,﻿Sisters of Charity,,1839,,,﻿,﻿,﻿Philadelphia,Philadelphia
﻿phi.pa.9006,﻿school,﻿St. Mary's School,English,,,,,,﻿Pottsville,,﻿PA,,,,,,,﻿#REF!,,,,,,﻿teacher,﻿between 50 and 60,﻿Sisters of Charity,,1839,,,﻿,﻿,﻿Philadelphia,Philadelphia
﻿phi.pa.9006,﻿school,﻿St. Mary's School,English,,,,,,﻿Pottsville,,﻿PA,,,,,,,﻿#REF!,,,,,,﻿teacher,﻿between 50 and 60,﻿Sisters of Charity,,1839,,,﻿,﻿,﻿Philadelphia,Philadelphia
﻿phi.pa.9006,﻿school,﻿St. Mary's School,English,,,,,,﻿Pottsville,,﻿PA,,,,,,,﻿#REF!,,,,,,﻿teacher,﻿between 50 and 60,﻿Sisters of Charity,,1839,,,﻿,﻿,﻿Philadelphia,Philadelphia
﻿phi.pa.9006,﻿school,﻿St. Mary's School,English,,,,,,﻿Pottsville,,﻿PA,,,,,,,﻿#REF!,,,,,,﻿teacher,﻿between 50 and 60,﻿Sisters of Charity,,1839,,,﻿,﻿,﻿Philadelphia,Philadelphia
﻿phi.pa.9006,﻿school,﻿St. Mary's School,English,,,,,,﻿Pottsville,,﻿PA,,,,,,,﻿#REF!,,,,,,﻿teacher,﻿between 50 and 60,﻿Sisters of Charity,,1839,,,﻿,﻿,﻿Philadelphia,Philadelphia
﻿phi.pa.9006,﻿school,﻿St. Mary's School,English,,,,,,﻿Pottsville,,﻿PA,,,,,,,﻿#REF!,,,,,,﻿teacher,﻿between 50 and 60,﻿Sisters of Charity,,1839,,,﻿,﻿,﻿Philadelphia,Philadelphia
﻿phi.pa.9006,﻿school,﻿St. Mary's School,English,,,,,,﻿Pottsville,,﻿PA,,,,,,,﻿#REF!,,,,,,﻿teacher,﻿between 50 and 60,﻿Sisters of Charity,,1839,,,﻿,﻿,﻿Philadelphia,Philadelphia
﻿phi.pa.9006,﻿school,﻿St. Mary's School,English,,,,,,﻿Pottsville,,﻿PA,,,,,,,﻿#REF!,,,,,,﻿teacher,﻿between 50 and 60,﻿Sisters of Charity,,1839,,,﻿,﻿,﻿Philadelphia,Philadelphia
﻿phi.pa.9006,﻿school,﻿St. Mary's School,English,,,,,,﻿Pottsville,,﻿PA,,,,,,,﻿#REF!,,,,,,﻿teacher,﻿between 50 and 60,﻿Sisters of Charity,,1839,,,﻿,﻿,﻿Philadelphia,Philadelphia
﻿phi.pa.9006,﻿school,﻿St. Mary's School,English,,,,,,﻿Pottsville,,﻿PA,,,,,,,﻿#REF!,,,,,,﻿teacher,﻿between 50 and 60,﻿Sisters of Charity,,1839,,,﻿,﻿,﻿Philadelphia,Philadelphia
﻿phi.pa.9006,﻿school,﻿St. Mary's School,English,,,,,,﻿Pottsville,,﻿PA,,,,,,,﻿#REF!,,,,,,﻿teacher,﻿between 50 and 60,﻿Sisters of Charity,,1839,,,﻿,﻿,﻿Philadelphia,Philadelphia
﻿phi.pa.9006,﻿school,﻿St. Mary's School,English,,,,,,﻿Pottsville,,﻿PA,,,,,,,﻿#REF!,,,,,,﻿teacher,﻿between 50 and 60,﻿Sisters of Charity,,1839,,,﻿,﻿,﻿Philadelphia,Philadelphia
﻿phi.pa.9006,﻿school,﻿St. Mary's School,English,,,,,,﻿Pottsville,,﻿PA,,,,,,,﻿#REF!,,,,,,﻿teacher,﻿between 50 and 60,﻿Sisters of Charity,,1839,,,﻿,﻿,﻿Philadelphia,Philadelphia
﻿phi.pa.9006,﻿school,﻿St. Mary's School,English,,,,,,﻿Pottsville,,﻿PA,,,,,,,﻿#REF!,,,,,,﻿teacher,﻿between 50 and 60,﻿Sisters of Charity,,1839,,,﻿,﻿,﻿Philadelphia,Philadelphia
﻿phi.pa.9006,﻿school,﻿St. Mary's School,English,,,,,,﻿Pottsville,,﻿PA,,,,,,,﻿#REF!,,,,,,﻿teacher,﻿between 50 and 60,﻿Sisters of Charity,,1839,,,﻿,﻿,﻿Philadelphia,Philadelphia
﻿phi.pa.9006,﻿school,﻿St. Mary's School,English,,,,,,﻿Pottsville,,﻿PA,,,,,,,﻿#REF!,,,,,,﻿teacher,﻿between 50 and 60,﻿Sisters of Charity,,1839,,,﻿,﻿,﻿Philadelphia,Philadelphia
﻿phi.pa.9006,﻿school,﻿St. Mary's School,English,,,,,,﻿Pottsville,,﻿PA,,,,,,,﻿#REF!,,,,,,﻿teacher,﻿between 50 and 60,﻿Sisters of Charity,,1839,,,﻿,﻿,﻿Philadelphia,Philadelphia
﻿phi.pa.9006,﻿school,﻿St. Mary's School,English,,,,,,﻿Pottsville,,﻿PA,,,,,,,﻿#REF!,,,,,,﻿teacher,﻿between 50 and 60,﻿Sisters of Charity,,1839,,,﻿,﻿,﻿Philadelphia,Philadelphia
﻿phi.pa.9006,﻿school,﻿St. Mary's School,English,,,,,,﻿Pottsville,,﻿PA,,,,,,,﻿#REF!,,,,,,﻿teacher,﻿between 50 and 60,﻿Sisters of Charity,,1839,,,﻿,﻿,﻿Philadelphia,Philadelphia
﻿phi.pa.9006,﻿school,﻿St. Mary's School,English,,,,,,﻿Pottsville,,﻿PA,,,,,,,﻿#REF!,,,,,,﻿teacher,﻿between 50 and 60,﻿Sisters of Charity,,1839,,,﻿,﻿,﻿Philadelphia,Philadelphia
﻿phi.pa.9006,﻿school,﻿St. Mary's School,English,,,,,,﻿Pottsville,,﻿PA,,,,,,,﻿#REF!,,,,,,﻿teacher,﻿between 50 and 60,﻿Sisters of Charity,,1839,,,﻿,﻿,﻿Philadelphia,Philadelphia
﻿phi.pa.9006,﻿school,﻿St. Mary's School,English,,,,,,﻿Pottsville,,﻿PA,,,,,,,﻿#REF!,,,,,,﻿teacher,﻿between 50 and 60,﻿Sisters of Charity,,1839,,,﻿,﻿,﻿Philadelphia,Philadelphia
﻿phi.pa.9006,﻿school,﻿St. Mary's School,English,,,,,,﻿Pottsville,,﻿PA,,,,,,,﻿#REF!,,,,,,﻿teacher,﻿between 50 and 60,﻿Sisters of Charity,,1839,,,﻿,﻿,﻿Philadelphia,Philadelphia
﻿phi.pa.9006,﻿school,﻿St. Mary's School,English,,,,,,﻿Pottsville,,﻿PA,,,,,,,﻿#REF!,,,,,,﻿teacher,﻿between 50 and 60,﻿Sisters of Charity,,1839,,,﻿,﻿,﻿Philadelphia,Philadelphia
﻿phi.pa.9006,﻿school,﻿St. Mary's School,English,,,,,,﻿Pottsville,,﻿PA,,,,,,,﻿#REF!,,,,,,﻿teacher,﻿between 50 and 60,﻿Sisters of Charity,,1839,,,﻿,﻿,﻿Philadelphia,Philadelphia
﻿phi.pa.9006,﻿school,﻿St. Mary's School,English,,,,,,﻿Pottsville,,﻿PA,,,,,,,﻿#REF!,,,,,,﻿teacher,﻿between 50 and 60,﻿Sisters of Charity,,1839,,,﻿,﻿,﻿Philadelphia,Philadelphia
﻿phi.pa.9006,﻿school,﻿St. Mary's School,English,,,,,,﻿Pottsville,,﻿PA,,,,,,,﻿#REF!,,,,,,﻿teacher,﻿between 50 and 60,﻿Sisters of Charity,,1839,,,﻿,﻿,﻿Philadelphia,Philadelphia
﻿phi.pa.9006,﻿school,﻿St. Mary's School,English,,,,,,﻿Pottsville,,﻿PA,,,,,,,﻿#REF!,,,,,,﻿teacher,﻿between 50 and 60,﻿Sisters of Charity,,1839,,,﻿,﻿,﻿Philadelphia,Philadelphia
﻿phi.pa.9006,﻿school,﻿St. Mary's School,English,,,,,,﻿Pottsville,,﻿PA,,,,,,,﻿#REF!,,,,,,﻿teacher,﻿between 50 and 60,﻿Sisters of Charity,,1839,,,﻿,﻿,﻿Philadelphia,Philadelphia
﻿phi.pa.9006,﻿school,﻿St. Mary's School,English,,,,,,﻿Pottsville,,﻿PA,,,,,,,﻿#REF!,,,,,,﻿teacher,﻿between 50 and 60,﻿Sisters of Charity,,1839,,,﻿,﻿,﻿Philadelphia,Philadelphia
﻿phi.pa.9006,﻿school,﻿St. Mary's School,English,,,,,,﻿Pottsville,,﻿PA,,,,,,,﻿#REF!,,,,,,﻿teacher,﻿between 50 and 60,﻿Sisters of Charity,,1839,,,﻿,﻿,﻿Philadelphia,Philadelphia
﻿phi.pa.9006,﻿school,﻿St. Mary's School,English,,,,,,﻿Pottsville,,﻿PA,,,,,,,﻿#REF!,,,,,,﻿teacher,﻿between 50 and 60,﻿Sisters of Charity,,1839,,,﻿,﻿,﻿Philadelphia,Philadelphia
﻿phi.pa.9006,﻿school,﻿St. Mary's School,English,,,,,,﻿Pottsville,,﻿PA,,,,,,,﻿#REF!,,,,,,﻿teacher,﻿between 50 and 60,﻿Sisters of Charity,,1839,,,﻿,﻿,﻿Philadelphia,Philadelphia
﻿phi.pa.9006,﻿school,﻿St. Mary's School,English,,,,,,﻿Pottsville,,﻿PA,,,,,,,﻿#REF!,,,,,,﻿teacher,﻿between 50 and 60,﻿Sisters of Charity,,1839,,,﻿,﻿,﻿Philadelphia,Philadelphia
﻿phi.pa.9006,﻿school,﻿St. Mary's School,English,,,,,,﻿Pottsville,,﻿PA,,,,,,,﻿#REF!,,,,,,﻿teacher,﻿between 50 and 60,﻿Sisters of Charity,,1839,,,﻿,﻿,﻿Philadelphia,Philadelphia
﻿phi.pa.9006,﻿school,﻿St. Mary's School,English,,,,,,﻿Pottsville,,﻿PA,,,,,,,﻿#REF!,,,,,,﻿teacher,﻿between 50 and 60,﻿Sisters of Charity,,1839,,,﻿,﻿,﻿Philadelphia,Philadelphia
﻿phi.pa.9006,﻿school,﻿St. Mary's School,English,,,,,,﻿Pottsville,,﻿PA,,,,,,,﻿#REF!,,,,,,﻿teacher,﻿between 50 and 60,﻿Sisters of Charity,,1839,,,﻿,﻿,﻿Philadelphia,Philadelphia
﻿phi.pa.9006,﻿school,﻿St. Mary's School,English,,,,,,﻿Pottsville,,﻿PA,,,,,,,﻿#REF!,,,,,,﻿teacher,﻿between 50 and 60,﻿Sisters of Charity,,1839,,,﻿,﻿,﻿Philadelphia,Philadelphia
﻿phi.pa.9006,﻿school,﻿St. Mary's School,English,,,,,,﻿Pottsville,,﻿PA,,,,,,,﻿#REF!,,,,,,﻿teacher,﻿between 50 and 60,﻿Sisters of Charity,,1839,,,﻿,﻿,﻿Philadelphia,Philadelphia
﻿phi.pa.9006,﻿school,﻿St. Mary's School,English,,,,,,﻿Pottsville,,﻿PA,,,,,,,﻿#REF!,,,,,,﻿teacher,﻿between 50 and 60,﻿Sisters of Charity,,1839,,,﻿,﻿,﻿Philadelphia,Philadelphia
﻿phi.pa.9006,﻿school,﻿St. Mary's School,English,,,,,,﻿Pottsville,,﻿PA,,,,,,,﻿#REF!,,,,,,﻿teacher,﻿between 50 and 60,﻿Sisters of Charity,,1839,,,﻿,﻿,﻿Philadelphia,Philadelphia
﻿phi.pa.9006,﻿school,﻿St. Mary's School,English,,,,,,﻿Pottsville,,﻿PA,,,,,,,﻿#REF!,,,,,,﻿teacher,﻿between 50 and 60,﻿Sisters of Charity,,1839,,,﻿,﻿,﻿Philadelphia,Philadelphia
﻿phi.pa.9006,﻿school,﻿St. Mary's School,English,,,,,,﻿Pottsville,,﻿PA,,,,,,,﻿#REF!,,,,,,﻿teacher,﻿between 50 and 60,﻿Sisters of Charity,,1839,,,﻿,﻿,﻿Philadelphia,Philadelphia
﻿phi.pa.9006,﻿school,﻿St. Mary's School,English,,,,,,﻿Pottsville,,﻿PA,,,,,,,﻿#REF!,,,,,,﻿teacher,﻿between 50 and 60,﻿Sisters of Charity,,1839,,,﻿,﻿,﻿Philadelphia,Philadelphia
﻿phi.pa.9006,﻿school,﻿St. Mary's School,English,,,,,,﻿Pottsville,,﻿PA,,,,,,,﻿#REF!,,,,,,﻿teacher,﻿between 50 and 60,﻿Sisters of Charity,,1839,,,﻿,﻿,﻿Philadelphia,Philadelphia
﻿phi.pa.9006,﻿school,﻿St. Mary's School,English,,,,,,﻿Pottsville,,﻿PA,,,,,,,﻿#REF!,,,,,,﻿teacher,﻿between 50 and 60,﻿Sisters of Charity,,1839,,,﻿,﻿,﻿Philadelphia,Philadelphia
﻿phi.pa.9006,﻿school,﻿St. Mary's School,English,,,,,,﻿Pottsville,,﻿PA,,,,,,,﻿#REF!,,,,,,﻿teacher,﻿between 50 and 60,﻿Sisters of Charity,,1839,,,﻿,﻿,﻿Philadelphia,Philadelphia
﻿phi.pa.9006,﻿school,﻿St. Mary's School,English,,,,,,﻿Pottsville,,﻿PA,,,,,,,﻿#REF!,,,,,,﻿teacher,﻿between 50 and 60,﻿Sisters of Charity,,1839,,,﻿,﻿,﻿Philadelphia,Philadelphia
﻿phi.pa.9006,﻿school,﻿St. Mary's School,English,,,,,,﻿Pottsville,,﻿PA,,,,,,,﻿#REF!,,,,,,﻿teacher,﻿between 50 and 60,﻿Sisters of Charity,,1839,,,﻿,﻿,﻿Philadelphia,Philadelphia
﻿phi.pa.9006,﻿school,﻿St. Mary's School,English,,,,,,﻿Pottsville,,﻿PA,,,,,,,﻿#REF!,,,,,,﻿teacher,﻿between 50 and 60,﻿Sisters of Charity,,1839,,,﻿,﻿,﻿Philadelphia,Philadelphia
﻿phi.pa.9006,﻿school,﻿St. Mary's School,English,,,,,,﻿Pottsville,,﻿PA,,,,,,,﻿#REF!,,,,,,﻿teacher,﻿between 50 and 60,﻿Sisters of Charity,,1839,,,﻿,﻿,﻿Philadelphia,Philadelphia
﻿phi.pa.9006,﻿school,﻿St. Mary's School,English,,,,,,﻿Pottsville,,﻿PA,,,,,,,﻿#REF!,,,,,,﻿teacher,﻿between 50 and 60,﻿Sisters of Charity,,1839,,,﻿,﻿,﻿Philadelphia,Philadelphia
﻿phi.pa.9006,﻿school,﻿St. Mary's School,English,,,,,,﻿Pottsville,,﻿PA,,,,,,,﻿#REF!,,,,,,﻿teacher,﻿between 50 and 60,﻿Sisters of Charity,,1839,,,﻿,﻿,﻿Philadelphia,Philadelphia
﻿phi.pa.9006,﻿school,﻿St. Mary's School,English,,,,,,﻿Pottsville,,﻿PA,,,,,,,﻿#REF!,,,,,,﻿teacher,﻿between 50 and 60,﻿Sisters of Charity,,1839,,,﻿,﻿,﻿Philadelphia,Philadelphia
﻿phi.pa.9006,﻿school,﻿St. Mary's School,English,,,,,,﻿Pottsville,,﻿PA,,,,,,,﻿#REF!,,,,,,﻿teacher,﻿between 50 and 60,﻿Sisters of Charity,,1839,,,﻿,﻿,﻿Philadelphia,Philadelphia
﻿phi.pa.9006,﻿school,﻿St. Mary's School,English,,,,,,﻿Pottsville,,﻿PA,,,,,,,﻿#REF!,,,,,,﻿teacher,﻿between 50 and 60,﻿Sisters of Charity,,1839,,,﻿,﻿,﻿Philadelphia,Philadelphia
﻿phi.pa.9006,﻿school,﻿St. Mary's School,English,,,,,,﻿Pottsville,,﻿PA,,,,,,,﻿#REF!,,,,,,﻿teacher,﻿between 50 and 60,﻿Sisters of Charity,,1839,,,﻿,﻿,﻿Philadelphia,Philadelphia
﻿phi.pa.9006,﻿school,﻿St. Mary's School,English,,,,,,﻿Pottsville,,﻿PA,,,,,,,﻿#REF!,,,,,,﻿teacher,﻿between 50 and 60,﻿Sisters of Charity,,1839,,,﻿,﻿,﻿Philadelphia,Philadelphia
﻿phi.pa.9006,﻿school,﻿St. Mary's School,English,,,,,,﻿Pottsville,,﻿PA,,,,,,,﻿#REF!,,,,,,﻿teacher,﻿between 50 and 60,﻿Sisters of Charity,,1839,,,﻿,﻿,﻿Philadelphia,Philadelphia
﻿phi.pa.9006,﻿school,﻿St. Mary's School,English,,,,,,﻿Pottsville,,﻿PA,,,,,,,﻿#REF!,,,,,,﻿teacher,﻿between 50 and 60,﻿Sisters of Charity,,1839,,,﻿,﻿,﻿Philadelphia,Philadelphia
﻿phi.pa.9006,﻿school,﻿St. Mary's School,English,,,,,,﻿Pottsville,,﻿PA,,,,,,,﻿#REF!,,,,,,﻿teacher,﻿between 50 and 60,﻿Sisters of Charity,,1839,,,﻿,﻿,﻿Philadelphia,Philadelphia
﻿phi.pa.9006,﻿school,﻿St. Mary's School,English,,,,,,﻿Pottsville,,﻿PA,,,,,,,﻿#REF!,,,,,,﻿teacher,﻿between 50 and 60,﻿Sisters of Charity,,1839,,,﻿,﻿,﻿Philadelphia,Philadelphia
﻿phi.pa.9006,﻿school,﻿St. Mary's School,English,,,,,,﻿Pottsville,,﻿PA,,,,,,,﻿#REF!,,,,,,﻿teacher,﻿between 50 and 60,﻿Sisters of Charity,,1839,,,﻿,﻿,﻿Philadelphia,Philadelphia
﻿phi.pa.9006,﻿school,﻿St. Mary's School,English,,,,,,﻿Pottsville,,﻿PA,,,,,,,﻿#REF!,,,,,,﻿teacher,﻿between 50 and 60,﻿Sisters of Charity,,1839,,,﻿,﻿,﻿Philadelphia,Philadelphia
﻿phi.pa.9006,﻿school,﻿St. Mary's School,English,,,,,,﻿Pottsville,,﻿PA,,,,,,,﻿#REF!,,,,,,﻿teacher,﻿between 50 and 60,﻿Sisters of Charity,,1839,,,﻿,﻿,﻿Philadelphia,Philadelphia
﻿phi.pa.9006,﻿school,﻿St. Mary's School,English,,,,,,﻿Pottsville,,﻿PA,,,,,,,﻿#REF!,,,,,,﻿teacher,﻿between 50 and 60,﻿Sisters of Charity,,1839,,,﻿,﻿,﻿Philadelphia,Philadelphia
﻿phi.pa.9006,﻿school,﻿St. Mary's School,English,,,,,,﻿Pottsville,,﻿PA,,,,,,,﻿#REF!,,,,,,﻿teacher,﻿between 50 and 60,﻿Sisters of Charity,,1839,,,﻿,﻿,﻿Philadelphia,Philadelphia
﻿phi.pa.9006,﻿school,﻿St. Mary's School,English,,,,,,﻿Pottsville,,﻿PA,,,,,,,﻿#REF!,,,,,,﻿teacher,﻿between 50 and 60,﻿Sisters of Charity,,1839,,,﻿,﻿,﻿Philadelphia,Philadelphia
﻿phi.pa.9006,﻿school,﻿St. Mary's School,English,,,,,,﻿Pottsville,,﻿PA,,,,,,,﻿#REF!,,,,,,﻿teacher,﻿between 50 and 60,﻿Sisters of Charity,,1839,,,﻿,﻿,﻿Philadelphia,Philadelphia
﻿phi.pa.9006,﻿school,﻿St. Mary's School,English,,,,,,﻿Pottsville,,﻿PA,,,,,,,﻿#REF!,,,,,,﻿teacher,﻿between 50 and 60,﻿Sisters of Charity,,1839,,,﻿,﻿,﻿Philadelphia,Philadelphia
﻿phi.pa.9006,﻿school,﻿St. Mary's School,English,,,,,,﻿Pottsville,,﻿PA,,,,,,,﻿#REF!,,,,,,﻿teacher,﻿between 50 and 60,﻿Sisters of Charity,,1839,,,﻿,﻿,﻿Philadelphia,Philadelphia
﻿phi.pa.9006,﻿school,﻿St. Mary's School,English,,,,,,﻿Pottsville,,﻿PA,,,,,,,﻿#REF!,,,,,,﻿teacher,﻿between 50 and 60,﻿Sisters of Charity,,1839,,,﻿,﻿,﻿Philadelphia,Philadelphia
﻿phi.pa.9006,﻿school,﻿St. Mary's School,English,,,,,,﻿Pottsville,,﻿PA,,,,,,,﻿#REF!,,,,,,﻿teacher,﻿between 50 and 60,﻿Sisters of Charity,,1839,,,﻿,﻿,﻿Philadelphia,Philadelphia
﻿phi.pa.9006,﻿school,﻿St. Mary's School,English,,,,,,﻿Pottsville,,﻿PA,,,,,,,﻿#REF!,,,,,,﻿teacher,﻿between 50 and 60,﻿Sisters of Charity,,1839,,,﻿,﻿,﻿Philadelphia,Philadelphia
﻿phi.pa.9006,﻿school,﻿St. Mary's School,English,,,,,,﻿Pottsville,,﻿PA,,,,,,,﻿#REF!,,,,,,﻿teacher,﻿between 50 and 60,﻿Sisters of Charity,,1839,,,﻿,﻿,﻿Philadelphia,Philadelphia
﻿phi.pa.9006,﻿school,﻿St. Mary's School,English,,,,,,﻿Pottsville,,﻿PA,,,,,,,﻿#REF!,,,,,,﻿teacher,﻿between 50 and 60,﻿Sisters of Charity,,1839,,,﻿,﻿,﻿Philadelphia,Philadelphia
﻿phi.pa.9006,﻿school,﻿St. Mary's School,English,,,,,,﻿Pottsville,,﻿PA,,,,,,,﻿#REF!,,,,,,﻿teacher,﻿between 50 and 60,﻿Sisters of Charity,,1839,,,﻿,﻿,﻿Philadelphia,Philadelphia
﻿phi.pa.9006,﻿school,﻿St. Mary's School,English,,,,,,﻿Pottsville,,﻿PA,,,,,,,﻿#REF!,,,,,,﻿teacher,﻿between 50 and 60,﻿Sisters of Charity,,1839,,,﻿,﻿,﻿Philadelphia,Philadelphia
﻿phi.pa.9006,﻿school,﻿St. Mary's School,English,,,,,,﻿Pottsville,,﻿PA,,,,,,,﻿#REF!,,,,,,﻿teacher,﻿between 50 and 60,﻿Sisters of Charity,,1839,,,﻿,﻿,﻿Philadelphia,Philadelphia
﻿phi.pa.9006,﻿school,﻿St. Mary's School,English,,,,,,﻿Pottsville,,﻿PA,,,,,,,﻿#REF!,,,,,,﻿teacher,﻿between 50 and 60,﻿Sisters of Charity,,1839,,,﻿,﻿,﻿Philadelphia,Philadelphia
﻿phi.pa.9006,﻿school,﻿St. Mary's School,English,,,,,,﻿Pottsville,,﻿PA,,,,,,,﻿#REF!,,,,,,﻿teacher,﻿between 50 and 60,﻿Sisters of Charity,,1839,,,﻿,﻿,﻿Philadelphia,Philadelphia
﻿phi.pa.9006,﻿school,﻿St. Mary's School,English,,,,,,﻿Pottsville,,﻿PA,,,,,,,﻿#REF!,,,,,,﻿teacher,﻿between 50 and 60,﻿Sisters of Charity,,1839,,,﻿,﻿,﻿Philadelphia,Philadelphia
﻿phi.pa.9006,﻿school,﻿St. Mary's School,English,,,,,,﻿Pottsville,,﻿PA,,,,,,,﻿#REF!,,,,,,﻿teacher,﻿between 50 and 60,﻿Sisters of Charity,,1839,,,﻿,﻿,﻿Philadelphia,Philadelphia
﻿phi.pa.9006,﻿school,﻿St. Mary's School,English,,,,,,﻿Pottsville,,﻿PA,,,,,,,﻿#REF!,,,,,,﻿teacher,﻿between 50 and 60,﻿Sisters of Charity,,1839,,,﻿,﻿,﻿Philadelphia,Philadelphia
﻿phi.pa.9006,﻿school,﻿St. Mary's School,English,,,,,,﻿Pottsville,,﻿PA,,,,,,,﻿#REF!,,,,,,﻿teacher,﻿between 50 and 60,﻿Sisters of Charity,,1839,,,﻿,﻿,﻿Philadelphia,Philadelphia
﻿phi.pa.9006,﻿school,﻿St. Mary's School,English,,,,,,﻿Pottsville,,﻿PA,,,,,,,﻿#REF!,,,,,,﻿teacher,﻿between 50 and 60,﻿Sisters of Charity,,1839,,,﻿,﻿,﻿Philadelphia,Philadelphia
﻿phi.pa.9006,﻿school,﻿St. Mary's School,English,,,,,,﻿Pottsville,,﻿PA,,,,,,,﻿#REF!,,,,,,﻿teacher,﻿between 50 and 60,﻿Sisters of Charity,,1839,,,﻿,﻿,﻿Philadelphia,Philadelphia
﻿phi.pa.9006,﻿school,﻿St. Mary's School,English,,,,,,﻿Pottsville,,﻿PA,,,,,,,﻿#REF!,,,,,,﻿teacher,﻿between 50 and 60,﻿Sisters of Charity,,1839,,,﻿,﻿,﻿Philadelphia,Philadelphia
﻿phi.pa.9006,﻿school,﻿St. Mary's School,English,,,,,,﻿Pottsville,,﻿PA,,,,,,,﻿#REF!,,,,,,﻿teacher,﻿between 50 and 60,﻿Sisters of Charity,,1839,,,﻿,﻿,﻿Philadelphia,Philadelphia
﻿phi.pa.9006,﻿school,﻿St. Mary's School,English,,,,,,﻿Pottsville,,﻿PA,,,,,,,﻿#REF!,,,,,,﻿teacher,﻿between 50 and 60,﻿Sisters of Charity,,1839,,,﻿,﻿,﻿Philadelphia,Philadelphia
﻿phi.pa.9006,﻿school,﻿St. Mary's School,English,,,,,,﻿Pottsville,,﻿PA,,,,,,,﻿#REF!,,,,,,﻿teacher,﻿between 50 and 60,﻿Sisters of Charity,,1839,,,﻿,﻿,﻿Philadelphia,Philadelphia
﻿phi.pa.9006,﻿school,﻿St. Mary's School,English,,,,,,﻿Pottsville,,﻿PA,,,,,,,﻿#REF!,,,,,,﻿teacher,﻿between 50 and 60,﻿Sisters of Charity,,1839,,,﻿,﻿,﻿Philadelphia,Philadelphia
﻿phi.pa.9006,﻿school,﻿St. Mary's School,English,,,,,,﻿Pottsville,,﻿PA,,,,,,,﻿#REF!,,,,,,﻿teacher,﻿between 50 and 60,﻿Sisters of Charity,,1839,,,﻿,﻿,﻿Philadelphia,Philadelphia
﻿phi.pa.9006,﻿school,﻿St. Mary's School,English,,,,,,﻿Pottsville,,﻿PA,,,,,,,﻿#REF!,,,,,,﻿teacher,﻿between 50 and 60,﻿Sisters of Charity,,1839,,,﻿,﻿,﻿Philadelphia,Philadelphia
﻿phi.pa.9006,﻿school,﻿St. Mary's School,English,,,,,,﻿Pottsville,,﻿PA,,,,,,,﻿#REF!,,,,,,﻿teacher,﻿between 50 and 60,﻿Sisters of Charity,,1839,,,﻿,﻿,﻿Philadelphia,Philadelphia
﻿phi.pa.9006,﻿school,﻿St. Mary's School,English,,,,,,﻿Pottsville,,﻿PA,,,,,,,﻿#REF!,,,,,,﻿teacher,﻿between 50 and 60,﻿Sisters of Charity,,1839,,,﻿,﻿,﻿Philadelphia,Philadelphia
﻿phi.pa.9006,﻿school,﻿St. Mary's School,English,,,,,,﻿Pottsville,,﻿PA,,,,,,,﻿#REF!,,,,,,﻿teacher,﻿between 50 and 60,﻿Sisters of Charity,,1839,,,﻿,﻿,﻿Philadelphia,Philadelphia
﻿phi.pa.9006,﻿school,﻿St. Mary's School,English,,,,,,﻿Pottsville,,﻿PA,,,,,,,﻿#REF!,,,,,,﻿teacher,﻿between 50 and 60,﻿Sisters of Charity,,1839,,,﻿,﻿,﻿Philadelphia,Philadelphia
﻿phi.pa.9006,﻿school,﻿St. Mary's School,English,,,,,,﻿Pottsville,,﻿PA,,,,,,,﻿#REF!,,,,,,﻿teacher,﻿between 50 and 60,﻿Sisters of Charity,,1839,,,﻿,﻿,﻿Philadelphia,Philadelphia
﻿phi.pa.9006,﻿school,﻿St. Mary's School,English,,,,,,﻿Pottsville,,﻿PA,,,,,,,﻿#REF!,,,,,,﻿teacher,﻿between 50 and 60,﻿Sisters of Charity,,1839,,,﻿,﻿,﻿Philadelphia,Philadelphia
﻿phi.pa.9006,﻿school,﻿St. Mary's School,English,,,,,,﻿Pottsville,,﻿PA,,,,,,,﻿#REF!,,,,,,﻿teacher,﻿between 50 and 60,﻿Sisters of Charity,,1839,,,﻿,﻿,﻿Philadelphia,Philadelphia
﻿phi.pa.9006,﻿school,﻿St. Mary's School,English,,,,,,﻿Pottsville,,﻿PA,,,,,,,﻿#REF!,,,,,,﻿teacher,﻿between 50 and 60,﻿Sisters of Charity,,1839,,,﻿,﻿,﻿Philadelphia,Philadelphia
﻿phi.pa.9006,﻿school,﻿St. Mary's School,English,,,,,,﻿Pottsville,,﻿PA,,,,,,,﻿#REF!,,,,,,﻿teacher,﻿between 50 and 60,﻿Sisters of Charity,,1839,,,﻿,﻿,﻿Philadelphia,Philadelphia
﻿phi.pa.9006,﻿school,﻿St. Mary's School,English,,,,,,﻿Pottsville,,﻿PA,,,,,,,﻿#REF!,,,,,,﻿teacher,﻿between 50 and 60,﻿Sisters of Charity,,1839,,,﻿,﻿,﻿Philadelphia,Philadelphia
﻿phi.pa.9006,﻿school,﻿St. Mary's School,English,,,,,,﻿Pottsville,,﻿PA,,,,,,,﻿#REF!,,,,,,﻿teacher,﻿between 50 and 60,﻿Sisters of Charity,,1839,,,﻿,﻿,﻿Philadelphia,Philadelphia
﻿phi.pa.9006,﻿school,﻿St. Mary's School,English,,,,,,﻿Pottsville,,﻿PA,,,,,,,﻿#REF!,,,,,,﻿teacher,﻿between 50 and 60,﻿Sisters of Charity,,1839,,,﻿,﻿,﻿Philadelphia,Philadelphia
﻿phi.pa.9006,﻿school,﻿St. Mary's School,English,,,,,,﻿Pottsville,,﻿PA,,,,,,,﻿#REF!,,,,,,﻿teacher,﻿between 50 and 60,﻿Sisters of Charity,,1839,,,﻿,﻿,﻿Philadelphia,Philadelphia
﻿phi.pa.9006,﻿school,﻿St. Mary's School,English,,,,,,﻿Pottsville,,﻿PA,,,,,,,﻿#REF!,,,,,,﻿teacher,﻿between 50 and 60,﻿Sisters of Charity,,1839,,,﻿,﻿,﻿Philadelphia,Philadelphia
﻿phi.pa.9006,﻿school,﻿St. Mary's School,English,,,,,,﻿Pottsville,,﻿PA,,,,,,,﻿#REF!,,,,,,﻿teacher,﻿between 50 and 60,﻿Sisters of Charity,,1839,,,﻿,﻿,﻿Philadelphia,Philadelphia
﻿phi.pa.9006,﻿school,﻿St. Mary's School,English,,,,,,﻿Pottsville,,﻿PA,,,,,,,﻿#REF!,,,,,,﻿teacher,﻿between 50 and 60,﻿Sisters of Charity,,1839,,,﻿,﻿,﻿Philadelphia,Philadelphia
﻿phi.pa.9006,﻿school,﻿St. Mary's School,English,,,,,,﻿Pottsville,,﻿PA,,,,,,,﻿#REF!,,,,,,﻿teacher,﻿between 50 and 60,﻿Sisters of Charity,,1839,,,﻿,﻿,﻿Philadelphia,Philadelphia
﻿phi.pa.9006,﻿school,﻿St. Mary's School,English,,,,,,﻿Pottsville,,﻿PA,,,,,,,﻿#REF!,,,,,,﻿teacher,﻿between 50 and 60,﻿Sisters of Charity,,1839,,,﻿,﻿,﻿Philadelphia,Philadelphia
﻿phi.pa.9006,﻿school,﻿St. Mary's School,English,,,,,,﻿Pottsville,,﻿PA,,,,,,,﻿#REF!,,,,,,﻿teacher,﻿between 50 and 60,﻿Sisters of Charity,,1839,,,﻿,﻿,﻿Philadelphia,Philadelphia
﻿phi.pa.9006,﻿school,﻿St. Mary's School,English,,,,,,﻿Pottsville,,﻿PA,,,,,,,﻿#REF!,,,,,,﻿teacher,﻿between 50 and 60,﻿Sisters of Charity,,1839,,,﻿,﻿,﻿Philadelphia,Philadelphia
﻿phi.pa.9006,﻿school,﻿St. Mary's School,English,,,,,,﻿Pottsville,,﻿PA,,,,,,,﻿#REF!,,,,,,﻿teacher,﻿between 50 and 60,﻿Sisters of Charity,,1839,,,﻿,﻿,﻿Philadelphia,Philadelphia
﻿phi.pa.9006,﻿school,﻿St. Mary's School,English,,,,,,﻿Pottsville,,﻿PA,,,,,,,﻿#REF!,,,,,,﻿teacher,﻿between 50 and 60,﻿Sisters of Charity,,1839,,,﻿,﻿,﻿Philadelphia,Philadelphia
﻿phi.pa.9006,﻿school,﻿St. Mary's School,English,,,,,,﻿Pottsville,,﻿PA,,,,,,,﻿#REF!,,,,,,﻿teacher,﻿between 50 and 60,﻿Sisters of Charity,,1839,,,﻿,﻿,﻿Philadelphia,Philadelphia
﻿phi.pa.9006,﻿school,﻿St. Mary's School,English,,,,,,﻿Pottsville,,﻿PA,,,,,,,﻿#REF!,,,,,,﻿teacher,﻿between 50 and 60,﻿Sisters of Charity,,1839,,,﻿,﻿,﻿Philadelphia,Philadelphia
﻿phi.pa.9006,﻿school,﻿St. Mary's School,English,,,,,,﻿Pottsville,,﻿PA,,,,,,,﻿#REF!,,,,,,﻿teacher,﻿between 50 and 60,﻿Sisters of Charity,,1839,,,﻿,﻿,﻿Philadelphia,Philadelphia
﻿phi.pa.9006,﻿school,﻿St. Mary's School,English,,,,,,﻿Pottsville,,﻿PA,,,,,,,﻿#REF!,,,,,,﻿teacher,﻿between 50 and 60,﻿Sisters of Charity,,1839,,,﻿,﻿,﻿Philadelphia,Philadelphia
﻿phi.pa.9006,﻿school,﻿St. Mary's School,English,,,,,,﻿Pottsville,,﻿PA,,,,,,,﻿#REF!,,,,,,﻿teacher,﻿between 50 and 60,﻿Sisters of Charity,,1839,,,﻿,﻿,﻿Philadelphia,Philadelphia
﻿phi.pa.9006,﻿school,﻿St. Mary's School,English,,,,,,﻿Pottsville,,﻿PA,,,,,,,﻿#REF!,,,,,,﻿teacher,﻿between 50 and 60,﻿Sisters of Charity,,1839,,,﻿,﻿,﻿Philadelphia,Philadelphia
﻿phi.pa.9006,﻿school,﻿St. Mary's School,English,,,,,,﻿Pottsville,,﻿PA,,,,,,,﻿#REF!,,,,,,﻿teacher,﻿between 50 and 60,﻿Sisters of Charity,,1839,,,﻿,﻿,﻿Philadelphia,Philadelphia
﻿phi.pa.9006,﻿school,﻿St. Mary's School,English,,,,,,﻿Pottsville,,﻿PA,,,,,,,﻿#REF!,,,,,,﻿teacher,﻿between 50 and 60,﻿Sisters of Charity,,1839,,,﻿,﻿,﻿Philadelphia,Philadelphia
﻿phi.pa.9006,﻿school,﻿St. Mary's School,English,,,,,,﻿Pottsville,,﻿PA,,,,,,,﻿#REF!,,,,,,﻿teacher,﻿between 50 and 60,﻿Sisters of Charity,,1839,,,﻿,﻿,﻿Philadelphia,Philadelphia
﻿phi.pa.9006,﻿school,﻿St. Mary's School,English,,,,,,﻿Pottsville,,﻿PA,,,,,,,﻿#REF!,,,,,,﻿teacher,﻿between 50 and 60,﻿Sisters of Charity,,1839,,,﻿,﻿,﻿Philadelphia,Philadelphia
﻿phi.pa.9006,﻿school,﻿St. Mary's School,English,,,,,,﻿Pottsville,,﻿PA,,,,,,,﻿#REF!,,,,,,﻿teacher,﻿between 50 and 60,﻿Sisters of Charity,,1839,,,﻿,﻿,﻿Philadelphia,Philadelphia
﻿phi.pa.9006,﻿school,﻿St. Mary's School,English,,,,,,﻿Pottsville,,﻿PA,,,,,,,﻿#REF!,,,,,,﻿teacher,﻿between 50 and 60,﻿Sisters of Charity,,1839,,,﻿,﻿,﻿Philadelphia,Philadelphia
﻿phi.pa.9006,﻿school,﻿St. Mary's School,English,,,,,,﻿Pottsville,,﻿PA,,,,,,,﻿#REF!,,,,,,﻿teacher,﻿between 50 and 60,﻿Sisters of Charity,,1839,,,﻿,﻿,﻿Philadelphia,Philadelphia
﻿phi.pa.9006,﻿school,﻿St. Mary's School,English,,,,,,﻿Pottsville,,﻿PA,,,,,,,﻿#REF!,,,,,,﻿teacher,﻿between 50 and 60,﻿Sisters of Charity,,1839,,,﻿,﻿,﻿Philadelphia,Philadelphia
﻿phi.pa.9006,﻿school,﻿St. Mary's School,English,,,,,,﻿Pottsville,,﻿PA,,,,,,,﻿#REF!,,,,,,﻿teacher,﻿between 50 and 60,﻿Sisters of Charity,,1839,,,﻿,﻿,﻿Philadelphia,Philadelphia
﻿phi.pa.9006,﻿school,﻿St. Mary's School,English,,,,,,﻿Pottsville,,﻿PA,,,,,,,﻿#REF!,,,,,,﻿teacher,﻿between 50 and 60,﻿Sisters of Charity,,1839,,,﻿,﻿,﻿Philadelphia,Philadelphia
﻿phi.pa.9006,﻿school,﻿St. Mary's School,English,,,,,,﻿Pottsville,,﻿PA,,,,,,,﻿#REF!,,,,,,﻿teacher,﻿between 50 and 60,﻿Sisters of Charity,,1839,,,﻿,﻿,﻿Philadelphia,Philadelphia
﻿phi.pa.9006,﻿school,﻿St. Mary's School,English,,,,,,﻿Pottsville,,﻿PA,,,,,,,﻿#REF!,,,,,,﻿teacher,﻿between 50 and 60,﻿Sisters of Charity,,1839,,,﻿,﻿,﻿Philadelphia,Philadelphia
﻿phi.pa.9006,﻿school,﻿St. Mary's School,English,,,,,,﻿Pottsville,,﻿PA,,,,,,,﻿#REF!,,,,,,﻿teacher,﻿between 50 and 60,﻿Sisters of Charity,,1839,,,﻿,﻿,﻿Philadelphia,Philadelphia
﻿phi.pa.9006,﻿school,﻿St. Mary's School,English,,,,,,﻿Pottsville,,﻿PA,,,,,,,﻿#REF!,,,,,,﻿teacher,﻿between 50 and 60,﻿Sisters of Charity,,1839,,,﻿,﻿,﻿Philadelphia,Philadelphia
﻿phi.pa.9006,﻿school,﻿St. Mary's School,English,,,,,,﻿Pottsville,,﻿PA,,,,,,,﻿#REF!,,,,,,﻿teacher,﻿between 50 and 60,﻿Sisters of Charity,,1839,,,﻿,﻿,﻿Philadelphia,Philadelphia
﻿phi.pa.9006,﻿school,﻿St. Mary's School,English,,,,,,﻿Pottsville,,﻿PA,,,,,,,﻿#REF!,,,,,,﻿teacher,﻿between 50 and 60,﻿Sisters of Charity,,1839,,,﻿,﻿,﻿Philadelphia,Philadelphia
﻿phi.pa.9006,﻿school,﻿St. Mary's School,English,,,,,,﻿Pottsville,,﻿PA,,,,,,,﻿#REF!,,,,,,﻿teacher,﻿between 50 and 60,﻿Sisters of Charity,,1839,,,﻿,﻿,﻿Philadelphia,Philadelphia
﻿phi.pa.9006,﻿school,﻿St. Mary's School,English,,,,,,﻿Pottsville,,﻿PA,,,,,,,﻿#REF!,,,,,,﻿teacher,﻿between 50 and 60,﻿Sisters of Charity,,1839,,,﻿,﻿,﻿Philadelphia,Philadelphia
﻿phi.pa.9006,﻿school,﻿St. Mary's School,English,,,,,,﻿Pottsville,,﻿PA,,,,,,,﻿#REF!,,,,,,﻿teacher,﻿between 50 and 60,﻿Sisters of Charity,,1839,,,﻿,﻿,﻿Philadelphia,Philadelphia
﻿phi.pa.9006,﻿school,﻿St. Mary's School,English,,,,,,﻿Pottsville,,﻿PA,,,,,,,﻿#REF!,,,,,,﻿teacher,﻿between 50 and 60,﻿Sisters of Charity,,1839,,,﻿,﻿,﻿Philadelphia,Philadelphia
﻿phi.pa.9006,﻿school,﻿St. Mary's School,English,,,,,,﻿Pottsville,,﻿PA,,,,,,,﻿#REF!,,,,,,﻿teacher,﻿between 50 and 60,﻿Sisters of Charity,,1839,,,﻿,﻿,﻿Philadelphia,Philadelphia
﻿phi.pa.9006,﻿school,﻿St. Mary's School,English,,,,,,﻿Pottsville,,﻿PA,,,,,,,﻿#REF!,,,,,,﻿teacher,﻿between 50 and 60,﻿Sisters of Charity,,1839,,,﻿,﻿,﻿Philadelphia,Philadelphia
﻿phi.pa.9006,﻿school,﻿St. Mary's School,English,,,,,,﻿Pottsville,,﻿PA,,,,,,,﻿#REF!,,,,,,﻿teacher,﻿between 50 and 60,﻿Sisters of Charity,,1839,,,﻿,﻿,﻿Philadelphia,Philadelphia
﻿phi.pa.9006,﻿school,﻿St. Mary's School,English,,,,,,﻿Pottsville,,﻿PA,,,,,,,﻿#REF!,,,,,,﻿teacher,﻿between 50 and 60,﻿Sisters of Charity,,1839,,,﻿,﻿,﻿Philadelphia,Philadelphia
﻿phi.pa.9006,﻿school,﻿St. Mary's School,English,,,,,,﻿Pottsville,,﻿PA,,,,,,,﻿#REF!,,,,,,﻿teacher,﻿between 50 and 60,﻿Sisters of Charity,,1839,,,﻿,﻿,﻿Philadelphia,Philadelphia
﻿phi.pa.9006,﻿school,﻿St. Mary's School,English,,,,,,﻿Pottsville,,﻿PA,,,,,,,﻿#REF!,,,,,,﻿teacher,﻿between 50 and 60,﻿Sisters of Charity,,1839,,,﻿,﻿,﻿Philadelphia,Philadelphia
﻿phi.pa.9006,﻿school,﻿St. Mary's School,English,,,,,,﻿Pottsville,,﻿PA,,,,,,,﻿#REF!,,,,,,﻿teacher,﻿between 50 and 60,﻿Sisters of Charity,,1839,,,﻿,﻿,﻿Philadelphia,Philadelphia
﻿phi.pa.9006,﻿school,﻿St. Mary's School,English,,,,,,﻿Pottsville,,﻿PA,,,,,,,﻿#REF!,,,,,,﻿teacher,﻿between 50 and 60,﻿Sisters of Charity,,1839,,,﻿,﻿,﻿Philadelphia,Philadelphia
﻿phi.pa.9006,﻿school,﻿St. Mary's School,English,,,,,,﻿Pottsville,,﻿PA,,,,,,,﻿#REF!,,,,,,﻿teacher,﻿between 50 and 60,﻿Sisters of Charity,,1839,,,﻿,﻿,﻿Philadelphia,Philadelphia
﻿phi.pa.9006,﻿school,﻿St. Mary's School,English,,,,,,﻿Pottsville,,﻿PA,,,,,,,﻿#REF!,,,,,,﻿teacher,﻿between 50 and 60,﻿Sisters of Charity,,1839,,,﻿,﻿,﻿Philadelphia,Philadelphia
﻿phi.pa.9006,﻿school,﻿St. Mary's School,English,,,,,,﻿Pottsville,,﻿PA,,,,,,,﻿#REF!,,,,,,﻿teacher,﻿between 50 and 60,﻿Sisters of Charity,,1839,,,﻿,﻿,﻿Philadelphia,Philadelphia
﻿phi.pa.9006,﻿school,﻿St. Mary's School,English,,,,,,﻿Pottsville,,﻿PA,,,,,,,﻿#REF!,,,,,,﻿teacher,﻿between 50 and 60,﻿Sisters of Charity,,1839,,,﻿,﻿,﻿Philadelphia,Philadelphia
﻿phi.pa.9006,﻿school,﻿St. Mary's School,English,,,,,,﻿Pottsville,,﻿PA,,,,,,,﻿#REF!,,,,,,﻿teacher,﻿between 50 and 60,﻿Sisters of Charity,,1839,,,﻿,﻿,﻿Philadelphia,Philadelphia
﻿phi.pa.9006,﻿school,﻿St. Mary's School,English,,,,,,﻿Pottsville,,﻿PA,,,,,,,﻿#REF!,,,,,,﻿teacher,﻿between 50 and 60,﻿Sisters of Charity,,1839,,,﻿,﻿,﻿Philadelphia,Philadelphia
﻿phi.pa.9006,﻿school,﻿St. Mary's School,English,,,,,,﻿Pottsville,,﻿PA,,,,,,,﻿#REF!,,,,,,﻿teacher,﻿between 50 and 60,﻿Sisters of Charity,,1839,,,﻿,﻿,﻿Philadelphia,Philadelphia
﻿phi.pa.9006,﻿school,﻿St. Mary's School,English,,,,,,﻿Pottsville,,﻿PA,,,,,,,﻿#REF!,,,,,,﻿teacher,﻿between 50 and 60,﻿Sisters of Charity,,1839,,,﻿,﻿,﻿Philadelphia,Philadelphia
﻿phi.pa.9006,﻿school,﻿St. Mary's School,English,,,,,,﻿Pottsville,,﻿PA,,,,,,,﻿#REF!,,,,,,﻿teacher,﻿between 50 and 60,﻿Sisters of Charity,,1839,,,﻿,﻿,﻿Philadelphia,Philadelphia
﻿phi.pa.9006,﻿school,﻿St. Mary's School,English,,,,,,﻿Pottsville,,﻿PA,,,,,,,﻿#REF!,,,,,,﻿teacher,﻿between 50 and 60,﻿Sisters of Charity,,1839,,,﻿,﻿,﻿Philadelphia,Philadelphia
﻿phi.pa.9006,﻿school,﻿St. Mary's School,English,,,,,,﻿Pottsville,,﻿PA,,,,,,,﻿#REF!,,,,,,﻿teacher,﻿between 50 and 60,﻿Sisters of Charity,,1839,,,﻿,﻿,﻿Philadelphia,Philadelphia
﻿phi.pa.9006,﻿school,﻿St. Mary's School,English,,,,,,﻿Pottsville,,﻿PA,,,,,,,﻿#REF!,,,,,,﻿teacher,﻿between 50 and 60,﻿Sisters of Charity,,1839,,,﻿,﻿,﻿Philadelphia,Philadelphia
﻿phi.pa.9006,﻿school,﻿St. Mary's School,English,,,,,,﻿Pottsville,,﻿PA,,,,,,,﻿#REF!,,,,,,﻿teacher,﻿between 50 and 60,﻿Sisters of Charity,,1839,,,﻿,﻿,﻿Philadelphia,Philadelphia
﻿phi.pa.9006,﻿school,﻿St. Mary's School,English,,,,,,﻿Pottsville,,﻿PA,,,,,,,﻿#REF!,,,,,,﻿teacher,﻿between 50 and 60,﻿Sisters of Charity,,1839,,,﻿,﻿,﻿Philadelphia,Philadelphia
﻿phi.pa.9006,﻿school,﻿St. Mary's School,English,,,,,,﻿Pottsville,,﻿PA,,,,,,,﻿#REF!,,,,,,﻿teacher,﻿between 50 and 60,﻿Sisters of Charity,,1839,,,﻿,﻿,﻿Philadelphia,Philadelphia
﻿phi.pa.9006,﻿school,﻿St. Mary's School,English,,,,,,﻿Pottsville,,﻿PA,,,,,,,﻿#REF!,,,,,,﻿teacher,﻿between 50 and 60,﻿Sisters of Charity,,1839,,,﻿,﻿,﻿Philadelphia,Philadelphia
﻿phi.pa.9006,﻿school,﻿St. Mary's School,English,,,,,,﻿Pottsville,,﻿PA,,,,,,,﻿#REF!,,,,,,﻿teacher,﻿between 50 and 60,﻿Sisters of Charity,,1839,,,﻿,﻿,﻿Philadelphia,Philadelphia
﻿phi.pa.9006,﻿school,﻿St. Mary's School,English,,,,,,﻿Pottsville,,﻿PA,,,,,,,﻿#REF!,,,,,,﻿teacher,﻿between 50 and 60,﻿Sisters of Charity,,1839,,,﻿,﻿,﻿Philadelphia,Philadelphia
﻿phi.pa.9006,﻿school,﻿St. Mary's School,English,,,,,,﻿Pottsville,,﻿PA,,,,,,,﻿#REF!,,,,,,﻿teacher,﻿between 50 and 60,﻿Sisters of Charity,,1839,,,﻿,﻿,﻿Philadelphia,Philadelphia
﻿phi.pa.9006,﻿school,﻿St. Mary's School,English,,,,,,﻿Pottsville,,﻿PA,,,,,,,﻿#REF!,,,,,,﻿teacher,﻿between 50 and 60,﻿Sisters of Charity,,1839,,,﻿,﻿,﻿Philadelphia,Philadelphia
﻿phi.pa.9006,﻿school,﻿St. Mary's School,English,,,,,,﻿Pottsville,,﻿PA,,,,,,,﻿#REF!,,,,,,﻿teacher,﻿between 50 and 60,﻿Sisters of Charity,,1839,,,﻿,﻿,﻿Philadelphia,Philadelphia
﻿phi.pa.9006,﻿school,﻿St. Mary's School,English,,,,,,﻿Pottsville,,﻿PA,,,,,,,﻿#REF!,,,,,,﻿teacher,﻿between 50 and 60,﻿Sisters of Charity,,1839,,,﻿,﻿,﻿Philadelphia,Philadelphia
﻿phi.pa.9006,﻿school,﻿St. Mary's School,English,,,,,,﻿Pottsville,,﻿PA,,,,,,,﻿#REF!,,,,,,﻿teacher,﻿between 50 and 60,﻿Sisters of Charity,,1839,,,﻿,﻿,﻿Philadelphia,Philadelphia
﻿phi.pa.9006,﻿school,﻿St. Mary's School,English,,,,,,﻿Pottsville,,﻿PA,,,,,,,﻿#REF!,,,,,,﻿teacher,﻿between 50 and 60,﻿Sisters of Charity,,1839,,,﻿,﻿,﻿Philadelphia,Philadelphia
﻿phi.pa.9006,﻿school,﻿St. Mary's School,English,,,,,,﻿Pottsville,,﻿PA,,,,,,,﻿#REF!,,,,,,﻿teacher,﻿between 50 and 60,﻿Sisters of Charity,,1839,,,﻿,﻿,﻿Philadelphia,Philadelphia
﻿phi.pa.9006,﻿school,﻿St. Mary's School,English,,,,,,﻿Pottsville,,﻿PA,,,,,,,﻿#REF!,,,,,,﻿teacher,﻿between 50 and 60,﻿Sisters of Charity,,1839,,,﻿,﻿,﻿Philadelphia,Philadelphia
﻿phi.pa.9006,﻿school,﻿St. Mary's School,English,,,,,,﻿Pottsville,,﻿PA,,,,,,,﻿#REF!,,,,,,﻿teacher,﻿between 50 and 60,﻿Sisters of Charity,,1839,,,﻿,﻿,﻿Philadelphia,Philadelphia
﻿phi.pa.9006,﻿school,﻿St. Mary's School,English,,,,,,﻿Pottsville,,﻿PA,,,,,,,﻿#REF!,,,,,,﻿teacher,﻿between 50 and 60,﻿Sisters of Charity,,1839,,,﻿,﻿,﻿Philadelphia,Philadelphia
﻿phi.pa.9006,﻿school,﻿St. Mary's School,English,,,,,,﻿Pottsville,,﻿PA,,,,,,,﻿#REF!,,,,,,﻿teacher,﻿between 50 and 60,﻿Sisters of Charity,,1839,,,﻿,﻿,﻿Philadelphia,Philadelphia
﻿phi.pa.9006,﻿school,﻿St. Mary's School,English,,,,,,﻿Pottsville,,﻿PA,,,,,,,﻿#REF!,,,,,,﻿teacher,﻿between 50 and 60,﻿Sisters of Charity,,1839,,,﻿,﻿,﻿Philadelphia,Philadelphia
﻿phi.pa.9006,﻿school,﻿St. Mary's School,English,,,,,,﻿Pottsville,,﻿PA,,,,,,,﻿#REF!,,,,,,﻿teacher,﻿between 50 and 60,﻿Sisters of Charity,,1839,,,﻿,﻿,﻿Philadelphia,Philadelphia
﻿phi.pa.9006,﻿school,﻿St. Mary's School,English,,,,,,﻿Pottsville,,﻿PA,,,,,,,﻿#REF!,,,,,,﻿teacher,﻿between 50 and 60,﻿Sisters of Charity,,1839,,,﻿,﻿,﻿Philadelphia,Philadelphia
﻿phi.pa.9006,﻿school,﻿St. Mary's School,English,,,,,,﻿Pottsville,,﻿PA,,,,,,,﻿#REF!,,,,,,﻿teacher,﻿between 50 and 60,﻿Sisters of Charity,,1839,,,﻿,﻿,﻿Philadelphia,Philadelphia
﻿phi.pa.9006,﻿school,﻿St. Mary's School,English,,,,,,﻿Pottsville,,﻿PA,,,,,,,﻿#REF!,,,,,,﻿teacher,﻿between 50 and 60,﻿Sisters of Charity,,1839,,,﻿,﻿,﻿Philadelphia,Philadelphia
﻿phi.pa.9006,﻿school,﻿St. Mary's School,English,,,,,,﻿Pottsville,,﻿PA,,,,,,,﻿#REF!,,,,,,﻿teacher,﻿between 50 and 60,﻿Sisters of Charity,,1839,,,﻿,﻿,﻿Philadelphia,Philadelphia
﻿phi.pa.9006,﻿school,﻿St. Mary's School,English,,,,,,﻿Pottsville,,﻿PA,,,,,,,﻿#REF!,,,,,,﻿teacher,﻿between 50 and 60,﻿Sisters of Charity,,1839,,,﻿,﻿,﻿Philadelphia,Philadelphia
﻿phi.pa.9006,﻿school,﻿St. Mary's School,English,,,,,,﻿Pottsville,,﻿PA,,,,,,,﻿#REF!,,,,,,﻿teacher,﻿between 50 and 60,﻿Sisters of Charity,,1839,,,﻿,﻿,﻿Philadelphia,Philadelphia
﻿phi.pa.9006,﻿school,﻿St. Mary's School,English,,,,,,﻿Pottsville,,﻿PA,,,,,,,﻿#REF!,,,,,,﻿teacher,﻿between 50 and 60,﻿Sisters of Charity,,1839,,,﻿,﻿,﻿Philadelphia,Philadelphia
﻿phi.pa.9006,﻿school,﻿St. Mary's School,English,,,,,,﻿Pottsville,,﻿PA,,,,,,,﻿#REF!,,,,,,﻿teacher,﻿between 50 and 60,﻿Sisters of Charity,,1839,,,﻿,﻿,﻿Philadelphia,Philadelphia
﻿phi.pa.9006,﻿school,﻿St. Mary's School,English,,,,,,﻿Pottsville,,﻿PA,,,,,,,﻿#REF!,,,,,,﻿teacher,﻿between 50 and 60,﻿Sisters of Charity,,1839,,,﻿,﻿,﻿Philadelphia,Philadelphia
﻿phi.pa.9006,﻿school,﻿St. Mary's School,English,,,,,,﻿Pottsville,,﻿PA,,,,,,,﻿#REF!,,,,,,﻿teacher,﻿between 50 and 60,﻿Sisters of Charity,,1839,,,﻿,﻿,﻿Philadelphia,Philadelphia
﻿phi.pa.9006,﻿school,﻿St. Mary's School,English,,,,,,﻿Pottsville,,﻿PA,,,,,,,﻿#REF!,,,,,,﻿teacher,﻿between 50 and 60,﻿Sisters of Charity,,1839,,,﻿,﻿,﻿Philadelphia,Philadelphia
﻿phi.pa.9006,﻿school,﻿St. Mary's School,English,,,,,,﻿Pottsville,,﻿PA,,,,,,,﻿#REF!,,,,,,﻿teacher,﻿between 50 and 60,﻿Sisters of Charity,,1839,,,﻿,﻿,﻿Philadelphia,Philadelphia
﻿phi.pa.9006,﻿school,﻿St. Mary's School,English,,,,,,﻿Pottsville,,﻿PA,,,,,,,﻿#REF!,,,,,,﻿teacher,﻿between 50 and 60,﻿Sisters of Charity,,1839,,,﻿,﻿,﻿Philadelphia,Philadelphia
﻿phi.pa.9006,﻿school,﻿St. Mary's School,English,,,,,,﻿Pottsville,,﻿PA,,,,,,,﻿#REF!,,,,,,﻿teacher,﻿between 50 and 60,﻿Sisters of Charity,,1839,,,﻿,﻿,﻿Philadelphia,Philadelphia
﻿phi.pa.9006,﻿school,﻿St. Mary's School,English,,,,,,﻿Pottsville,,﻿PA,,,,,,,﻿#REF!,,,,,,﻿teacher,﻿between 50 and 60,﻿Sisters of Charity,,1839,,,﻿,﻿,﻿Philadelphia,Philadelphia
﻿phi.pa.9006,﻿school,﻿St. Mary's School,English,,,,,,﻿Pottsville,,﻿PA,,,,,,,﻿#REF!,,,,,,﻿teacher,﻿between 50 and 60,﻿Sisters of Charity,,1839,,,﻿,﻿,﻿Philadelphia,Philadelphia
﻿phi.pa.9006,﻿school,﻿St. Mary's School,English,,,,,,﻿Pottsville,,﻿PA,,,,,,,﻿#REF!,,,,,,﻿teacher,﻿between 50 and 60,﻿Sisters of Charity,,1839,,,﻿,﻿,﻿Philadelphia,Philadelphia
﻿phi.pa.9006,﻿school,﻿St. Mary's School,English,,,,,,﻿Pottsville,,﻿PA,,,,,,,﻿#REF!,,,,,,﻿teacher,﻿between 50 and 60,﻿Sisters of Charity,,1839,,,﻿,﻿,﻿Philadelphia,Philadelphia
﻿phi.pa.9006,﻿school,﻿St. Mary's School,English,,,,,,﻿Pottsville,,﻿PA,,,,,,,﻿#REF!,,,,,,﻿teacher,﻿between 50 and 60,﻿Sisters of Charity,,1839,,,﻿,﻿,﻿Philadelphia,Philadelphia
﻿phi.pa.9006,﻿school,﻿St. Mary's School,English,,,,,,﻿Pottsville,,﻿PA,,,,,,,﻿#REF!,,,,,,﻿teacher,﻿between 50 and 60,﻿Sisters of Charity,,1839,,,﻿,﻿,﻿Philadelphia,Philadelphia
﻿phi.pa.9006,﻿school,﻿St. Mary's School,English,,,,,,﻿Pottsville,,﻿PA,,,,,,,﻿#REF!,,,,,,﻿teacher,﻿between 50 and 60,﻿Sisters of Charity,,1839,,,﻿,﻿,﻿Philadelphia,Philadelphia
﻿phi.pa.9006,﻿school,﻿St. Mary's School,English,,,,,,﻿Pottsville,,﻿PA,,,,,,,﻿#REF!,,,,,,﻿teacher,﻿between 50 and 60,﻿Sisters of Charity,,1839,,,﻿,﻿,﻿Philadelphia,Philadelphia
﻿phi.pa.9006,﻿school,﻿St. Mary's School,English,,,,,,﻿Pottsville,,﻿PA,,,,,,,﻿#REF!,,,,,,﻿teacher,﻿between 50 and 60,﻿Sisters of Charity,,1839,,,﻿,﻿,﻿Philadelphia,Philadelphia
﻿phi.pa.9006,﻿school,﻿St. Mary's School,English,,,,,,﻿Pottsville,,﻿PA,,,,,,,﻿#REF!,,,,,,﻿teacher,﻿between 50 and 60,﻿Sisters of Charity,,1839,,,﻿,﻿,﻿Philadelphia,Philadelphia
﻿phi.pa.9006,﻿school,﻿St. Mary's School,English,,,,,,﻿Pottsville,,﻿PA,,,,,,,﻿#REF!,,,,,,﻿teacher,﻿between 50 and 60,﻿Sisters of Charity,,1839,,,﻿,﻿,﻿Philadelphia,Philadelphia
﻿phi.pa.9006,﻿school,﻿St. Mary's School,English,,,,,,﻿Pottsville,,﻿PA,,,,,,,﻿#REF!,,,,,,﻿teacher,﻿between 50 and 60,﻿Sisters of Charity,,1839,,,﻿,﻿,﻿Philadelphia,Philadelphia
﻿phi.pa.9006,﻿school,﻿St. Mary's School,English,,,,,,﻿Pottsville,,﻿PA,,,,,,,﻿#REF!,,,,,,﻿teacher,﻿between 50 and 60,﻿Sisters of Charity,,1839,,,﻿,﻿,﻿Philadelphia,Philadelphia
﻿phi.pa.9006,﻿school,﻿St. Mary's School,English,,,,,,﻿Pottsville,,﻿PA,,,,,,,﻿#REF!,,,,,,﻿teacher,﻿between 50 and 60,﻿Sisters of Charity,,1839,,,﻿,﻿,﻿Philadelphia,Philadelphia
﻿phi.pa.9006,﻿school,﻿St. Mary's School,English,,,,,,﻿Pottsville,,﻿PA,,,,,,,﻿#REF!,,,,,,﻿teacher,﻿between 50 and 60,﻿Sisters of Charity,,1839,,,﻿,﻿,﻿Philadelphia,Philadelphia
﻿phi.pa.9006,﻿school,﻿St. Mary's School,English,,,,,,﻿Pottsville,,﻿PA,,,,,,,﻿#REF!,,,,,,﻿teacher,﻿between 50 and 60,﻿Sisters of Charity,,1839,,,﻿,﻿,﻿Philadelphia,Philadelphia
﻿phi.pa.9006,﻿school,﻿St. Mary's School,English,,,,,,﻿Pottsville,,﻿PA,,,,,,,﻿#REF!,,,,,,﻿teacher,﻿between 50 and 60,﻿Sisters of Charity,,1839,,,﻿,﻿,﻿Philadelphia,Philadelphia
﻿phi.pa.9006,﻿school,﻿St. Mary's School,English,,,,,,﻿Pottsville,,﻿PA,,,,,,,﻿#REF!,,,,,,﻿teacher,﻿between 50 and 60,﻿Sisters of Charity,,1839,,,﻿,﻿,﻿Philadelphia,Philadelphia
﻿phi.pa.9006,﻿school,﻿St. Mary's School,English,,,,,,﻿Pottsville,,﻿PA,,,,,,,﻿#REF!,,,,,,﻿teacher,﻿between 50 and 60,﻿Sisters of Charity,,1839,,,﻿,﻿,﻿Philadelphia,Philadelphia
﻿phi.pa.9006,﻿school,﻿St. Mary's School,English,,,,,,﻿Pottsville,,﻿PA,,,,,,,﻿#REF!,,,,,,﻿teacher,﻿between 50 and 60,﻿Sisters of Charity,,1839,,,﻿,﻿,﻿Philadelphia,Philadelphia
﻿phi.pa.9006,﻿school,﻿St. Mary's School,English,,,,,,﻿Pottsville,,﻿PA,,,,,,,﻿#REF!,,,,,,﻿teacher,﻿between 50 and 60,﻿Sisters of Charity,,1839,,,﻿,﻿,﻿Philadelphia,Philadelphia
﻿phi.pa.9006,﻿school,﻿St. Mary's School,English,,,,,,﻿Pottsville,,﻿PA,,,,,,,﻿#REF!,,,,,,﻿teacher,﻿between 50 and 60,﻿Sisters of Charity,,1839,,,﻿,﻿,﻿Philadelphia,Philadelphia
﻿phi.pa.9006,﻿school,﻿St. Mary's School,English,,,,,,﻿Pottsville,,﻿PA,,,,,,,﻿#REF!,,,,,,﻿teacher,﻿between 50 and 60,﻿Sisters of Charity,,1839,,,﻿,﻿,﻿Philadelphia,Philadelphia
﻿phi.pa.9006,﻿school,﻿St. Mary's School,English,,,,,,﻿Pottsville,,﻿PA,,,,,,,﻿#REF!,,,,,,﻿teacher,﻿between 50 and 60,﻿Sisters of Charity,,1839,,,﻿,﻿,﻿Philadelphia,Philadelphia
﻿phi.pa.9006,﻿school,﻿St. Mary's School,English,,,,,,﻿Pottsville,,﻿PA,,,,,,,﻿#REF!,,,,,,﻿teacher,﻿between 50 and 60,﻿Sisters of Charity,,1839,,,﻿,﻿,﻿Philadelphia,Philadelphia
﻿phi.pa.9006,﻿school,﻿St. Mary's School,English,,,,,,﻿Pottsville,,﻿PA,,,,,,,﻿#REF!,,,,,,﻿teacher,﻿between 50 and 60,﻿Sisters of Charity,,1839,,,﻿,﻿,﻿Philadelphia,Philadelphia
﻿phi.pa.9006,﻿school,﻿St. Mary's School,English,,,,,,﻿Pottsville,,﻿PA,,,,,,,﻿#REF!,,,,,,﻿teacher,﻿between 50 and 60,﻿Sisters of Charity,,1839,,,﻿,﻿,﻿Philadelphia,Philadelphia
﻿phi.pa.9006,﻿school,﻿St. Mary's School,English,,,,,,﻿Pottsville,,﻿PA,,,,,,,﻿#REF!,,,,,,﻿teacher,﻿between 50 and 60,﻿Sisters of Charity,,1839,,,﻿,﻿,﻿Philadelphia,Philadelphia
﻿phi.pa.9006,﻿school,﻿St. Mary's School,English,,,,,,﻿Pottsville,,﻿PA,,,,,,,﻿#REF!,,,,,,﻿teacher,﻿between 50 and 60,﻿Sisters of Charity,,1839,,,﻿,﻿,﻿Philadelphia,Philadelphia
﻿phi.pa.9006,﻿school,﻿St. Mary's School,English,,,,,,﻿Pottsville,,﻿PA,,,,,,,﻿#REF!,,,,,,﻿teacher,﻿between 50 and 60,﻿Sisters of Charity,,1839,,,﻿,﻿,﻿Philadelphia,Philadelphia
﻿phi.pa.9006,﻿school,﻿St. Mary's School,English,,,,,,﻿Pottsville,,﻿PA,,,,,,,﻿#REF!,,,,,,﻿teacher,﻿between 50 and 60,﻿Sisters of Charity,,1839,,,﻿,﻿,﻿Philadelphia,Philadelphia
﻿phi.pa.9006,﻿school,﻿St. Mary's School,English,,,,,,﻿Pottsville,,﻿PA,,,,,,,﻿#REF!,,,,,,﻿teacher,﻿between 50 and 60,﻿Sisters of Charity,,1839,,,﻿,﻿,﻿Philadelphia,Philadelphia
﻿phi.pa.9006,﻿school,﻿St. Mary's School,English,,,,,,﻿Pottsville,,﻿PA,,,,,,,﻿#REF!,,,,,,﻿teacher,﻿between 50 and 60,﻿Sisters of Charity,,1839,,,﻿,﻿,﻿Philadelphia,Philadelphia
﻿phi.pa.9006,﻿school,﻿St. Mary's School,English,,,,,,﻿Pottsville,,﻿PA,,,,,,,﻿#REF!,,,,,,﻿teacher,﻿between 50 and 60,﻿Sisters of Charity,,1839,,,﻿,﻿,﻿Philadelphia,Philadelphia
﻿phi.pa.9006,﻿school,﻿St. Mary's School,English,,,,,,﻿Pottsville,,﻿PA,,,,,,,﻿#REF!,,,,,,﻿teacher,﻿between 50 and 60,﻿Sisters of Charity,,1839,,,﻿,﻿,﻿Philadelphia,Philadelphia
﻿phi.pa.9006,﻿school,﻿St. Mary's School,English,,,,,,﻿Pottsville,,﻿PA,,,,,,,﻿#REF!,,,,,,﻿teacher,﻿between 50 and 60,﻿Sisters of Charity,,1839,,,﻿,﻿,﻿Philadelphia,Philadelphia
﻿phi.pa.9006,﻿school,﻿St. Mary's School,English,,,,,,﻿Pottsville,,﻿PA,,,,,,,﻿#REF!,,,,,,﻿teacher,﻿between 50 and 60,﻿Sisters of Charity,,1839,,,﻿,﻿,﻿Philadelphia,Philadelphia
﻿phi.pa.9006,﻿school,﻿St. Mary's School,English,,,,,,﻿Pottsville,,﻿PA,,,,,,,﻿#REF!,,,,,,﻿teacher,﻿between 50 and 60,﻿Sisters of Charity,,1839,,,﻿,﻿,﻿Philadelphia,Philadelphia
﻿phi.pa.9006,﻿school,﻿St. Mary's School,English,,,,,,﻿Pottsville,,﻿PA,,,,,,,﻿#REF!,,,,,,﻿teacher,﻿between 50 and 60,﻿Sisters of Charity,,1839,,,﻿,﻿,﻿Philadelphia,Philadelphia
﻿phi.pa.9006,﻿school,﻿St. Mary's School,English,,,,,,﻿Pottsville,,﻿PA,,,,,,,﻿#REF!,,,,,,﻿teacher,﻿between 50 and 60,﻿Sisters of Charity,,1839,,,﻿,﻿,﻿Philadelphia,Philadelphia
﻿phi.pa.9006,﻿school,﻿St. Mary's School,English,,,,,,﻿Pottsville,,﻿PA,,,,,,,﻿#REF!,,,,,,﻿teacher,﻿between 50 and 60,﻿Sisters of Charity,,1839,,,﻿,﻿,﻿Philadelphia,Philadelphia
﻿phi.pa.9006,﻿school,﻿St. Mary's School,English,,,,,,﻿Pottsville,,﻿PA,,,,,,,﻿#REF!,,,,,,﻿teacher,﻿between 50 and 60,﻿Sisters of Charity,,1839,,,﻿,﻿,﻿Philadelphia,Philadelphia
﻿phi.pa.9006,﻿school,﻿St. Mary's School,English,,,,,,﻿Pottsville,,﻿PA,,,,,,,﻿#REF!,,,,,,﻿teacher,﻿between 50 and 60,﻿Sisters of Charity,,1839,,,﻿,﻿,﻿Philadelphia,Philadelphia
﻿phi.pa.9006,﻿school,﻿St. Mary's School,English,,,,,,﻿Pottsville,,﻿PA,,,,,,,﻿#REF!,,,,,,﻿teacher,﻿between 50 and 60,﻿Sisters of Charity,,1839,,,﻿,﻿,﻿Philadelphia,Philadelphia
﻿phi.pa.9006,﻿school,﻿St. Mary's School,English,,,,,,﻿Pottsville,,﻿PA,,,,,,,﻿#REF!,,,,,,﻿teacher,﻿between 50 and 60,﻿Sisters of Charity,,1839,,,﻿,﻿,﻿Philadelphia,Philadelphia
﻿phi.pa.9006,﻿school,﻿St. Mary's School,English,,,,,,﻿Pottsville,,﻿PA,,,,,,,﻿#REF!,,,,,,﻿teacher,﻿between 50 and 60,﻿Sisters of Charity,,1839,,,﻿,﻿,﻿Philadelphia,Philadelphia
﻿phi.pa.9006,﻿school,﻿St. Mary's School,English,,,,,,﻿Pottsville,,﻿PA,,,,,,,﻿#REF!,,,,,,﻿teacher,﻿between 50 and 60,﻿Sisters of Charity,,1839,,,﻿,﻿,﻿Philadelphia,Philadelphia
﻿phi.pa.9006,﻿school,﻿St. Mary's School,English,,,,,,﻿Pottsville,,﻿PA,,,,,,,﻿#REF!,,,,,,﻿teacher,﻿between 50 and 60,﻿Sisters of Charity,,1839,,,﻿,﻿,﻿Philadelphia,Philadelphia
﻿phi.pa.9006,﻿school,﻿St. Mary's School,English,,,,,,﻿Pottsville,,﻿PA,,,,,,,﻿#REF!,,,,,,﻿teacher,﻿between 50 and 60,﻿Sisters of Charity,,1839,,,﻿,﻿,﻿Philadelphia,Philadelphia
﻿phi.pa.9006,﻿school,﻿St. Mary's School,English,,,,,,﻿Pottsville,,﻿PA,,,,,,,﻿#REF!,,,,,,﻿teacher,﻿between 50 and 60,﻿Sisters of Charity,,1839,,,﻿,﻿,﻿Philadelphia,Philadelphia
﻿phi.pa.9006,﻿school,﻿St. Mary's School,English,,,,,,﻿Pottsville,,﻿PA,,,,,,,﻿#REF!,,,,,,﻿teacher,﻿between 50 and 60,﻿Sisters of Charity,,1839,,,﻿,﻿,﻿Philadelphia,Philadelphia
﻿phi.pa.9006,﻿school,﻿St. Mary's School,English,,,,,,﻿Pottsville,,﻿PA,,,,,,,﻿#REF!,,,,,,﻿teacher,﻿between 50 and 60,﻿Sisters of Charity,,1839,,,﻿,﻿,﻿Philadelphia,Philadelphia
﻿phi.pa.9006,﻿school,﻿St. Mary's School,English,,,,,,﻿Pottsville,,﻿PA,,,,,,,﻿#REF!,,,,,,﻿teacher,﻿between 50 and 60,﻿Sisters of Charity,,1839,,,﻿,﻿,﻿Philadelphia,Philadelphia
﻿phi.pa.9006,﻿school,﻿St. Mary's School,English,,,,,,﻿Pottsville,,﻿PA,,,,,,,﻿#REF!,,,,,,﻿teacher,﻿between 50 and 60,﻿Sisters of Charity,,1839,,,﻿,﻿,﻿Philadelphia,Philadelphia
﻿phi.pa.9006,﻿school,﻿St. Mary's School,English,,,,,,﻿Pottsville,,﻿PA,,,,,,,﻿#REF!,,,,,,﻿teacher,﻿between 50 and 60,﻿Sisters of Charity,,1839,,,﻿,﻿,﻿Philadelphia,Philadelphia
﻿phi.pa.9006,﻿school,﻿St. Mary's School,English,,,,,,﻿Pottsville,,﻿PA,,,,,,,﻿#REF!,,,,,,﻿teacher,﻿between 50 and 60,﻿Sisters of Charity,,1839,,,﻿,﻿,﻿Philadelphia,Philadelphia
﻿phi.pa.9006,﻿school,﻿St. Mary's School,English,,,,,,﻿Pottsville,,﻿PA,,,,,,,﻿#REF!,,,,,,﻿teacher,﻿between 50 and 60,﻿Sisters of Charity,,1839,,,﻿,﻿,﻿Philadelphia,Philadelphia
﻿phi.pa.9006,﻿school,﻿St. Mary's School,English,,,,,,﻿Pottsville,,﻿PA,,,,,,,﻿#REF!,,,,,,﻿teacher,﻿between 50 and 60,﻿Sisters of Charity,,1839,,,﻿,﻿,﻿Philadelphia,Philadelphia
﻿phi.pa.9006,﻿school,﻿St. Mary's School,English,,,,,,﻿Pottsville,,﻿PA,,,,,,,﻿#REF!,,,,,,﻿teacher,﻿between 50 and 60,﻿Sisters of Charity,,1839,,,﻿,﻿,﻿Philadelphia,Philadelphia
﻿phi.pa.9006,﻿school,﻿St. Mary's School,English,,,,,,﻿Pottsville,,﻿PA,,,,,,,﻿#REF!,,,,,,﻿teacher,﻿between 50 and 60,﻿Sisters of Charity,,1839,,,﻿,﻿,﻿Philadelphia,Philadelphia
﻿phi.pa.9006,﻿school,﻿St. Mary's School,English,,,,,,﻿Pottsville,,﻿PA,,,,,,,﻿#REF!,,,,,,﻿teacher,﻿between 50 and 60,﻿Sisters of Charity,,1839,,,﻿,﻿,﻿Philadelphia,Philadelphia
﻿phi.pa.9006,﻿school,﻿St. Mary's School,English,,,,,,﻿Pottsville,,﻿PA,,,,,,,﻿#REF!,,,,,,﻿teacher,﻿between 50 and 60,﻿Sisters of Charity,,1839,,,﻿,﻿,﻿Philadelphia,Philadelphia
﻿phi.pa.9006,﻿school,﻿St. Mary's School,English,,,,,,﻿Pottsville,,﻿PA,,,,,,,﻿#REF!,,,,,,﻿teacher,﻿between 50 and 60,﻿Sisters of Charity,,1839,,,﻿,﻿,﻿Philadelphia,Philadelphia
﻿phi.pa.9006,﻿school,﻿St. Mary's School,English,,,,,,﻿Pottsville,,﻿PA,,,,,,,﻿#REF!,,,,,,﻿teacher,﻿between 50 and 60,﻿Sisters of Charity,,1839,,,﻿,﻿,﻿Philadelphia,Philadelphia
﻿phi.pa.9006,﻿school,﻿St. Mary's School,English,,,,,,﻿Pottsville,,﻿PA,,,,,,,﻿#REF!,,,,,,﻿teacher,﻿between 50 and 60,﻿Sisters of Charity,,1839,,,﻿,﻿,﻿Philadelphia,Philadelphia
﻿phi.pa.9006,﻿school,﻿St. Mary's School,English,,,,,,﻿Pottsville,,﻿PA,,,,,,,﻿#REF!,,,,,,﻿teacher,﻿between 50 and 60,﻿Sisters of Charity,,1839,,,﻿,﻿,﻿Philadelphia,Philadelphia
﻿phi.pa.9006,﻿school,﻿St. Mary's School,English,,,,,,﻿Pottsville,,﻿PA,,,,,,,﻿#REF!,,,,,,﻿teacher,﻿between 50 and 60,﻿Sisters of Charity,,1839,,,﻿,﻿,﻿Philadelphia,Philadelphia
﻿phi.pa.9006,﻿school,﻿St. Mary's School,English,,,,,,﻿Pottsville,,﻿PA,,,,,,,﻿#REF!,,,,,,﻿teacher,﻿between 50 and 60,﻿Sisters of Charity,,1839,,,﻿,﻿,﻿Philadelphia,Philadelphia
﻿phi.pa.9006,﻿school,﻿St. Mary's School,English,,,,,,﻿Pottsville,,﻿PA,,,,,,,﻿#REF!,,,,,,﻿teacher,﻿between 50 and 60,﻿Sisters of Charity,,1839,,,﻿,﻿,﻿Philadelphia,Philadelphia
﻿phi.pa.9006,﻿school,﻿St. Mary's School,English,,,,,,﻿Pottsville,,﻿PA,,,,,,,﻿#REF!,,,,,,﻿teacher,﻿between 50 and 60,﻿Sisters of Charity,,1839,,,﻿,﻿,﻿Philadelphia,Philadelphia
﻿phi.pa.9006,﻿school,﻿St. Mary's School,English,,,,,,﻿Pottsville,,﻿PA,,,,,,,﻿#REF!,,,,,,﻿teacher,﻿between 50 and 60,﻿Sisters of Charity,,1839,,,﻿,﻿,﻿Philadelphia,Philadelphia
﻿phi.pa.9006,﻿school,﻿St. Mary's School,English,,,,,,﻿Pottsville,,﻿PA,,,,,,,﻿#REF!,,,,,,﻿teacher,﻿between 50 and 60,﻿Sisters of Charity,,1839,,,﻿,﻿,﻿Philadelphia,Philadelphia
﻿phi.pa.9006,﻿school,﻿St. Mary's School,English,,,,,,﻿Pottsville,,﻿PA,,,,,,,﻿#REF!,,,,,,﻿teacher,﻿between 50 and 60,﻿Sisters of Charity,,1839,,,﻿,﻿,﻿Philadelphia,Philadelphia
﻿phi.pa.9006,﻿school,﻿St. Mary's School,English,,,,,,﻿Pottsville,,﻿PA,,,,,,,﻿#REF!,,,,,,﻿teacher,﻿between 50 and 60,﻿Sisters of Charity,,1839,,,﻿,﻿,﻿Philadelphia,Philadelphia
﻿phi.pa.9006,﻿school,﻿St. Mary's School,English,,,,,,﻿Pottsville,,﻿PA,,,,,,,﻿#REF!,,,,,,﻿teacher,﻿between 50 and 60,﻿Sisters of Charity,,1839,,,﻿,﻿,﻿Philadelphia,Philadelphia
﻿phi.pa.9006,﻿school,﻿St. Mary's School,English,,,,,,﻿Pottsville,,﻿PA,,,,,,,﻿#REF!,,,,,,﻿teacher,﻿between 50 and 60,﻿Sisters of Charity,,1839,,,﻿,﻿,﻿Philadelphia,Philadelphia
﻿phi.pa.9006,﻿school,﻿St. Mary's School,English,,,,,,﻿Pottsville,,﻿PA,,,,,,,﻿#REF!,,,,,,﻿teacher,﻿between 50 and 60,﻿Sisters of Charity,,1839,,,﻿,﻿,﻿Philadelphia,Philadelphia
﻿phi.pa.9006,﻿school,﻿St. Mary's School,English,,,,,,﻿Pottsville,,﻿PA,,,,,,,﻿#REF!,,,,,,﻿teacher,﻿between 50 and 60,﻿Sisters of Charity,,1839,,,﻿,﻿,﻿Philadelphia,Philadelphia
﻿phi.pa.9006,﻿school,﻿St. Mary's School,English,,,,,,﻿Pottsville,,﻿PA,,,,,,,﻿#REF!,,,,,,﻿teacher,﻿between 50 and 60,﻿Sisters of Charity,,1839,,,﻿,﻿,﻿Philadelphia,Philadelphia
﻿phi.pa.9006,﻿school,﻿St. Mary's School,English,,,,,,﻿Pottsville,,﻿PA,,,,,,,﻿#REF!,,,,,,﻿teacher,﻿between 50 and 60,﻿Sisters of Charity,,1839,,,﻿,﻿,﻿Philadelphia,Philadelphia
﻿phi.pa.9006,﻿school,﻿St. Mary's School,English,,,,,,﻿Pottsville,,﻿PA,,,,,,,﻿#REF!,,,,,,﻿teacher,﻿between 50 and 60,﻿Sisters of Charity,,1839,,,﻿,﻿,﻿Philadelphia,Philadelphia
﻿phi.pa.9006,﻿school,﻿St. Mary's School,English,,,,,,﻿Pottsville,,﻿PA,,,,,,,﻿#REF!,,,,,,﻿teacher,﻿between 50 and 60,﻿Sisters of Charity,,1839,,,﻿,﻿,﻿Philadelphia,Philadelphia
﻿phi.pa.9006,﻿school,﻿St. Mary's School,English,,,,,,﻿Pottsville,,﻿PA,,,,,,,﻿#REF!,,,,,,﻿teacher,﻿between 50 and 60,﻿Sisters of Charity,,1839,,,﻿,﻿,﻿Philadelphia,Philadelphia
﻿phi.pa.9006,﻿school,﻿St. Mary's School,English,,,,,,﻿Pottsville,,﻿PA,,,,,,,﻿#REF!,,,,,,﻿teacher,﻿between 50 and 60,﻿Sisters of Charity,,1839,,,﻿,﻿,﻿Philadelphia,Philadelphia
﻿phi.pa.9006,﻿school,﻿St. Mary's School,English,,,,,,﻿Pottsville,,﻿PA,,,,,,,﻿#REF!,,,,,,﻿teacher,﻿between 50 and 60,﻿Sisters of Charity,,1839,,,﻿,﻿,﻿Philadelphia,Philadelphia
﻿phi.pa.9006,﻿school,﻿St. Mary's School,English,,,,,,﻿Pottsville,,﻿PA,,,,,,,﻿#REF!,,,,,,﻿teacher,﻿between 50 and 60,﻿Sisters of Charity,,1839,,,﻿,﻿,﻿Philadelphia,Philadelphia
﻿phi.pa.9006,﻿school,﻿St. Mary's School,English,,,,,,﻿Pottsville,,﻿PA,,,,,,,﻿#REF!,,,,,,﻿teacher,﻿between 50 and 60,﻿Sisters of Charity,,1839,,,﻿,﻿,﻿Philadelphia,Philadelphia
﻿phi.pa.9006,﻿school,﻿St. Mary's School,English,,,,,,﻿Pottsville,,﻿PA,,,,,,,﻿#REF!,,,,,,﻿teacher,﻿between 50 and 60,﻿Sisters of Charity,,1839,,,﻿,﻿,﻿Philadelphia,Philadelphia
﻿phi.pa.9006,﻿school,﻿St. Mary's School,English,,,,,,﻿Pottsville,,﻿PA,,,,,,,﻿#REF!,,,,,,﻿teacher,﻿between 50 and 60,﻿Sisters of Charity,,1839,,,﻿,﻿,﻿Philadelphia,Philadelphia
﻿phi.pa.9006,﻿school,﻿St. Mary's School,English,,,,,,﻿Pottsville,,﻿PA,,,,,,,﻿#REF!,,,,,,﻿teacher,﻿between 50 and 60,﻿Sisters of Charity,,1839,,,﻿,﻿,﻿Philadelphia,Philadelphia
﻿phi.pa.9006,﻿school,﻿St. Mary's School,English,,,,,,﻿Pottsville,,﻿PA,,,,,,,﻿#REF!,,,,,,﻿teacher,﻿between 50 and 60,﻿Sisters of Charity,,1839,,,﻿,﻿,﻿Philadelphia,Philadelphia
﻿phi.pa.9006,﻿school,﻿St. Mary's School,English,,,,,,﻿Pottsville,,﻿PA,,,,,,,﻿#REF!,,,,,,﻿teacher,﻿between 50 and 60,﻿Sisters of Charity,,1839,,,﻿,﻿,﻿Philadelphia,Philadelphia
﻿phi.pa.9006,﻿school,﻿St. Mary's School,English,,,,,,﻿Pottsville,,﻿PA,,,,,,,﻿#REF!,,,,,,﻿teacher,﻿between 50 and 60,﻿Sisters of Charity,,1839,,,﻿,﻿,﻿Philadelphia,Philadelphia
﻿phi.pa.9006,﻿school,﻿St. Mary's School,English,,,,,,﻿Pottsville,,﻿PA,,,,,,,﻿#REF!,,,,,,﻿teacher,﻿between 50 and 60,﻿Sisters of Charity,,1839,,,﻿,﻿,﻿Philadelphia,Philadelphia
﻿phi.pa.9006,﻿school,﻿St. Mary's School,English,,,,,,﻿Pottsville,,﻿PA,,,,,,,﻿#REF!,,,,,,﻿teacher,﻿between 50 and 60,﻿Sisters of Charity,,1839,,,﻿,﻿,﻿Philadelphia,Philadelphia
﻿phi.pa.9006,﻿school,﻿St. Mary's School,English,,,,,,﻿Pottsville,,﻿PA,,,,,,,﻿#REF!,,,,,,﻿teacher,﻿between 50 and 60,﻿Sisters of Charity,,1839,,,﻿,﻿,﻿Philadelphia,Philadelphia
﻿phi.pa.9006,﻿school,﻿St. Mary's School,English,,,,,,﻿Pottsville,,﻿PA,,,,,,,﻿#REF!,,,,,,﻿teacher,﻿between 50 and 60,﻿Sisters of Charity,,1839,,,﻿,﻿,﻿Philadelphia,Philadelphia
﻿phi.pa.9006,﻿school,﻿St. Mary's School,English,,,,,,﻿Pottsville,,﻿PA,,,,,,,﻿#REF!,,,,,,﻿teacher,﻿between 50 and 60,﻿Sisters of Charity,,1839,,,﻿,﻿,﻿Philadelphia,Philadelphia
﻿phi.pa.9006,﻿school,﻿St. Mary's School,English,,,,,,﻿Pottsville,,﻿PA,,,,,,,﻿#REF!,,,,,,﻿teacher,﻿between 50 and 60,﻿Sisters of Charity,,1839,,,﻿,﻿,﻿Philadelphia,Philadelphia
﻿phi.pa.9006,﻿school,﻿St. Mary's School,English,,,,,,﻿Pottsville,,﻿PA,,,,,,,﻿#REF!,,,,,,﻿teacher,﻿between 50 and 60,﻿Sisters of Charity,,1839,,,﻿,﻿,﻿Philadelphia,Philadelphia
﻿phi.pa.9006,﻿school,﻿St. Mary's School,English,,,,,,﻿Pottsville,,﻿PA,,,,,,,﻿#REF!,,,,,,﻿teacher,﻿between 50 and 60,﻿Sisters of Charity,,1839,,,﻿,﻿,﻿Philadelphia,Philadelphia
﻿phi.pa.9006,﻿school,﻿St. Mary's School,English,,,,,,﻿Pottsville,,﻿PA,,,,,,,﻿#REF!,,,,,,﻿teacher,﻿between 50 and 60,﻿Sisters of Charity,,1839,,,﻿,﻿,﻿Philadelphia,Philadelphia
﻿phi.pa.9006,﻿school,﻿St. Mary's School,English,,,,,,﻿Pottsville,,﻿PA,,,,,,,﻿#REF!,,,,,,﻿teacher,﻿between 50 and 60,﻿Sisters of Charity,,1839,,,﻿,﻿,﻿Philadelphia,Philadelphia
﻿phi.pa.9006,﻿school,﻿St. Mary's School,English,,,,,,﻿Pottsville,,﻿PA,,,,,,,﻿#REF!,,,,,,﻿teacher,﻿between 50 and 60,﻿Sisters of Charity,,1839,,,﻿,﻿,﻿Philadelphia,Philadelphia
﻿phi.pa.9006,﻿school,﻿St. Mary's School,English,,,,,,﻿Pottsville,,﻿PA,,,,,,,﻿#REF!,,,,,,﻿teacher,﻿between 50 and 60,﻿Sisters of Charity,,1839,,,﻿,﻿,﻿Philadelphia,Philadelphia
﻿phi.pa.9006,﻿school,﻿St. Mary's School,English,,,,,,﻿Pottsville,,﻿PA,,,,,,,﻿#REF!,,,,,,﻿teacher,﻿between 50 and 60,﻿Sisters of Charity,,1839,,,﻿,﻿,﻿Philadelphia,Philadelphia
﻿phi.pa.9006,﻿school,﻿St. Mary's School,English,,,,,,﻿Pottsville,,﻿PA,,,,,,,﻿#REF!,,,,,,﻿teacher,﻿between 50 and 60,﻿Sisters of Charity,,1839,,,﻿,﻿,﻿Philadelphia,Philadelphia
﻿phi.pa.9006,﻿school,﻿St. Mary's School,English,,,,,,﻿Pottsville,,﻿PA,,,,,,,﻿#REF!,,,,,,﻿teacher,﻿between 50 and 60,﻿Sisters of Charity,,1839,,,﻿,﻿,﻿Philadelphia,Philadelphia
﻿phi.pa.9006,﻿school,﻿St. Mary's School,English,,,,,,﻿Pottsville,,﻿PA,,,,,,,﻿#REF!,,,,,,﻿teacher,﻿between 50 and 60,﻿Sisters of Charity,,1839,,,﻿,﻿,﻿Philadelphia,Philadelphia
﻿phi.pa.9006,﻿school,﻿St. Mary's School,English,,,,,,﻿Pottsville,,﻿PA,,,,,,,﻿#REF!,,,,,,﻿teacher,﻿between 50 and 60,﻿Sisters of Charity,,1839,,,﻿,﻿,﻿Philadelphia,Philadelphia
﻿phi.pa.9006,﻿school,﻿St. Mary's School,English,,,,,,﻿Pottsville,,﻿PA,,,,,,,﻿#REF!,,,,,,﻿teacher,﻿between 50 and 60,﻿Sisters of Charity,,1839,,,﻿,﻿,﻿Philadelphia,Philadelphia
﻿phi.pa.9006,﻿school,﻿St. Mary's School,English,,,,,,﻿Pottsville,,﻿PA,,,,,,,﻿#REF!,,,,,,﻿teacher,﻿between 50 and 60,﻿Sisters of Charity,,1839,,,﻿,﻿,﻿Philadelphia,Philadelphia
﻿phi.pa.9006,﻿school,﻿St. Mary's School,English,,,,,,﻿Pottsville,,﻿PA,,,,,,,﻿#REF!,,,,,,﻿teacher,﻿between 50 and 60,﻿Sisters of Charity,,1839,,,﻿,﻿,﻿Philadelphia,Philadelphia
﻿phi.pa.9006,﻿school,﻿St. Mary's School,English,,,,,,﻿Pottsville,,﻿PA,,,,,,,﻿#REF!,,,,,,﻿teacher,﻿between 50 and 60,﻿Sisters of Charity,,1839,,,﻿,﻿,﻿Philadelphia,Philadelphia
﻿phi.pa.9006,﻿school,﻿St. Mary's School,English,,,,,,﻿Pottsville,,﻿PA,,,,,,,﻿#REF!,,,,,,﻿teacher,﻿between 50 and 60,﻿Sisters of Charity,,1839,,,﻿,﻿,﻿Philadelphia,Philadelphia
﻿phi.pa.9006,﻿school,﻿St. Mary's School,English,,,,,,﻿Pottsville,,﻿PA,,,,,,,﻿#REF!,,,,,,﻿teacher,﻿between 50 and 60,﻿Sisters of Charity,,1839,,,﻿,﻿,﻿Philadelphia,Philadelphia
﻿phi.pa.9006,﻿school,﻿St. Mary's School,English,,,,,,﻿Pottsville,,﻿PA,,,,,,,﻿#REF!,,,,,,﻿teacher,﻿between 50 and 60,﻿Sisters of Charity,,1839,,,﻿,﻿,﻿Philadelphia,Philadelphia
﻿phi.pa.9006,﻿school,﻿St. Mary's School,English,,,,,,﻿Pottsville,,﻿PA,,,,,,,﻿#REF!,,,,,,﻿teacher,﻿between 50 and 60,﻿Sisters of Charity,,1839,,,﻿,﻿,﻿Philadelphia,Philadelphia
﻿phi.pa.9006,﻿school,﻿St. Mary's School,English,,,,,,﻿Pottsville,,﻿PA,,,,,,,﻿#REF!,,,,,,﻿teacher,﻿between 50 and 60,﻿Sisters of Charity,,1839,,,﻿,﻿,﻿Philadelphia,Philadelphia
﻿phi.pa.9006,﻿school,﻿St. Mary's School,English,,,,,,﻿Pottsville,,﻿PA,,,,,,,﻿#REF!,,,,,,﻿teacher,﻿between 50 and 60,﻿Sisters of Charity,,1839,,,﻿,﻿,﻿Philadelphia,Philadelphia
﻿phi.pa.9006,﻿school,﻿St. Mary's School,English,,,,,,﻿Pottsville,,﻿PA,,,,,,,﻿#REF!,,,,,,﻿teacher,﻿between 50 and 60,﻿Sisters of Charity,,1839,,,﻿,﻿,﻿Philadelphia,Philadelphia
﻿phi.pa.9006,﻿school,﻿St. Mary's School,English,,,,,,﻿Pottsville,,﻿PA,,,,,,,﻿#REF!,,,,,,﻿teacher,﻿between 50 and 60,﻿Sisters of Charity,,1839,,,﻿,﻿,﻿Philadelphia,Philadelphia
﻿phi.pa.9006,﻿school,﻿St. Mary's School,English,,,,,,﻿Pottsville,,﻿PA,,,,,,,﻿#REF!,,,,,,﻿teacher,﻿between 50 and 60,﻿Sisters of Charity,,1839,,,﻿,﻿,﻿Philadelphia,Philadelphia
﻿phi.pa.9006,﻿school,﻿St. Mary's School,English,,,,,,﻿Pottsville,,﻿PA,,,,,,,﻿#REF!,,,,,,﻿teacher,﻿between 50 and 60,﻿Sisters of Charity,,1839,,,﻿,﻿,﻿Philadelphia,Philadelphia
﻿phi.pa.9006,﻿school,﻿St. Mary's School,English,,,,,,﻿Pottsville,,﻿PA,,,,,,,﻿#REF!,,,,,,﻿teacher,﻿between 50 and 60,﻿Sisters of Charity,,1839,,,﻿,﻿,﻿Philadelphia,Philadelphia
﻿phi.pa.9006,﻿school,﻿St. Mary's School,English,,,,,,﻿Pottsville,,﻿PA,,,,,,,﻿#REF!,,,,,,﻿teacher,﻿between 50 and 60,﻿Sisters of Charity,,1839,,,﻿,﻿,﻿Philadelphia,Philadelphia
﻿phi.pa.9006,﻿school,﻿St. Mary's School,English,,,,,,﻿Pottsville,,﻿PA,,,,,,,﻿#REF!,,,,,,﻿teacher,﻿between 50 and 60,﻿Sisters of Charity,,1839,,,﻿,﻿,﻿Philadelphia,Philadelphia
﻿phi.pa.9006,﻿school,﻿St. Mary's School,English,,,,,,﻿Pottsville,,﻿PA,,,,,,,﻿#REF!,,,,,,﻿teacher,﻿between 50 and 60,﻿Sisters of Charity,,1839,,,﻿,﻿,﻿Philadelphia,Philadelphia
﻿phi.pa.9006,﻿school,﻿St. Mary's School,English,,,,,,﻿Pottsville,,﻿PA,,,,,,,﻿#REF!,,,,,,﻿teacher,﻿between 50 and 60,﻿Sisters of Charity,,1839,,,﻿,﻿,﻿Philadelphia,Philadelphia
﻿phi.pa.9006,﻿school,﻿St. Mary's School,English,,,,,,﻿Pottsville,,﻿PA,,,,,,,﻿#REF!,,,,,,﻿teacher,﻿between 50 and 60,﻿Sisters of Charity,,1839,,,﻿,﻿,﻿Philadelphia,Philadelphia
﻿phi.pa.9006,﻿school,﻿St. Mary's School,English,,,,,,﻿Pottsville,,﻿PA,,,,,,,﻿#REF!,,,,,,﻿teacher,﻿between 50 and 60,﻿Sisters of Charity,,1839,,,﻿,﻿,﻿Philadelphia,Philadelphia
﻿phi.pa.9006,﻿school,﻿St. Mary's School,English,,,,,,﻿Pottsville,,﻿PA,,,,,,,﻿#REF!,,,,,,﻿teacher,﻿between 50 and 60,﻿Sisters of Charity,,1839,,,﻿,﻿,﻿Philadelphia,Philadelphia
﻿phi.pa.9006,﻿school,﻿St. Mary's School,English,,,,,,﻿Pottsville,,﻿PA,,,,,,,﻿#REF!,,,,,,﻿teacher,﻿between 50 and 60,﻿Sisters of Charity,,1839,,,﻿,﻿,﻿Philadelphia,Philadelphia
﻿phi.pa.9006,﻿school,﻿St. Mary's School,English,,,,,,﻿Pottsville,,﻿PA,,,,,,,﻿#REF!,,,,,,﻿teacher,﻿between 50 and 60,﻿Sisters of Charity,,1839,,,﻿,﻿,﻿Philadelphia,Philadelphia
﻿phi.pa.9006,﻿school,﻿St. Mary's School,English,,,,,,﻿Pottsville,,﻿PA,,,,,,,﻿#REF!,,,,,,﻿teacher,﻿between 50 and 60,﻿Sisters of Charity,,1839,,,﻿,﻿,﻿Philadelphia,Philadelphia
﻿phi.pa.9006,﻿school,﻿St. Mary's School,English,,,,,,﻿Pottsville,,﻿PA,,,,,,,﻿#REF!,,,,,,﻿teacher,﻿between 50 and 60,﻿Sisters of Charity,,1839,,,﻿,﻿,﻿Philadelphia,Philadelphia
﻿phi.pa.9006,﻿school,﻿St. Mary's School,English,,,,,,﻿Pottsville,,﻿PA,,,,,,,﻿#REF!,,,,,,﻿teacher,﻿between 50 and 60,﻿Sisters of Charity,,1839,,,﻿,﻿,﻿Philadelphia,Philadelphia
﻿phi.pa.9006,﻿school,﻿St. Mary's School,English,,,,,,﻿Pottsville,,﻿PA,,,,,,,﻿#REF!,,,,,,﻿teacher,﻿between 50 and 60,﻿Sisters of Charity,,1839,,,﻿,﻿,﻿Philadelphia,Philadelphia
﻿phi.pa.9006,﻿school,﻿St. Mary's School,English,,,,,,﻿Pottsville,,﻿PA,,,,,,,﻿#REF!,,,,,,﻿teacher,﻿between 50 and 60,﻿Sisters of Charity,,1839,,,﻿,﻿,﻿Philadelphia,Philadelphia
﻿phi.pa.9006,﻿school,﻿St. Mary's School,English,,,,,,﻿Pottsville,,﻿PA,,,,,,,﻿#REF!,,,,,,﻿teacher,﻿between 50 and 60,﻿Sisters of Charity,,1839,,,﻿,﻿,﻿Philadelphia,Philadelphia
﻿phi.pa.9006,﻿school,﻿St. Mary's School,English,,,,,,﻿Pottsville,,﻿PA,,,,,,,﻿#REF!,,,,,,﻿teacher,﻿between 50 and 60,﻿Sisters of Charity,,1839,,,﻿,﻿,﻿Philadelphia,Philadelphia
﻿phi.pa.9006,﻿school,﻿St. Mary's School,English,,,,,,﻿Pottsville,,﻿PA,,,,,,,﻿#REF!,,,,,,﻿teacher,﻿between 50 and 60,﻿Sisters of Charity,,1839,,,﻿,﻿,﻿Philadelphia,Philadelphia
﻿phi.pa.9006,﻿school,﻿St. Mary's School,English,,,,,,﻿Pottsville,,﻿PA,,,,,,,﻿#REF!,,,,,,﻿teacher,﻿between 50 and 60,﻿Sisters of Charity,,1839,,,﻿,﻿,﻿Philadelphia,Philadelphia
﻿phi.pa.9006,﻿school,﻿St. Mary's School,English,,,,,,﻿Pottsville,,﻿PA,,,,,,,﻿#REF!,,,,,,﻿teacher,﻿between 50 and 60,﻿Sisters of Charity,,1839,,,﻿,﻿,﻿Philadelphia,Philadelphia
﻿phi.pa.9006,﻿school,﻿St. Mary's School,English,,,,,,﻿Pottsville,,﻿PA,,,,,,,﻿#REF!,,,,,,﻿teacher,﻿between 50 and 60,﻿Sisters of Charity,,1839,,,﻿,﻿,﻿Philadelphia,Philadelphia
﻿phi.pa.9006,﻿school,﻿St. Mary's School,English,,,,,,﻿Pottsville,,﻿PA,,,,,,,﻿#REF!,,,,,,﻿teacher,﻿between 50 and 60,﻿Sisters of Charity,,1839,,,﻿,﻿,﻿Philadelphia,Philadelphia
﻿phi.pa.9006,﻿school,﻿St. Mary's School,English,,,,,,﻿Pottsville,,﻿PA,,,,,,,﻿#REF!,,,,,,﻿teacher,﻿between 50 and 60,﻿Sisters of Charity,,1839,,,﻿,﻿,﻿Philadelphia,Philadelphia
﻿phi.pa.9006,﻿school,﻿St. Mary's School,English,,,,,,﻿Pottsville,,﻿PA,,,,,,,﻿#REF!,,,,,,﻿teacher,﻿between 50 and 60,﻿Sisters of Charity,,1839,,,﻿,﻿,﻿Philadelphia,Philadelphia
﻿phi.pa.9006,﻿school,﻿St. Mary's School,English,,,,,,﻿Pottsville,,﻿PA,,,,,,,﻿#REF!,,,,,,﻿teacher,﻿between 50 and 60,﻿Sisters of Charity,,1839,,,﻿,﻿,﻿Philadelphia,Philadelphia
﻿phi.pa.9006,﻿school,﻿St. Mary's School,English,,,,,,﻿Pottsville,,﻿PA,,,,,,,﻿#REF!,,,,,,﻿teacher,﻿between 50 and 60,﻿Sisters of Charity,,1839,,,﻿,﻿,﻿Philadelphia,Philadelphia
﻿phi.pa.9006,﻿school,﻿St. Mary's School,English,,,,,,﻿Pottsville,,﻿PA,,,,,,,﻿#REF!,,,,,,﻿teacher,﻿between 50 and 60,﻿Sisters of Charity,,1839,,,﻿,﻿,﻿Philadelphia,Philadelphia
﻿phi.pa.9006,﻿school,﻿St. Mary's School,English,,,,,,﻿Pottsville,,﻿PA,,,,,,,﻿#REF!,,,,,,﻿teacher,﻿between 50 and 60,﻿Sisters of Charity,,1839,,,﻿,﻿,﻿Philadelphia,Philadelphia
﻿phi.pa.9006,﻿school,﻿St. Mary's School,English,,,,,,﻿Pottsville,,﻿PA,,,,,,,﻿#REF!,,,,,,﻿teacher,﻿between 50 and 60,﻿Sisters of Charity,,1839,,,﻿,﻿,﻿Philadelphia,Philadelphia
﻿phi.pa.9006,﻿school,﻿St. Mary's School,English,,,,,,﻿Pottsville,,﻿PA,,,,,,,﻿#REF!,,,,,,﻿teacher,﻿between 50 and 60,﻿Sisters of Charity,,1839,,,﻿,﻿,﻿Philadelphia,Philadelphia
﻿phi.pa.9006,﻿school,﻿St. Mary's School,English,,,,,,﻿Pottsville,,﻿PA,,,,,,,﻿#REF!,,,,,,﻿teacher,﻿between 50 and 60,﻿Sisters of Charity,,1839,,,﻿,﻿,﻿Philadelphia,Philadelphia
﻿phi.pa.9006,﻿school,﻿St. Mary's School,English,,,,,,﻿Pottsville,,﻿PA,,,,,,,﻿#REF!,,,,,,﻿teacher,﻿between 50 and 60,﻿Sisters of Charity,,1839,,,﻿,﻿,﻿Philadelphia,Philadelphia
﻿phi.pa.9006,﻿school,﻿St. Mary's School,English,,,,,,﻿Pottsville,,﻿PA,,,,,,,﻿#REF!,,,,,,﻿teacher,﻿between 50 and 60,﻿Sisters of Charity,,1839,,,﻿,﻿,﻿Philadelphia,Philadelphia
﻿phi.pa.9006,﻿school,﻿St. Mary's School,English,,,,,,﻿Pottsville,,﻿PA,,,,,,,﻿#REF!,,,,,,﻿teacher,﻿between 50 and 60,﻿Sisters of Charity,,1839,,,﻿,﻿,﻿Philadelphia,Philadelphia
﻿phi.pa.9006,﻿school,﻿St. Mary's School,English,,,,,,﻿Pottsville,,﻿PA,,,,,,,﻿#REF!,,,,,,﻿teacher,﻿between 50 and 60,﻿Sisters of Charity,,1839,,,﻿,﻿,﻿Philadelphia,Philadelphia
﻿phi.pa.9006,﻿school,﻿St. Mary's School,English,,,,,,﻿Pottsville,,﻿PA,,,,,,,﻿#REF!,,,,,,﻿teacher,﻿between 50 and 60,﻿Sisters of Charity,,1839,,,﻿,﻿,﻿Philadelphia,Philadelphia
﻿phi.pa.9006,﻿school,﻿St. Mary's School,English,,,,,,﻿Pottsville,,﻿PA,,,,,,,﻿#REF!,,,,,,﻿teacher,﻿between 50 and 60,﻿Sisters of Charity,,1839,,,﻿,﻿,﻿Philadelphia,Philadelphia
﻿phi.pa.9006,﻿school,﻿St. Mary's School,English,,,,,,﻿Pottsville,,﻿PA,,,,,,,﻿#REF!,,,,,,﻿teacher,﻿between 50 and 60,﻿Sisters of Charity,,1839,,,﻿,﻿,﻿Philadelphia,Philadelphia
﻿phi.pa.9006,﻿school,﻿St. Mary's School,English,,,,,,﻿Pottsville,,﻿PA,,,,,,,﻿#REF!,,,,,,﻿teacher,﻿between 50 and 60,﻿Sisters of Charity,,1839,,,﻿,﻿,﻿Philadelphia,Philadelphia
﻿phi.pa.9006,﻿school,﻿St. Mary's School,English,,,,,,﻿Pottsville,,﻿PA,,,,,,,﻿#REF!,,,,,,﻿teacher,﻿between 50 and 60,﻿Sisters of Charity,,1839,,,﻿,﻿,﻿Philadelphia,Philadelphia
﻿phi.pa.9006,﻿school,﻿St. Mary's School,English,,,,,,﻿Pottsville,,﻿PA,,,,,,,﻿#REF!,,,,,,﻿teacher,﻿between 50 and 60,﻿Sisters of Charity,,1839,,,﻿,﻿,﻿Philadelphia,Philadelphia
﻿phi.pa.9006,﻿school,﻿St. Mary's School,English,,,,,,﻿Pottsville,,﻿PA,,,,,,,﻿#REF!,,,,,,﻿teacher,﻿between 50 and 60,﻿Sisters of Charity,,1839,,,﻿,﻿,﻿Philadelphia,Philadelphia
﻿phi.pa.9006,﻿school,﻿St. Mary's School,English,,,,,,﻿Pottsville,,﻿PA,,,,,,,﻿#REF!,,,,,,﻿teacher,﻿between 50 and 60,﻿Sisters of Charity,,1839,,,﻿,﻿,﻿Philadelphia,Philadelphia
﻿phi.pa.9006,﻿school,﻿St. Mary's School,English,,,,,,﻿Pottsville,,﻿PA,,,,,,,﻿#REF!,,,,,,﻿teacher,﻿between 50 and 60,﻿Sisters of Charity,,1839,,,﻿,﻿,﻿Philadelphia,Philadelphia
﻿phi.pa.9006,﻿school,﻿St. Mary's School,English,,,,,,﻿Pottsville,,﻿PA,,,,,,,﻿#REF!,,,,,,﻿teacher,﻿between 50 and 60,﻿Sisters of Charity,,1839,,,﻿,﻿,﻿Philadelphia,Philadelphia
﻿phi.pa.9006,﻿school,﻿St. Mary's School,English,,,,,,﻿Pottsville,,﻿PA,,,,,,,﻿#REF!,,,,,,﻿teacher,﻿between 50 and 60,﻿Sisters of Charity,,1839,,,﻿,﻿,﻿Philadelphia,Philadelphia
﻿phi.pa.9006,﻿school,﻿St. Mary's School,English,,,,,,﻿Pottsville,,﻿PA,,,,,,,﻿#REF!,,,,,,﻿teacher,﻿between 50 and 60,﻿Sisters of Charity,,1839,,,﻿,﻿,﻿Philadelphia,Philadelphia
﻿phi.pa.9006,﻿school,﻿St. Mary's School,English,,,,,,﻿Pottsville,,﻿PA,,,,,,,﻿#REF!,,,,,,﻿teacher,﻿between 50 and 60,﻿Sisters of Charity,,1839,,,﻿,﻿,﻿Philadelphia,Philadelphia
﻿phi.pa.9006,﻿school,﻿St. Mary's School,English,,,,,,﻿Pottsville,,﻿PA,,,,,,,﻿#REF!,,,,,,﻿teacher,﻿between 50 and 60,﻿Sisters of Charity,,1839,,,﻿,﻿,﻿Philadelphia,Philadelphia
﻿phi.pa.9006,﻿school,﻿St. Mary's School,English,,,,,,﻿Pottsville,,﻿PA,,,,,,,﻿#REF!,,,,,,﻿teacher,﻿between 50 and 60,﻿Sisters of Charity,,1839,,,﻿,﻿,﻿Philadelphia,Philadelphia
﻿phi.pa.9006,﻿school,﻿St. Mary's School,English,,,,,,﻿Pottsville,,﻿PA,,,,,,,﻿#REF!,,,,,,﻿teacher,﻿between 50 and 60,﻿Sisters of Charity,,1839,,,﻿,﻿,﻿Philadelphia,Philadelphia
﻿phi.pa.9006,﻿school,﻿St. Mary's School,English,,,,,,﻿Pottsville,,﻿PA,,,,,,,﻿#REF!,,,,,,﻿teacher,﻿between 50 and 60,﻿Sisters of Charity,,1839,,,﻿,﻿,﻿Philadelphia,Philadelphia
﻿phi.pa.9006,﻿school,﻿St. Mary's School,English,,,,,,﻿Pottsville,,﻿PA,,,,,,,﻿#REF!,,,,,,﻿teacher,﻿between 50 and 60,﻿Sisters of Charity,,1839,,,﻿,﻿,﻿Philadelphia,Philadelphia
﻿phi.pa.9006,﻿school,﻿St. Mary's School,English,,,,,,﻿Pottsville,,﻿PA,,,,,,,﻿#REF!,,,,,,﻿teacher,﻿between 50 and 60,﻿Sisters of Charity,,1839,,,﻿,﻿,﻿Philadelphia,Philadelphia
﻿phi.pa.9006,﻿school,﻿St. Mary's School,English,,,,,,﻿Pottsville,,﻿PA,,,,,,,﻿#REF!,,,,,,﻿teacher,﻿between 50 and 60,﻿Sisters of Charity,,1839,,,﻿,﻿,﻿Philadelphia,Philadelphia
﻿phi.pa.9006,﻿school,﻿St. Mary's School,English,,,,,,﻿Pottsville,,﻿PA,,,,,,,﻿#REF!,,,,,,﻿teacher,﻿between 50 and 60,﻿Sisters of Charity,,1839,,,﻿,﻿,﻿Philadelphia,Philadelphia
﻿phi.pa.9006,﻿school,﻿St. Mary's School,English,,,,,,﻿Pottsville,,﻿PA,,,,,,,﻿#REF!,,,,,,﻿teacher,﻿between 50 and 60,﻿Sisters of Charity,,1839,,,﻿,﻿,﻿Philadelphia,Philadelphia
﻿phi.pa.9006,﻿school,﻿St. Mary's School,English,,,,,,﻿Pottsville,,﻿PA,,,,,,,﻿#REF!,,,,,,﻿teacher,﻿between 50 and 60,﻿Sisters of Charity,,1839,,,﻿,﻿,﻿Philadelphia,Philadelphia
﻿phi.pa.9006,﻿school,﻿St. Mary's School,English,,,,,,﻿Pottsville,,﻿PA,,,,,,,﻿#REF!,,,,,,﻿teacher,﻿between 50 and 60,﻿Sisters of Charity,,1839,,,﻿,﻿,﻿Philadelphia,Philadelphia
﻿phi.pa.9006,﻿school,﻿St. Mary's School,English,,,,,,﻿Pottsville,,﻿PA,,,,,,,﻿#REF!,,,,,,﻿teacher,﻿between 50 and 60,﻿Sisters of Charity,,1839,,,﻿,﻿,﻿Philadelphia,Philadelphia
﻿phi.pa.9006,﻿school,﻿St. Mary's School,English,,,,,,﻿Pottsville,,﻿PA,,,,,,,﻿#REF!,,,,,,﻿teacher,﻿between 50 and 60,﻿Sisters of Charity,,1839,,,﻿,﻿,﻿Philadelphia,Philadelphia
﻿phi.pa.9006,﻿school,﻿St. Mary's School,English,,,,,,﻿Pottsville,,﻿PA,,,,,,,﻿#REF!,,,,,,﻿teacher,﻿between 50 and 60,﻿Sisters of Charity,,1839,,,﻿,﻿,﻿Philadelphia,Philadelphia
﻿phi.pa.9006,﻿school,﻿St. Mary's School,English,,,,,,﻿Pottsville,,﻿PA,,,,,,,﻿#REF!,,,,,,﻿teacher,﻿between 50 and 60,﻿Sisters of Charity,,1839,,,﻿,﻿,﻿Philadelphia,Philadelphia
﻿phi.pa.9006,﻿school,﻿St. Mary's School,English,,,,,,﻿Pottsville,,﻿PA,,,,,,,﻿#REF!,,,,,,﻿teacher,﻿between 50 and 60,﻿Sisters of Charity,,1839,,,﻿,﻿,﻿Philadelphia,Philadelphia
﻿phi.pa.9006,﻿school,﻿St. Mary's School,English,,,,,,﻿Pottsville,,﻿PA,,,,,,,﻿#REF!,,,,,,﻿teacher,﻿between 50 and 60,﻿Sisters of Charity,,1839,,,﻿,﻿,﻿Philadelphia,Philadelphia
﻿phi.pa.9006,﻿school,﻿St. Mary's School,English,,,,,,﻿Pottsville,,﻿PA,,,,,,,﻿#REF!,,,,,,﻿teacher,﻿between 50 and 60,﻿Sisters of Charity,,1839,,,﻿,﻿,﻿Philadelphia,Philadelphia
﻿phi.pa.9006,﻿school,﻿St. Mary's School,English,,,,,,﻿Pottsville,,﻿PA,,,,,,,﻿#REF!,,,,,,﻿teacher,﻿between 50 and 60,﻿Sisters of Charity,,1839,,,﻿,﻿,﻿Philadelphia,Philadelphia
﻿phi.pa.9006,﻿school,﻿St. Mary's School,English,,,,,,﻿Pottsville,,﻿PA,,,,,,,﻿#REF!,,,,,,﻿teacher,﻿between 50 and 60,﻿Sisters of Charity,,1839,,,﻿,﻿,﻿Philadelphia,Philadelphia
﻿phi.pa.9006,﻿school,﻿St. Mary's School,English,,,,,,﻿Pottsville,,﻿PA,,,,,,,﻿#REF!,,,,,,﻿teacher,﻿between 50 and 60,﻿Sisters of Charity,,1839,,,﻿,﻿,﻿Philadelphia,Philadelphia
﻿phi.pa.9006,﻿school,﻿St. Mary's School,English,,,,,,﻿Pottsville,,﻿PA,,,,,,,﻿#REF!,,,,,,﻿teacher,﻿between 50 and 60,﻿Sisters of Charity,,1839,,,﻿,﻿,﻿Philadelphia,Philadelphia
﻿phi.pa.9006,﻿school,﻿St. Mary's School,English,,,,,,﻿Pottsville,,﻿PA,,,,,,,﻿#REF!,,,,,,﻿teacher,﻿between 50 and 60,﻿Sisters of Charity,,1839,,,﻿,﻿,﻿Philadelphia,Philadelphia
﻿phi.pa.9006,﻿school,﻿St. Mary's School,English,,,,,,﻿Pottsville,,﻿PA,,,,,,,﻿#REF!,,,,,,﻿teacher,﻿between 50 and 60,﻿Sisters of Charity,,1839,,,﻿,﻿,﻿Philadelphia,Philadelphia
﻿phi.pa.9006,﻿school,﻿St. Mary's School,English,,,,,,﻿Pottsville,,﻿PA,,,,,,,﻿#REF!,,,,,,﻿teacher,﻿between 50 and 60,﻿Sisters of Charity,,1839,,,﻿,﻿,﻿Philadelphia,Philadelphia
﻿phi.pa.9006,﻿school,﻿St. Mary's School,English,,,,,,﻿Pottsville,,﻿PA,,,,,,,﻿#REF!,,,,,,﻿teacher,﻿between 50 and 60,﻿Sisters of Charity,,1839,,,﻿,﻿,﻿Philadelphia,Philadelphia
﻿phi.pa.9006,﻿school,﻿St. Mary's School,English,,,,,,﻿Pottsville,,﻿PA,,,,,,,﻿#REF!,,,,,,﻿teacher,﻿between 50 and 60,﻿Sisters of Charity,,1839,,,﻿,﻿,﻿Philadelphia,Philadelphia
﻿phi.pa.9006,﻿school,﻿St. Mary's School,English,,,,,,﻿Pottsville,,﻿PA,,,,,,,﻿#REF!,,,,,,﻿teacher,﻿between 50 and 60,﻿Sisters of Charity,,1839,,,﻿,﻿,﻿Philadelphia,Philadelphia
﻿phi.pa.9006,﻿school,﻿St. Mary's School,English,,,,,,﻿Pottsville,,﻿PA,,,,,,,﻿#REF!,,,,,,﻿teacher,﻿between 50 and 60,﻿Sisters of Charity,,1839,,,﻿,﻿,﻿Philadelphia,Philadelphia
﻿phi.pa.9006,﻿school,﻿St. Mary's School,English,,,,,,﻿Pottsville,,﻿PA,,,,,,,﻿#REF!,,,,,,﻿teacher,﻿between 50 and 60,﻿Sisters of Charity,,1839,,,﻿,﻿,﻿Philadelphia,Philadelphia
﻿phi.pa.9006,﻿school,﻿St. Mary's School,English,,,,,,﻿Pottsville,,﻿PA,,,,,,,﻿#REF!,,,,,,﻿teacher,﻿between 50 and 60,﻿Sisters of Charity,,1839,,,﻿,﻿,﻿Philadelphia,Philadelphia
﻿phi.pa.9006,﻿school,﻿St. Mary's School,English,,,,,,﻿Pottsville,,﻿PA,,,,,,,﻿#REF!,,,,,,﻿teacher,﻿between 50 and 60,﻿Sisters of Charity,,1839,,,﻿,﻿,﻿Philadelphia,Philadelphia
﻿phi.pa.9006,﻿school,﻿St. Mary's School,English,,,,,,﻿Pottsville,,﻿PA,,,,,,,﻿#REF!,,,,,,﻿teacher,﻿between 50 and 60,﻿Sisters of Charity,,1839,,,﻿,﻿,﻿Philadelphia,Philadelphia
﻿phi.pa.9006,﻿school,﻿St. Mary's School,English,,,,,,﻿Pottsville,,﻿PA,,,,,,,﻿#REF!,,,,,,﻿teacher,﻿between 50 and 60,﻿Sisters of Charity,,1839,,,﻿,﻿,﻿Philadelphia,Philadelphia
﻿phi.pa.9006,﻿school,﻿St. Mary's School,English,,,,,,﻿Pottsville,,﻿PA,,,,,,,﻿#REF!,,,,,,﻿teacher,﻿between 50 and 60,﻿Sisters of Charity,,1839,,,﻿,﻿,﻿Philadelphia,Philadelphia
﻿phi.pa.9006,﻿school,﻿St. Mary's School,English,,,,,,﻿Pottsville,,﻿PA,,,,,,,﻿#REF!,,,,,,﻿teacher,﻿between 50 and 60,﻿Sisters of Charity,,1839,,,﻿,﻿,﻿Philadelphia,Philadelphia
﻿phi.pa.9006,﻿school,﻿St. Mary's School,English,,,,,,﻿Pottsville,,﻿PA,,,,,,,﻿#REF!,,,,,,﻿teacher,﻿between 50 and 60,﻿Sisters of Charity,,1839,,,﻿,﻿,﻿Philadelphia,Philadelphia
﻿phi.pa.9006,﻿school,﻿St. Mary's School,English,,,,,,﻿Pottsville,,﻿PA,,,,,,,﻿#REF!,,,,,,﻿teacher,﻿between 50 and 60,﻿Sisters of Charity,,1839,,,﻿,﻿,﻿Philadelphia,Philadelphia
﻿phi.pa.9006,﻿school,﻿St. Mary's School,English,,,,,,﻿Pottsville,,﻿PA,,,,,,,﻿#REF!,,,,,,﻿teacher,﻿between 50 and 60,﻿Sisters of Charity,,1839,,,﻿,﻿,﻿Philadelphia,Philadelphia
﻿phi.pa.9006,﻿school,﻿St. Mary's School,English,,,,,,﻿Pottsville,,﻿PA,,,,,,,﻿#REF!,,,,,,﻿teacher,﻿between 50 and 60,﻿Sisters of Charity,,1839,,,﻿,﻿,﻿Philadelphia,Philadelphia
﻿phi.pa.9006,﻿school,﻿St. Mary's School,English,,,,,,﻿Pottsville,,﻿PA,,,,,,,﻿#REF!,,,,,,﻿teacher,﻿between 50 and 60,﻿Sisters of Charity,,1839,,,﻿,﻿,﻿Philadelphia,Philadelphia
﻿phi.pa.9006,﻿school,﻿St. Mary's School,English,,,,,,﻿Pottsville,,﻿PA,,,,,,,﻿#REF!,,,,,,﻿teacher,﻿between 50 and 60,﻿Sisters of Charity,,1839,,,﻿,﻿,﻿Philadelphia,Philadelphia
﻿phi.pa.9006,﻿school,﻿St. Mary's School,English,,,,,,﻿Pottsville,,﻿PA,,,,,,,﻿#REF!,,,,,,﻿teacher,﻿between 50 and 60,﻿Sisters of Charity,,1839,,,﻿,﻿,﻿Philadelphia,Philadelphia
﻿phi.pa.9006,﻿school,﻿St. Mary's School,English,,,,,,﻿Pottsville,,﻿PA,,,,,,,﻿#REF!,,,,,,﻿teacher,﻿between 50 and 60,﻿Sisters of Charity,,1839,,,﻿,﻿,﻿Philadelphia,Philadelphia
﻿phi.pa.9006,﻿school,﻿St. Mary's School,English,,,,,,﻿Pottsville,,﻿PA,,,,,,,﻿#REF!,,,,,,﻿teacher,﻿between 50 and 60,﻿Sisters of Charity,,1839,,,﻿,﻿,﻿Philadelphia,Philadelphia
﻿phi.pa.9006,﻿school,﻿St. Mary's School,English,,,,,,﻿Pottsville,,﻿PA,,,,,,,﻿#REF!,,,,,,﻿teacher,﻿between 50 and 60,﻿Sisters of Charity,,1839,,,﻿,﻿,﻿Philadelphia,Philadelphia
﻿phi.pa.9006,﻿school,﻿St. Mary's School,English,,,,,,﻿Pottsville,,﻿PA,,,,,,,﻿#REF!,,,,,,﻿teacher,﻿between 50 and 60,﻿Sisters of Charity,,1839,,,﻿,﻿,﻿Philadelphia,Philadelphia
﻿phi.pa.9006,﻿school,﻿St. Mary's School,English,,,,,,﻿Pottsville,,﻿PA,,,,,,,﻿#REF!,,,,,,﻿teacher,﻿between 50 and 60,﻿Sisters of Charity,,1839,,,﻿,﻿,﻿Philadelphia,Philadelphia
﻿phi.pa.9006,﻿school,﻿St. Mary's School,English,,,,,,﻿Pottsville,,﻿PA,,,,,,,﻿#REF!,,,,,,﻿teacher,﻿between 50 and 60,﻿Sisters of Charity,,1839,,,﻿,﻿,﻿Philadelphia,Philadelphia
﻿phi.pa.9006,﻿school,﻿St. Mary's School,English,,,,,,﻿Pottsville,,﻿PA,,,,,,,﻿#REF!,,,,,,﻿teacher,﻿between 50 and 60,﻿Sisters of Charity,,1839,,,﻿,﻿,﻿Philadelphia,Philadelphia
﻿phi.pa.9006,﻿school,﻿St. Mary's School,English,,,,,,﻿Pottsville,,﻿PA,,,,,,,﻿#REF!,,,,,,﻿teacher,﻿between 50 and 60,﻿Sisters of Charity,,1839,,,﻿,﻿,﻿Philadelphia,Philadelphia
﻿phi.pa.9006,﻿school,﻿St. Mary's School,English,,,,,,﻿Pottsville,,﻿PA,,,,,,,﻿#REF!,,,,,,﻿teacher,﻿between 50 and 60,﻿Sisters of Charity,,1839,,,﻿,﻿,﻿Philadelphia,Philadelphia
﻿phi.pa.9006,﻿school,﻿St. Mary's School,English,,,,,,﻿Pottsville,,﻿PA,,,,,,,﻿#REF!,,,,,,﻿teacher,﻿between 50 and 60,﻿Sisters of Charity,,1839,,,﻿,﻿,﻿Philadelphia,Philadelphia
﻿phi.pa.9006,﻿school,﻿St. Mary's School,English,,,,,,﻿Pottsville,,﻿PA,,,,,,,﻿#REF!,,,,,,﻿teacher,﻿between 50 and 60,﻿Sisters of Charity,,1839,,,﻿,﻿,﻿Philadelphia,Philadelphia
﻿phi.pa.9006,﻿school,﻿St. Mary's School,English,,,,,,﻿Pottsville,,﻿PA,,,,,,,﻿#REF!,,,,,,﻿teacher,﻿between 50 and 60,﻿Sisters of Charity,,1839,,,﻿,﻿,﻿Philadelphia,Philadelphia
﻿phi.pa.9006,﻿school,﻿St. Mary's School,English,,,,,,﻿Pottsville,,﻿PA,,,,,,,﻿#REF!,,,,,,﻿teacher,﻿between 50 and 60,﻿Sisters of Charity,,1839,,,﻿,﻿,﻿Philadelphia,Philadelphia
﻿phi.pa.9006,﻿school,﻿St. Mary's School,English,,,,,,﻿Pottsville,,﻿PA,,,,,,,﻿#REF!,,,,,,﻿teacher,﻿between 50 and 60,﻿Sisters of Charity,,1839,,,﻿,﻿,﻿Philadelphia,Philadelphia
﻿phi.pa.9006,﻿school,﻿St. Mary's School,English,,,,,,﻿Pottsville,,﻿PA,,,,,,,﻿#REF!,,,,,,﻿teacher,﻿between 50 and 60,﻿Sisters of Charity,,1839,,,﻿,﻿,﻿Philadelphia,Philadelphia
﻿phi.pa.9006,﻿school,﻿St. Mary's School,English,,,,,,﻿Pottsville,,﻿PA,,,,,,,﻿#REF!,,,,,,﻿teacher,﻿between 50 and 60,﻿Sisters of Charity,,1839,,,﻿,﻿,﻿Philadelphia,Philadelphia
﻿phi.pa.9006,﻿school,﻿St. Mary's School,English,,,,,,﻿Pottsville,,﻿PA,,,,,,,﻿#REF!,,,,,,﻿teacher,﻿between 50 and 60,﻿Sisters of Charity,,1839,,,﻿,﻿,﻿Philadelphia,Philadelphia
﻿phi.pa.9006,﻿school,﻿St. Mary's School,English,,,,,,﻿Pottsville,,﻿PA,,,,,,,﻿#REF!,,,,,,﻿teacher,﻿between 50 and 60,﻿Sisters of Charity,,1839,,,﻿,﻿,﻿Philadelphia,Philadelphia
﻿phi.pa.9006,﻿school,﻿St. Mary's School,English,,,,,,﻿Pottsville,,﻿PA,,,,,,,﻿#REF!,,,,,,﻿teacher,﻿between 50 and 60,﻿Sisters of Charity,,1839,,,﻿,﻿,﻿Philadelphia,Philadelphia
﻿phi.pa.9006,﻿school,﻿St. Mary's School,English,,,,,,﻿Pottsville,,﻿PA,,,,,,,﻿#REF!,,,,,,﻿teacher,﻿between 50 and 60,﻿Sisters of Charity,,1839,,,﻿,﻿,﻿Philadelphia,Philadelphia
﻿phi.pa.9006,﻿school,﻿St. Mary's School,English,,,,,,﻿Pottsville,,﻿PA,,,,,,,﻿#REF!,,,,,,﻿teacher,﻿between 50 and 60,﻿Sisters of Charity,,1839,,,﻿,﻿,﻿Philadelphia,Philadelphia
﻿phi.pa.9006,﻿school,﻿St. Mary's School,English,,,,,,﻿Pottsville,,﻿PA,,,,,,,﻿#REF!,,,,,,﻿teacher,﻿between 50 and 60,﻿Sisters of Charity,,1839,,,﻿,﻿,﻿Philadelphia,Philadelphia
﻿phi.pa.9006,﻿school,﻿St. Mary's School,English,,,,,,﻿Pottsville,,﻿PA,,,,,,,﻿#REF!,,,,,,﻿teacher,﻿between 50 and 60,﻿Sisters of Charity,,1839,,,﻿,﻿,﻿Philadelphia,Philadelphia
﻿phi.pa.9006,﻿school,﻿St. Mary's School,English,,,,,,﻿Pottsville,,﻿PA,,,,,,,﻿#REF!,,,,,,﻿teacher,﻿between 50 and 60,﻿Sisters of Charity,,1839,,,﻿,﻿,﻿Philadelphia,Philadelphia
﻿phi.pa.9006,﻿school,﻿St. Mary's School,English,,,,,,﻿Pottsville,,﻿PA,,,,,,,﻿#REF!,,,,,,﻿teacher,﻿between 50 and 60,﻿Sisters of Charity,,1839,,,﻿,﻿,﻿Philadelphia,Philadelphia
﻿phi.pa.9006,﻿school,﻿St. Mary's School,English,,,,,,﻿Pottsville,,﻿PA,,,,,,,﻿#REF!,,,,,,﻿teacher,﻿between 50 and 60,﻿Sisters of Charity,,1839,,,﻿,﻿,﻿Philadelphia,Philadelphia
﻿phi.pa.9006,﻿school,﻿St. Mary's School,English,,,,,,﻿Pottsville,,﻿PA,,,,,,,﻿#REF!,,,,,,﻿teacher,﻿between 50 and 60,﻿Sisters of Charity,,1839,,,﻿,﻿,﻿Philadelphia,Philadelphia
﻿phi.pa.9006,﻿school,﻿St. Mary's School,English,,,,,,﻿Pottsville,,﻿PA,,,,,,,﻿#REF!,,,,,,﻿teacher,﻿between 50 and 60,﻿Sisters of Charity,,1839,,,﻿,﻿,﻿Philadelphia,Philadelphia
﻿phi.pa.9006,﻿school,﻿St. Mary's School,English,,,,,,﻿Pottsville,,﻿PA,,,,,,,﻿#REF!,,,,,,﻿teacher,﻿between 50 and 60,﻿Sisters of Charity,,1839,,,﻿,﻿,﻿Philadelphia,Philadelphia
﻿phi.pa.9006,﻿school,﻿St. Mary's School,English,,,,,,﻿Pottsville,,﻿PA,,,,,,,﻿#REF!,,,,,,﻿teacher,﻿between 50 and 60,﻿Sisters of Charity,,1839,,,﻿,﻿,﻿Philadelphia,Philadelphia
﻿phi.pa.9006,﻿school,﻿St. Mary's School,English,,,,,,﻿Pottsville,,﻿PA,,,,,,,﻿#REF!,,,,,,﻿teacher,﻿between 50 and 60,﻿Sisters of Charity,,1839,,,﻿,﻿,﻿Philadelphia,Philadelphia
﻿phi.pa.9006,﻿school,﻿St. Mary's School,English,,,,,,﻿Pottsville,,﻿PA,,,,,,,﻿#REF!,,,,,,﻿teacher,﻿between 50 and 60,﻿Sisters of Charity,,1839,,,﻿,﻿,﻿Philadelphia,Philadelphia
﻿phi.pa.9006,﻿school,﻿St. Mary's School,English,,,,,,﻿Pottsville,,﻿PA,,,,,,,﻿#REF!,,,,,,﻿teacher,﻿between 50 and 60,﻿Sisters of Charity,,1839,,,﻿,﻿,﻿Philadelphia,Philadelphia
﻿phi.pa.9006,﻿school,﻿St. Mary's School,English,,,,,,﻿Pottsville,,﻿PA,,,,,,,﻿#REF!,,,,,,﻿teacher,﻿between 50 and 60,﻿Sisters of Charity,,1839,,,﻿,﻿,﻿Philadelphia,Philadelphia
﻿phi.pa.9006,﻿school,﻿St. Mary's School,English,,,,,,﻿Pottsville,,﻿PA,,,,,,,﻿#REF!,,,,,,﻿teacher,﻿between 50 and 60,﻿Sisters of Charity,,1839,,,﻿,﻿,﻿Philadelphia,Philadelphia
﻿phi.pa.9006,﻿school,﻿St. Mary's School,English,,,,,,﻿Pottsville,,﻿PA,,,,,,,﻿#REF!,,,,,,﻿teacher,﻿between 50 and 60,﻿Sisters of Charity,,1839,,,﻿,﻿,﻿Philadelphia,Philadelphia
﻿phi.pa.9006,﻿school,﻿St. Mary's School,English,,,,,,﻿Pottsville,,﻿PA,,,,,,,﻿#REF!,,,,,,﻿teacher,﻿between 50 and 60,﻿Sisters of Charity,,1839,,,﻿,﻿,﻿Philadelphia,Philadelphia
﻿phi.pa.9006,﻿school,﻿St. Mary's School,English,,,,,,﻿Pottsville,,﻿PA,,,,,,,﻿#REF!,,,,,,﻿teacher,﻿between 50 and 60,﻿Sisters of Charity,,1839,,,﻿,﻿,﻿Philadelphia,Philadelphia
﻿phi.pa.9006,﻿school,﻿St. Mary's School,English,,,,,,﻿Pottsville,,﻿PA,,,,,,,﻿#REF!,,,,,,﻿teacher,﻿between 50 and 60,﻿Sisters of Charity,,1839,,,﻿,﻿,﻿Philadelphia,Philadelphia
﻿phi.pa.9006,﻿school,﻿St. Mary's School,English,,,,,,﻿Pottsville,,﻿PA,,,,,,,﻿#REF!,,,,,,﻿teacher,﻿between 50 and 60,﻿Sisters of Charity,,1839,,,﻿,﻿,﻿Philadelphia,Philadelphia
﻿phi.pa.9006,﻿school,﻿St. Mary's School,English,,,,,,﻿Pottsville,,﻿PA,,,,,,,﻿#REF!,,,,,,﻿teacher,﻿between 50 and 60,﻿Sisters of Charity,,1839,,,﻿,﻿,﻿Philadelphia,Philadelphia
﻿phi.pa.9006,﻿school,﻿St. Mary's School,English,,,,,,﻿Pottsville,,﻿PA,,,,,,,﻿#REF!,,,,,,﻿teacher,﻿between 50 and 60,﻿Sisters of Charity,,1839,,,﻿,﻿,﻿Philadelphia,Philadelphia
﻿phi.pa.9006,﻿school,﻿St. Mary's School,English,,,,,,﻿Pottsville,,﻿PA,,,,,,,﻿#REF!,,,,,,﻿teacher,﻿between 50 and 60,﻿Sisters of Charity,,1839,,,﻿,﻿,﻿Philadelphia,Philadelphia
﻿phi.pa.9006,﻿school,﻿St. Mary's School,English,,,,,,﻿Pottsville,,﻿PA,,,,,,,﻿#REF!,,,,,,﻿teacher,﻿between 50 and 60,﻿Sisters of Charity,,1839,,,﻿,﻿,﻿Philadelphia,Philadelphia
﻿phi.pa.9006,﻿school,﻿St. Mary's School,English,,,,,,﻿Pottsville,,﻿PA,,,,,,,﻿#REF!,,,,,,﻿teacher,﻿between 50 and 60,﻿Sisters of Charity,,1839,,,﻿,﻿,﻿Philadelphia,Philadelphia
﻿phi.pa.9006,﻿school,﻿St. Mary's School,English,,,,,,﻿Pottsville,,﻿PA,,,,,,,﻿#REF!,,,,,,﻿teacher,﻿between 50 and 60,﻿Sisters of Charity,,1839,,,﻿,﻿,﻿Philadelphia,Philadelphia
﻿phi.pa.9006,﻿school,﻿St. Mary's School,English,,,,,,﻿Pottsville,,﻿PA,,,,,,,﻿#REF!,,,,,,﻿teacher,﻿between 50 and 60,﻿Sisters of Charity,,1839,,,﻿,﻿,﻿Philadelphia,Philadelphia
﻿phi.pa.9006,﻿school,﻿St. Mary's School,English,,,,,,﻿Pottsville,,﻿PA,,,,,,,﻿#REF!,,,,,,﻿teacher,﻿between 50 and 60,﻿Sisters of Charity,,1839,,,﻿,﻿,﻿Philadelphia,Philadelphia
﻿phi.pa.9006,﻿school,﻿St. Mary's School,English,,,,,,﻿Pottsville,,﻿PA,,,,,,,﻿#REF!,,,,,,﻿teacher,﻿between 50 and 60,﻿Sisters of Charity,,1839,,,﻿,﻿,﻿Philadelphia,Philadelphia
﻿phi.pa.9006,﻿school,﻿St. Mary's School,English,,,,,,﻿Pottsville,,﻿PA,,,,,,,﻿#REF!,,,,,,﻿teacher,﻿between 50 and 60,﻿Sisters of Charity,,1839,,,﻿,﻿,﻿Philadelphia,Philadelphia
﻿phi.pa.9006,﻿school,﻿St. Mary's School,English,,,,,,﻿Pottsville,,﻿PA,,,,,,,﻿#REF!,,,,,,﻿teacher,﻿between 50 and 60,﻿Sisters of Charity,,1839,,,﻿,﻿,﻿Philadelphia,Philadelphia
﻿phi.pa.9006,﻿school,﻿St. Mary's School,English,,,,,,﻿Pottsville,,﻿PA,,,,,,,﻿#REF!,,,,,,﻿teacher,﻿between 50 and 60,﻿Sisters of Charity,,1839,,,﻿,﻿,﻿Philadelphia,Philadelphia
﻿phi.pa.9006,﻿school,﻿St. Mary's School,English,,,,,,﻿Pottsville,,﻿PA,,,,,,,﻿#REF!,,,,,,﻿teacher,﻿between 50 and 60,﻿Sisters of Charity,,1839,,,﻿,﻿,﻿Philadelphia,Philadelphia
﻿phi.pa.9006,﻿school,﻿St. Mary's School,English,,,,,,﻿Pottsville,,﻿PA,,,,,,,﻿#REF!,,,,,,﻿teacher,﻿between 50 and 60,﻿Sisters of Charity,,1839,,,﻿,﻿,﻿Philadelphia,Philadelphia
﻿phi.pa.9006,﻿school,﻿St. Mary's School,English,,,,,,﻿Pottsville,,﻿PA,,,,,,,﻿#REF!,,,,,,﻿teacher,﻿between 50 and 60,﻿Sisters of Charity,,1839,,,﻿,﻿,﻿Philadelphia,Philadelphia
﻿phi.pa.9006,﻿school,﻿St. Mary's School,English,,,,,,﻿Pottsville,,﻿PA,,,,,,,﻿#REF!,,,,,,﻿teacher,﻿between 50 and 60,﻿Sisters of Charity,,1839,,,﻿,﻿,﻿Philadelphia,Philadelphia
﻿phi.pa.9006,﻿school,﻿St. Mary's School,English,,,,,,﻿Pottsville,,﻿PA,,,,,,,﻿#REF!,,,,,,﻿teacher,﻿between 50 and 60,﻿Sisters of Charity,,1839,,,﻿,﻿,﻿Philadelphia,Philadelphia
﻿phi.pa.9006,﻿school,﻿St. Mary's School,English,,,,,,﻿Pottsville,,﻿PA,,,,,,,﻿#REF!,,,,,,﻿teacher,﻿between 50 and 60,﻿Sisters of Charity,,1839,,,﻿,﻿,﻿Philadelphia,Philadelphia
﻿phi.pa.9006,﻿school,﻿St. Mary's School,English,,,,,,﻿Pottsville,,﻿PA,,,,,,,﻿#REF!,,,,,,﻿teacher,﻿between 50 and 60,﻿Sisters of Charity,,1839,,,﻿,﻿,﻿Philadelphia,Philadelphia
﻿phi.pa.9006,﻿school,﻿St. Mary's School,English,,,,,,﻿Pottsville,,﻿PA,,,,,,,﻿#REF!,,,,,,﻿teacher,﻿between 50 and 60,﻿Sisters of Charity,,1839,,,﻿,﻿,﻿Philadelphia,Philadelphia
﻿phi.pa.9006,﻿school,﻿St. Mary's School,English,,,,,,﻿Pottsville,,﻿PA,,,,,,,﻿#REF!,,,,,,﻿teacher,﻿between 50 and 60,﻿Sisters of Charity,,1839,,,﻿,﻿,﻿Philadelphia,Philadelphia
﻿phi.pa.9006,﻿school,﻿St. Mary's School,English,,,,,,﻿Pottsville,,﻿PA,,,,,,,﻿#REF!,,,,,,﻿teacher,﻿between 50 and 60,﻿Sisters of Charity,,1839,,,﻿,﻿,﻿Philadelphia,Philadelphia
﻿phi.pa.9006,﻿school,﻿St. Mary's School,English,,,,,,﻿Pottsville,,﻿PA,,,,,,,﻿#REF!,,,,,,﻿teacher,﻿between 50 and 60,﻿Sisters of Charity,,1839,,,﻿,﻿,﻿Philadelphia,Philadelphia
﻿phi.pa.9006,﻿school,﻿St. Mary's School,English,,,,,,﻿Pottsville,,﻿PA,,,,,,,﻿#REF!,,,,,,﻿teacher,﻿between 50 and 60,﻿Sisters of Charity,,1839,,,﻿,﻿,﻿Philadelphia,Philadelphia
﻿phi.pa.9006,﻿school,﻿St. Mary's School,English,,,,,,﻿Pottsville,,﻿PA,,,,,,,﻿#REF!,,,,,,﻿teacher,﻿between 50 and 60,﻿Sisters of Charity,,1839,,,﻿,﻿,﻿Philadelphia,Philadelphia
﻿phi.pa.9006,﻿school,﻿St. Mary's School,English,,,,,,﻿Pottsville,,﻿PA,,,,,,,﻿#REF!,,,,,,﻿teacher,﻿between 50 and 60,﻿Sisters of Charity,,1839,,,﻿,﻿,﻿Philadelphia,Philadelphia
﻿phi.pa.9006,﻿school,﻿St. Mary's School,English,,,,,,﻿Pottsville,,﻿PA,,,,,,,﻿#REF!,,,,,,﻿teacher,﻿between 50 and 60,﻿Sisters of Charity,,1839,,,﻿,﻿,﻿Philadelphia,Philadelphia
﻿phi.pa.9006,﻿school,﻿St. Mary's School,English,,,,,,﻿Pottsville,,﻿PA,,,,,,,﻿#REF!,,,,,,﻿teacher,﻿between 50 and 60,﻿Sisters of Charity,,1839,,,﻿,﻿,﻿Philadelphia,Philadelphia
﻿phi.pa.9006,﻿school,﻿St. Mary's School,English,,,,,,﻿Pottsville,,﻿PA,,,,,,,﻿#REF!,,,,,,﻿teacher,﻿between 50 and 60,﻿Sisters of Charity,,1839,,,﻿,﻿,﻿Philadelphia,Philadelphia
﻿phi.pa.9006,﻿school,﻿St. Mary's School,English,,,,,,﻿Pottsville,,﻿PA,,,,,,,﻿#REF!,,,,,,﻿teacher,﻿between 50 and 60,﻿Sisters of Charity,,1839,,,﻿,﻿,﻿Philadelphia,Philadelphia
﻿phi.pa.9006,﻿school,﻿St. Mary's School,English,,,,,,﻿Pottsville,,﻿PA,,,,,,,﻿#REF!,,,,,,﻿teacher,﻿between 50 and 60,﻿Sisters of Charity,,1839,,,﻿,﻿,﻿Philadelphia,Philadelphia
﻿phi.pa.9006,﻿school,﻿St. Mary's School,English,,,,,,﻿Pottsville,,﻿PA,,,,,,,﻿#REF!,,,,,,﻿teacher,﻿between 50 and 60,﻿Sisters of Charity,,1839,,,﻿,﻿,﻿Philadelphia,Philadelphia
﻿phi.pa.9006,﻿school,﻿St. Mary's School,English,,,,,,﻿Pottsville,,﻿PA,,,,,,,﻿#REF!,,,,,,﻿teacher,﻿between 50 and 60,﻿Sisters of Charity,,1839,,,﻿,﻿,﻿Philadelphia,Philadelphia
﻿phi.pa.9006,﻿school,﻿St. Mary's School,English,,,,,,﻿Pottsville,,﻿PA,,,,,,,﻿#REF!,,,,,,﻿teacher,﻿between 50 and 60,﻿Sisters of Charity,,1839,,,﻿,﻿,﻿Philadelphia,Philadelphia
﻿phi.pa.9006,﻿school,﻿St. Mary's School,English,,,,,,﻿Pottsville,,﻿PA,,,,,,,﻿#REF!,,,,,,﻿teacher,﻿between 50 and 60,﻿Sisters of Charity,,1839,,,﻿,﻿,﻿Philadelphia,Philadelphia
﻿phi.pa.9006,﻿school,﻿St. Mary's School,English,,,,,,﻿Pottsville,,﻿PA,,,,,,,﻿#REF!,,,,,,﻿teacher,﻿between 50 and 60,﻿Sisters of Charity,,1839,,,﻿,﻿,﻿Philadelphia,Philadelphia
﻿phi.pa.9006,﻿school,﻿St. Mary's School,English,,,,,,﻿Pottsville,,﻿PA,,,,,,,﻿#REF!,,,,,,﻿teacher,﻿between 50 and 60,﻿Sisters of Charity,,1839,,,﻿,﻿,﻿Philadelphia,Philadelphia
﻿phi.pa.9006,﻿school,﻿St. Mary's School,English,,,,,,﻿Pottsville,,﻿PA,,,,,,,﻿#REF!,,,,,,﻿teacher,﻿between 50 and 60,﻿Sisters of Charity,,1839,,,﻿,﻿,﻿Philadelphia,Philadelphia
﻿phi.pa.9006,﻿school,﻿St. Mary's School,English,,,,,,﻿Pottsville,,﻿PA,,,,,,,﻿#REF!,,,,,,﻿teacher,﻿between 50 and 60,﻿Sisters of Charity,,1839,,,﻿,﻿,﻿Philadelphia,Philadelphia
﻿phi.pa.9006,﻿school,﻿St. Mary's School,English,,,,,,﻿Pottsville,,﻿PA,,,,,,,﻿#REF!,,,,,,﻿teacher,﻿between 50 and 60,﻿Sisters of Charity,,1839,,,﻿,﻿,﻿Philadelphia,Philadelphia
﻿phi.pa.9006,﻿school,﻿St. Mary's School,English,,,,,,﻿Pottsville,,﻿PA,,,,,,,﻿#REF!,,,,,,﻿teacher,﻿between 50 and 60,﻿Sisters of Charity,,1839,,,﻿,﻿,﻿Philadelphia,Philadelphia
﻿phi.pa.9006,﻿school,﻿St. Mary's School,English,,,,,,﻿Pottsville,,﻿PA,,,,,,,﻿#REF!,,,,,,﻿teacher,﻿between 50 and 60,﻿Sisters of Charity,,1839,,,﻿,﻿,﻿Philadelphia,Philadelphia
﻿phi.pa.9006,﻿school,﻿St. Mary's School,English,,,,,,﻿Pottsville,,﻿PA,,,,,,,﻿#REF!,,,,,,﻿teacher,﻿between 50 and 60,﻿Sisters of Charity,,1839,,,﻿,﻿,﻿Philadelphia,Philadelphia
﻿phi.pa.9006,﻿school,﻿St. Mary's School,English,,,,,,﻿Pottsville,,﻿PA,,,,,,,﻿#REF!,,,,,,﻿teacher,﻿between 50 and 60,﻿Sisters of Charity,,1839,,,﻿,﻿,﻿Philadelphia,Philadelphia
﻿phi.pa.9006,﻿school,﻿St. Mary's School,English,,,,,,﻿Pottsville,,﻿PA,,,,,,,﻿#REF!,,,,,,﻿teacher,﻿between 50 and 60,﻿Sisters of Charity,,1839,,,﻿,﻿,﻿Philadelphia,Philadelphia
﻿phi.pa.9006,﻿school,﻿St. Mary's School,English,,,,,,﻿Pottsville,,﻿PA,,,,,,,﻿#REF!,,,,,,﻿teacher,﻿between 50 and 60,﻿Sisters of Charity,,1839,,,﻿,﻿,﻿Philadelphia,Philadelphia
﻿phi.pa.9006,﻿school,﻿St. Mary's School,English,,,,,,﻿Pottsville,,﻿PA,,,,,,,﻿#REF!,,,,,,﻿teacher,﻿between 50 and 60,﻿Sisters of Charity,,1839,,,﻿,﻿,﻿Philadelphia,Philadelphia
﻿phi.pa.9006,﻿school,﻿St. Mary's School,English,,,,,,﻿Pottsville,,﻿PA,,,,,,,﻿#REF!,,,,,,﻿teacher,﻿between 50 and 60,﻿Sisters of Charity,,1839,,,﻿,﻿,﻿Philadelphia,Philadelphia
﻿phi.pa.9006,﻿school,﻿St. Mary's School,English,,,,,,﻿Pottsville,,﻿PA,,,,,,,﻿#REF!,,,,,,﻿teacher,﻿between 50 and 60,﻿Sisters of Charity,,1839,,,﻿,﻿,﻿Philadelphia,Philadelphia
﻿phi.pa.9006,﻿school,﻿St. Mary's School,English,,,,,,﻿Pottsville,,﻿PA,,,,,,,﻿#REF!,,,,,,﻿teacher,﻿between 50 and 60,﻿Sisters of Charity,,1839,,,﻿,﻿,﻿Philadelphia,Philadelphia
﻿phi.pa.9006,﻿school,﻿St. Mary's School,English,,,,,,﻿Pottsville,,﻿PA,,,,,,,﻿#REF!,,,,,,﻿teacher,﻿between 50 and 60,﻿Sisters of Charity,,1839,,,﻿,﻿,﻿Philadelphia,Philadelphia
﻿phi.pa.9006,﻿school,﻿St. Mary's School,English,,,,,,﻿Pottsville,,﻿PA,,,,,,,﻿#REF!,,,,,,﻿teacher,﻿between 50 and 60,﻿Sisters of Charity,,1839,,,﻿,﻿,﻿Philadelphia,Philadelphia
﻿phi.pa.9006,﻿school,﻿St. Mary's School,English,,,,,,﻿Pottsville,,﻿PA,,,,,,,﻿#REF!,,,,,,﻿teacher,﻿between 50 and 60,﻿Sisters of Charity,,1839,,,﻿,﻿,﻿Philadelphia,Philadelphia
﻿phi.pa.9006,﻿school,﻿St. Mary's School,English,,,,,,﻿Pottsville,,﻿PA,,,,,,,﻿#REF!,,,,,,﻿teacher,﻿between 50 and 60,﻿Sisters of Charity,,1839,,,﻿,﻿,﻿Philadelphia,Philadelphia
﻿phi.pa.9006,﻿school,﻿St. Mary's School,English,,,,,,﻿Pottsville,,﻿PA,,,,,,,﻿#REF!,,,,,,﻿teacher,﻿between 50 and 60,﻿Sisters of Charity,,1839,,,﻿,﻿,﻿Philadelphia,Philadelphia
﻿phi.pa.9006,﻿school,﻿St. Mary's School,English,,,,,,﻿Pottsville,,﻿PA,,,,,,,﻿#REF!,,,,,,﻿teacher,﻿between 50 and 60,﻿Sisters of Charity,,1839,,,﻿,﻿,﻿Philadelphia,Philadelphia
﻿phi.pa.9006,﻿school,﻿St. Mary's School,English,,,,,,﻿Pottsville,,﻿PA,,,,,,,﻿#REF!,,,,,,﻿teacher,﻿between 50 and 60,﻿Sisters of Charity,,1839,,,﻿,﻿,﻿Philadelphia,Philadelphia
﻿phi.pa.9006,﻿school,﻿St. Mary's School,English,,,,,,﻿Pottsville,,﻿PA,,,,,,,﻿#REF!,,,,,,﻿teacher,﻿between 50 and 60,﻿Sisters of Charity,,1839,,,﻿,﻿,﻿Philadelphia,Philadelphia
﻿phi.pa.9006,﻿school,﻿St. Mary's School,English,,,,,,﻿Pottsville,,﻿PA,,,,,,,﻿#REF!,,,,,,﻿teacher,﻿between 50 and 60,﻿Sisters of Charity,,1839,,,﻿,﻿,﻿Philadelphia,Philadelphia
﻿phi.pa.9006,﻿school,﻿St. Mary's School,English,,,,,,﻿Pottsville,,﻿PA,,,,,,,﻿#REF!,,,,,,﻿teacher,﻿between 50 and 60,﻿Sisters of Charity,,1839,,,﻿,﻿,﻿Philadelphia,Philadelphia
﻿phi.pa.9006,﻿school,﻿St. Mary's School,English,,,,,,﻿Pottsville,,﻿PA,,,,,,,﻿#REF!,,,,,,﻿teacher,﻿between 50 and 60,﻿Sisters of Charity,,1839,,,﻿,﻿,﻿Philadelphia,Philadelphia
﻿phi.pa.9006,﻿school,﻿St. Mary's School,English,,,,,,﻿Pottsville,,﻿PA,,,,,,,﻿#REF!,,,,,,﻿teacher,﻿between 50 and 60,﻿Sisters of Charity,,1839,,,﻿,﻿,﻿Philadelphia,Philadelphia
﻿phi.pa.9006,﻿school,﻿St. Mary's School,English,,,,,,﻿Pottsville,,﻿PA,,,,,,,﻿#REF!,,,,,,﻿teacher,﻿between 50 and 60,﻿Sisters of Charity,,1839,,,﻿,﻿,﻿Philadelphia,Philadelphia
﻿phi.pa.9006,﻿school,﻿St. Mary's School,English,,,,,,﻿Pottsville,,﻿PA,,,,,,,﻿#REF!,,,,,,﻿teacher,﻿between 50 and 60,﻿Sisters of Charity,,1839,,,﻿,﻿,﻿Philadelphia,Philadelphia
﻿phi.pa.9006,﻿school,﻿St. Mary's School,English,,,,,,﻿Pottsville,,﻿PA,,,,,,,﻿#REF!,,,,,,﻿teacher,﻿between 50 and 60,﻿Sisters of Charity,,1839,,,﻿,﻿,﻿Philadelphia,Philadelphia
﻿phi.pa.9006,﻿school,﻿St. Mary's School,English,,,,,,﻿Pottsville,,﻿PA,,,,,,,﻿#REF!,,,,,,﻿teacher,﻿between 50 and 60,﻿Sisters of Charity,,1839,,,﻿,﻿,﻿Philadelphia,Philadelphia
﻿phi.pa.9006,﻿school,﻿St. Mary's School,English,,,,,,﻿Pottsville,,﻿PA,,,,,,,﻿#REF!,,,,,,﻿teacher,﻿between 50 and 60,﻿Sisters of Charity,,1839,,,﻿,﻿,﻿Philadelphia,Philadelphia
﻿phi.pa.9006,﻿school,﻿St. Mary's School,English,,,,,,﻿Pottsville,,﻿PA,,,,,,,﻿#REF!,,,,,,﻿teacher,﻿between 50 and 60,﻿Sisters of Charity,,1839,,,﻿,﻿,﻿Philadelphia,Philadelphia
﻿phi.pa.9006,﻿school,﻿St. Mary's School,English,,,,,,﻿Pottsville,,﻿PA,,,,,,,﻿#REF!,,,,,,﻿teacher,﻿between 50 and 60,﻿Sisters of Charity,,1839,,,﻿,﻿,﻿Philadelphia,Philadelphia
﻿phi.pa.9006,﻿school,﻿St. Mary's School,English,,,,,,﻿Pottsville,,﻿PA,,,,,,,﻿#REF!,,,,,,﻿teacher,﻿between 50 and 60,﻿Sisters of Charity,,1839,,,﻿,﻿,﻿Philadelphia,Philadelphia
﻿phi.pa.9006,﻿school,﻿St. Mary's School,English,,,,,,﻿Pottsville,,﻿PA,,,,,,,﻿#REF!,,,,,,﻿teacher,﻿between 50 and 60,﻿Sisters of Charity,,1839,,,﻿,﻿,﻿Philadelphia,Philadelphia
﻿phi.pa.9006,﻿school,﻿St. Mary's School,English,,,,,,﻿Pottsville,,﻿PA,,,,,,,﻿#REF!,,,,,,﻿teacher,﻿between 50 and 60,﻿Sisters of Charity,,1839,,,﻿,﻿,﻿Philadelphia,Philadelphia
﻿phi.pa.9006,﻿school,﻿St. Mary's School,English,,,,,,﻿Pottsville,,﻿PA,,,,,,,﻿#REF!,,,,,,﻿teacher,﻿between 50 and 60,﻿Sisters of Charity,,1839,,,﻿,﻿,﻿Philadelphia,Philadelphia
﻿phi.pa.9006,﻿school,﻿St. Mary's School,English,,,,,,﻿Pottsville,,﻿PA,,,,,,,﻿#REF!,,,,,,﻿teacher,﻿between 50 and 60,﻿Sisters of Charity,,1839,,,﻿,﻿,﻿Philadelphia,Philadelphia
﻿phi.pa.9006,﻿school,﻿St. Mary's School,English,,,,,,﻿Pottsville,,﻿PA,,,,,,,﻿#REF!,,,,,,﻿teacher,﻿between 50 and 60,﻿Sisters of Charity,,1839,,,﻿,﻿,﻿Philadelphia,Philadelphia
﻿phi.pa.9006,﻿school,﻿St. Mary's School,English,,,,,,﻿Pottsville,,﻿PA,,,,,,,﻿#REF!,,,,,,﻿teacher,﻿between 50 and 60,﻿Sisters of Charity,,1839,,,﻿,﻿,﻿Philadelphia,Philadelphia
﻿phi.pa.9006,﻿school,﻿St. Mary's School,English,,,,,,﻿Pottsville,,﻿PA,,,,,,,﻿#REF!,,,,,,﻿teacher,﻿between 50 and 60,﻿Sisters of Charity,,1839,,,﻿,﻿,﻿Philadelphia,Philadelphia
﻿phi.pa.9006,﻿school,﻿St. Mary's School,English,,,,,,﻿Pottsville,,﻿PA,,,,,,,﻿#REF!,,,,,,﻿teacher,﻿between 50 and 60,﻿Sisters of Charity,,1839,,,﻿,﻿,﻿Philadelphia,Philadelphia
﻿phi.pa.9006,﻿school,﻿St. Mary's School,English,,,,,,﻿Pottsville,,﻿PA,,,,,,,﻿#REF!,,,,,,﻿teacher,﻿between 50 and 60,﻿Sisters of Charity,,1839,,,﻿,﻿,﻿Philadelphia,Philadelphia
﻿phi.pa.9006,﻿school,﻿St. Mary's School,English,,,,,,﻿Pottsville,,﻿PA,,,,,,,﻿#REF!,,,,,,﻿teacher,﻿between 50 and 60,﻿Sisters of Charity,,1839,,,﻿,﻿,﻿Philadelphia,Philadelphia
﻿phi.pa.9006,﻿school,﻿St. Mary's School,English,,,,,,﻿Pottsville,,﻿PA,,,,,,,﻿#REF!,,,,,,﻿teacher,﻿between 50 and 60,﻿Sisters of Charity,,1839,,,﻿,﻿,﻿Philadelphia,Philadelphia
﻿phi.pa.9006,﻿school,﻿St. Mary's School,English,,,,,,﻿Pottsville,,﻿PA,,,,,,,﻿#REF!,,,,,,﻿teacher,﻿between 50 and 60,﻿Sisters of Charity,,1839,,,﻿,﻿,﻿Philadelphia,Philadelphia
﻿phi.pa.9006,﻿school,﻿St. Mary's School,English,,,,,,﻿Pottsville,,﻿PA,,,,,,,﻿#REF!,,,,,,﻿teacher,﻿between 50 and 60,﻿Sisters of Charity,,1839,,,﻿,﻿,﻿Philadelphia,Philadelphia
﻿phi.pa.9006,﻿school,﻿St. Mary's School,English,,,,,,﻿Pottsville,,﻿PA,,,,,,,﻿#REF!,,,,,,﻿teacher,﻿between 50 and 60,﻿Sisters of Charity,,1839,,,﻿,﻿,﻿Philadelphia,Philadelphia
﻿phi.pa.9006,﻿school,﻿St. Mary's School,English,,,,,,﻿Pottsville,,﻿PA,,,,,,,﻿#REF!,,,,,,﻿teacher,﻿between 50 and 60,﻿Sisters of Charity,,1839,,,﻿,﻿,﻿Philadelphia,Philadelphia
﻿phi.pa.9006,﻿school,﻿St. Mary's School,English,,,,,,﻿Pottsville,,﻿PA,,,,,,,﻿#REF!,,,,,,﻿teacher,﻿between 50 and 60,﻿Sisters of Charity,,1839,,,﻿,﻿,﻿Philadelphia,Philadelphia
﻿phi.pa.9006,﻿school,﻿St. Mary's School,English,,,,,,﻿Pottsville,,﻿PA,,,,,,,﻿#REF!,,,,,,﻿teacher,﻿between 50 and 60,﻿Sisters of Charity,,1839,,,﻿,﻿,﻿Philadelphia,Philadelphia
﻿phi.pa.9006,﻿school,﻿St. Mary's School,English,,,,,,﻿Pottsville,,﻿PA,,,,,,,﻿#REF!,,,,,,﻿teacher,﻿between 50 and 60,﻿Sisters of Charity,,1839,,,﻿,﻿,﻿Philadelphia,Philadelphia
﻿phi.pa.9006,﻿school,﻿St. Mary's School,English,,,,,,﻿Pottsville,,﻿PA,,,,,,,﻿#REF!,,,,,,﻿teacher,﻿between 50 and 60,﻿Sisters of Charity,,1839,,,﻿,﻿,﻿Philadelphia,Philadelphia
﻿phi.pa.9006,﻿school,﻿St. Mary's School,English,,,,,,﻿Pottsville,,﻿PA,,,,,,,﻿#REF!,,,,,,﻿teacher,﻿between 50 and 60,﻿Sisters of Charity,,1839,,,﻿,﻿,﻿Philadelphia,Philadelphia
﻿phi.pa.9006,﻿school,﻿St. Mary's School,English,,,,,,﻿Pottsville,,﻿PA,,,,,,,﻿#REF!,,,,,,﻿teacher,﻿between 50 and 60,﻿Sisters of Charity,,1839,,,﻿,﻿,﻿Philadelphia,Philadelphia
﻿phi.pa.9006,﻿school,﻿St. Mary's School,English,,,,,,﻿Pottsville,,﻿PA,,,,,,,﻿#REF!,,,,,,﻿teacher,﻿between 50 and 60,﻿Sisters of Charity,,1839,,,﻿,﻿,﻿Philadelphia,Philadelphia
﻿phi.pa.9006,﻿school,﻿St. Mary's School,English,,,,,,﻿Pottsville,,﻿PA,,,,,,,﻿#REF!,,,,,,﻿teacher,﻿between 50 and 60,﻿Sisters of Charity,,1839,,,﻿,﻿,﻿Philadelphia,Philadelphia
﻿phi.pa.9006,﻿school,﻿St. Mary's School,English,,,,,,﻿Pottsville,,﻿PA,,,,,,,﻿#REF!,,,,,,﻿teacher,﻿between 50 and 60,﻿Sisters of Charity,,1839,,,﻿,﻿,﻿Philadelphia,Philadelphia
﻿phi.pa.9006,﻿school,﻿St. Mary's School,English,,,,,,﻿Pottsville,,﻿PA,,,,,,,﻿#REF!,,,,,,﻿teacher,﻿between 50 and 60,﻿Sisters of Charity,,1839,,,﻿,﻿,﻿Philadelphia,Philadelphia
﻿phi.pa.9006,﻿school,﻿St. Mary's School,English,,,,,,﻿Pottsville,,﻿PA,,,,,,,﻿#REF!,,,,,,﻿teacher,﻿between 50 and 60,﻿Sisters of Charity,,1839,,,﻿,﻿,﻿Philadelphia,Philadelphia
﻿phi.pa.9006,﻿school,﻿St. Mary's School,English,,,,,,﻿Pottsville,,﻿PA,,,,,,,﻿#REF!,,,,,,﻿teacher,﻿between 50 and 60,﻿Sisters of Charity,,1839,,,﻿,﻿,﻿Philadelphia,Philadelphia
﻿phi.pa.9006,﻿school,﻿St. Mary's School,English,,,,,,﻿Pottsville,,﻿PA,,,,,,,﻿#REF!,,,,,,﻿teacher,﻿between 50 and 60,﻿Sisters of Charity,,1839,,,﻿,﻿,﻿Philadelphia,Philadelphia
﻿phi.pa.9006,﻿school,﻿St. Mary's School,English,,,,,,﻿Pottsville,,﻿PA,,,,,,,﻿#REF!,,,,,,﻿teacher,﻿between 50 and 60,﻿Sisters of Charity,,1839,,,﻿,﻿,﻿Philadelphia,Philadelphia
﻿phi.pa.9006,﻿school,﻿St. Mary's School,English,,,,,,﻿Pottsville,,﻿PA,,,,,,,﻿#REF!,,,,,,﻿teacher,﻿between 50 and 60,﻿Sisters of Charity,,1839,,,﻿,﻿,﻿Philadelphia,Philadelphia
﻿phi.pa.9006,﻿school,﻿St. Mary's School,English,,,,,,﻿Pottsville,,﻿PA,,,,,,,﻿#REF!,,,,,,﻿teacher,﻿between 50 and 60,﻿Sisters of Charity,,1839,,,﻿,﻿,﻿Philadelphia,Philadelphia
﻿phi.pa.9006,﻿school,﻿St. Mary's School,English,,,,,,﻿Pottsville,,﻿PA,,,,,,,﻿#REF!,,,,,,﻿teacher,﻿between 50 and 60,﻿Sisters of Charity,,1839,,,﻿,﻿,﻿Philadelphia,Philadelphia
﻿phi.pa.9006,﻿school,﻿St. Mary's School,English,,,,,,﻿Pottsville,,﻿PA,,,,,,,﻿#REF!,,,,,,﻿teacher,﻿between 50 and 60,﻿Sisters of Charity,,1839,,,﻿,﻿,﻿Philadelphia,Philadelphia
﻿phi.pa.9006,﻿school,﻿St. Mary's School,English,,,,,,﻿Pottsville,,﻿PA,,,,,,,﻿#REF!,,,,,,﻿teacher,﻿between 50 and 60,﻿Sisters of Charity,,1839,,,﻿,﻿,﻿Philadelphia,Philadelphia
﻿phi.pa.9006,﻿school,﻿St. Mary's School,English,,,,,,﻿Pottsville,,﻿PA,,,,,,,﻿#REF!,,,,,,﻿teacher,﻿between 50 and 60,﻿Sisters of Charity,,1839,,,﻿,﻿,﻿Philadelphia,Philadelphia
﻿phi.pa.9006,﻿school,﻿St. Mary's School,English,,,,,,﻿Pottsville,,﻿PA,,,,,,,﻿#REF!,,,,,,﻿teacher,﻿between 50 and 60,﻿Sisters of Charity,,1839,,,﻿,﻿,﻿Philadelphia,Philadelphia
﻿phi.pa.9006,﻿school,﻿St. Mary's School,English,,,,,,﻿Pottsville,,﻿PA,,,,,,,﻿#REF!,,,,,,﻿teacher,﻿between 50 and 60,﻿Sisters of Charity,,1839,,,﻿,﻿,﻿Philadelphia,Philadelphia
﻿phi.pa.9006,﻿school,﻿St. Mary's School,English,,,,,,﻿Pottsville,,﻿PA,,,,,,,﻿#REF!,,,,,,﻿teacher,﻿between 50 and 60,﻿Sisters of Charity,,1839,,,﻿,﻿,﻿Philadelphia,Philadelphia
﻿phi.pa.9006,﻿school,﻿St. Mary's School,English,,,,,,﻿Pottsville,,﻿PA,,,,,,,﻿#REF!,,,,,,﻿teacher,﻿between 50 and 60,﻿Sisters of Charity,,1839,,,﻿,﻿,﻿Philadelphia,Philadelphia
﻿phi.pa.9006,﻿school,﻿St. Mary's School,English,,,,,,﻿Pottsville,,﻿PA,,,,,,,﻿#REF!,,,,,,﻿teacher,﻿between 50 and 60,﻿Sisters of Charity,,1839,,,﻿,﻿,﻿Philadelphia,Philadelphia
﻿phi.pa.9006,﻿school,﻿St. Mary's School,English,,,,,,﻿Pottsville,,﻿PA,,,,,,,﻿#REF!,,,,,,﻿teacher,﻿between 50 and 60,﻿Sisters of Charity,,1839,,,﻿,﻿,﻿Philadelphia,Philadelphia
﻿phi.pa.9006,﻿school,﻿St. Mary's School,English,,,,,,﻿Pottsville,,﻿PA,,,,,,,﻿#REF!,,,,,,﻿teacher,﻿between 50 and 60,﻿Sisters of Charity,,1839,,,﻿,﻿,﻿Philadelphia,Philadelphia
﻿phi.pa.9006,﻿school,﻿St. Mary's School,English,,,,,,﻿Pottsville,,﻿PA,,,,,,,﻿#REF!,,,,,,﻿teacher,﻿between 50 and 60,﻿Sisters of Charity,,1839,,,﻿,﻿,﻿Philadelphia,Philadelphia
﻿phi.pa.9006,﻿school,﻿St. Mary's School,English,,,,,,﻿Pottsville,,﻿PA,,,,,,,﻿#REF!,,,,,,﻿teacher,﻿between 50 and 60,﻿Sisters of Charity,,1839,,,﻿,﻿,﻿Philadelphia,Philadelphia
﻿phi.pa.9006,﻿school,﻿St. Mary's School,English,,,,,,﻿Pottsville,,﻿PA,,,,,,,﻿#REF!,,,,,,﻿teacher,﻿between 50 and 60,﻿Sisters of Charity,,1839,,,﻿,﻿,﻿Philadelphia,Philadelphia
﻿phi.pa.9006,﻿school,﻿St. Mary's School,English,,,,,,﻿Pottsville,,﻿PA,,,,,,,﻿#REF!,,,,,,﻿teacher,﻿between 50 and 60,﻿Sisters of Charity,,1839,,,﻿,﻿,﻿Philadelphia,Philadelphia
﻿phi.pa.9006,﻿school,﻿St. Mary's School,English,,,,,,﻿Pottsville,,﻿PA,,,,,,,﻿#REF!,,,,,,﻿teacher,﻿between 50 and 60,﻿Sisters of Charity,,1839,,,﻿,﻿,﻿Philadelphia,Philadelphia
﻿phi.pa.9006,﻿school,﻿St. Mary's School,English,,,,,,﻿Pottsville,,﻿PA,,,,,,,﻿#REF!,,,,,,﻿teacher,﻿between 50 and 60,﻿Sisters of Charity,,1839,,,﻿,﻿,﻿Philadelphia,Philadelphia
﻿phi.pa.9006,﻿school,﻿St. Mary's School,English,,,,,,﻿Pottsville,,﻿PA,,,,,,,﻿#REF!,,,,,,﻿teacher,﻿between 50 and 60,﻿Sisters of Charity,,1839,,,﻿,﻿,﻿Philadelphia,Philadelphia
﻿phi.pa.9006,﻿school,﻿St. Mary's School,English,,,,,,﻿Pottsville,,﻿PA,,,,,,,﻿#REF!,,,,,,﻿teacher,﻿between 50 and 60,﻿Sisters of Charity,,1839,,,﻿,﻿,﻿Philadelphia,Philadelphia
﻿phi.pa.9006,﻿school,﻿St. Mary's School,English,,,,,,﻿Pottsville,,﻿PA,,,,,,,﻿#REF!,,,,,,﻿teacher,﻿between 50 and 60,﻿Sisters of Charity,,1839,,,﻿,﻿,﻿Philadelphia,Philadelphia
﻿phi.pa.9006,﻿school,﻿St. Mary's School,English,,,,,,﻿Pottsville,,﻿PA,,,,,,,﻿#REF!,,,,,,﻿teacher,﻿between 50 and 60,﻿Sisters of Charity,,1839,,,﻿,﻿,﻿Philadelphia,Philadelphia
﻿phi.pa.9006,﻿school,﻿St. Mary's School,English,,,,,,﻿Pottsville,,﻿PA,,,,,,,﻿#REF!,,,,,,﻿teacher,﻿between 50 and 60,﻿Sisters of Charity,,1839,,,﻿,﻿,﻿Philadelphia,Philadelphia
﻿phi.pa.9006,﻿school,﻿St. Mary's School,English,,,,,,﻿Pottsville,,﻿PA,,,,,,,﻿#REF!,,,,,,﻿teacher,﻿between 50 and 60,﻿Sisters of Charity,,1839,,,﻿,﻿,﻿Philadelphia,Philadelphia
﻿phi.pa.9006,﻿school,﻿St. Mary's School,English,,,,,,﻿Pottsville,,﻿PA,,,,,,,﻿#REF!,,,,,,﻿teacher,﻿between 50 and 60,﻿Sisters of Charity,,1839,,,﻿,﻿,﻿Philadelphia,Philadelphia
﻿phi.pa.9006,﻿school,﻿St. Mary's School,English,,,,,,﻿Pottsville,,﻿PA,,,,,,,﻿#REF!,,,,,,﻿teacher,﻿between 50 and 60,﻿Sisters of Charity,,1839,,,﻿,﻿,﻿Philadelphia,Philadelphia
﻿phi.pa.9006,﻿school,﻿St. Mary's School,English,,,,,,﻿Pottsville,,﻿PA,,,,,,,﻿#REF!,,,,,,﻿teacher,﻿between 50 and 60,﻿Sisters of Charity,,1839,,,﻿,﻿,﻿Philadelphia,Philadelphia
﻿phi.pa.9006,﻿school,﻿St. Mary's School,English,,,,,,﻿Pottsville,,﻿PA,,,,,,,﻿#REF!,,,,,,﻿teacher,﻿between 50 and 60,﻿Sisters of Charity,,1839,,,﻿,﻿,﻿Philadelphia,Philadelphia
﻿phi.pa.9006,﻿school,﻿St. Mary's School,English,,,,,,﻿Pottsville,,﻿PA,,,,,,,﻿#REF!,,,,,,﻿teacher,﻿between 50 and 60,﻿Sisters of Charity,,1839,,,﻿,﻿,﻿Philadelphia,Philadelphia
﻿phi.pa.9006,﻿school,﻿St. Mary's School,English,,,,,,﻿Pottsville,,﻿PA,,,,,,,﻿#REF!,,,,,,﻿teacher,﻿between 50 and 60,﻿Sisters of Charity,,1839,,,﻿,﻿,﻿Philadelphia,Philadelphia
﻿phi.pa.9006,﻿school,﻿St. Mary's School,English,,,,,,﻿Pottsville,,﻿PA,,,,,,,﻿#REF!,,,,,,﻿teacher,﻿between 50 and 60,﻿Sisters of Charity,,1839,,,﻿,﻿,﻿Philadelphia,Philadelphia
﻿phi.pa.9006,﻿school,﻿St. Mary's School,English,,,,,,﻿Pottsville,,﻿PA,,,,,,,﻿#REF!,,,,,,﻿teacher,﻿between 50 and 60,﻿Sisters of Charity,,1839,,,﻿,﻿,﻿Philadelphia,Philadelphia
﻿phi.pa.9006,﻿school,﻿St. Mary's School,English,,,,,,﻿Pottsville,,﻿PA,,,,,,,﻿#REF!,,,,,,﻿teacher,﻿between 50 and 60,﻿Sisters of Charity,,1839,,,﻿,﻿,﻿Philadelphia,Philadelphia
﻿phi.pa.9006,﻿school,﻿St. Mary's School,English,,,,,,﻿Pottsville,,﻿PA,,,,,,,﻿#REF!,,,,,,﻿teacher,﻿between 50 and 60,﻿Sisters of Charity,,1839,,,﻿,﻿,﻿Philadelphia,Philadelphia
﻿phi.pa.9006,﻿school,﻿St. Mary's School,English,,,,,,﻿Pottsville,,﻿PA,,,,,,,﻿#REF!,,,,,,﻿teacher,﻿between 50 and 60,﻿Sisters of Charity,,1839,,,﻿,﻿,﻿Philadelphia,Philadelphia
﻿phi.pa.9006,﻿school,﻿St. Mary's School,English,,,,,,﻿Pottsville,,﻿PA,,,,,,,﻿#REF!,,,,,,﻿teacher,﻿between 50 and 60,﻿Sisters of Charity,,1839,,,﻿,﻿,﻿Philadelphia,Philadelphia
﻿phi.pa.9006,﻿school,﻿St. Mary's School,English,,,,,,﻿Pottsville,,﻿PA,,,,,,,﻿#REF!,,,,,,﻿teacher,﻿between 50 and 60,﻿Sisters of Charity,,1839,,,﻿,﻿,﻿Philadelphia,Philadelphia
﻿phi.pa.9006,﻿school,﻿St. Mary's School,English,,,,,,﻿Pottsville,,﻿PA,,,,,,,﻿#REF!,,,,,,﻿teacher,﻿between 50 and 60,﻿Sisters of Charity,,1839,,,﻿,﻿,﻿Philadelphia,Philadelphia
﻿phi.pa.9006,﻿school,﻿St. Mary's School,English,,,,,,﻿Pottsville,,﻿PA,,,,,,,﻿#REF!,,,,,,﻿teacher,﻿between 50 and 60,﻿Sisters of Charity,,1839,,,﻿,﻿,﻿Philadelphia,Philadelphia
