instID,church_type,instName,language,instNote,placeName,region,county_orig,county_reg,city_orig,city_reg,state_orig,state_reg,latitude,longitude,attendingInstID,attendingChurch,attendingChurchFrequency,persID,persTitle,persName,persSuffix,persRole,persNote,memberType,member,affiliated,order,year,attendingPersID,attendingChurchNote,diocese,diocese_reg
﻿phi.pa.0001,﻿cathedral,﻿Cathedral of St. Peter and St. Paul,English,﻿near completion,﻿Eighteenth street opposite Logan Square,,,,﻿Philadelphia,﻿Philadelphia,﻿PA,,39.959049,-75.17614,,,,,,,,,,,,,,1864,﻿,﻿,﻿Philadelphia,Philadelphia
﻿phi.pa.0001_02,﻿chapel,﻿Cathedral Chapel,English,,,,,,﻿Philadelphia,﻿Philadelphia,﻿PA,,39.959049,-75.17614,,,,﻿jam_f_wood_001,﻿Rt. Rev.,﻿James Frederick Wood,﻿D.D.,,,,,,,1864,﻿,﻿,﻿Philadelphia,Philadelphia
﻿phi.pa.0001_02,﻿chapel,﻿Cathedral Chapel,English,,,,,,﻿Philadelphia,﻿Philadelphia,﻿PA,,39.959049,-75.17614,,,,﻿aug_j_mcconomy_001,﻿Rev.,﻿Augustin J. McConomy,,﻿Chancellor and Secretary,,,,,,1864,﻿,﻿,﻿Philadelphia,Philadelphia
﻿phi.pa.0001_02,﻿chapel,﻿Cathedral Chapel,English,,,,,,﻿Philadelphia,﻿Philadelphia,﻿PA,,39.959049,-75.17614,,,,﻿jam_oreilly_002,﻿Rev.,﻿James O'Reilly,,,,,,,,1864,﻿,﻿,﻿Philadelphia,Philadelphia
﻿phi.pa.0001_02,﻿chapel,﻿Cathedral Chapel,English,,,,,,﻿Philadelphia,﻿Philadelphia,﻿PA,,39.959049,-75.17614,,,,﻿jam_a_brehony_001,﻿Rev.,﻿James A. Brehony,,,,,,,,1864,﻿,﻿,﻿Philadelphia,Philadelphia
﻿phi.pa.0001_02,﻿chapel,﻿Cathedral Chapel,English,,,,,,﻿Philadelphia,﻿Philadelphia,﻿PA,,39.959049,-75.17614,,,,﻿joh_j_mcilvaine_001,﻿Rev.,﻿John McIlvaine,,,,,,,,1864,﻿,﻿,﻿Philadelphia,Philadelphia
﻿phi.pa.0004,﻿church,﻿St. John the Evangelist,English,,"﻿(thirteenth street), near Chestnut",,,,﻿Philadelphia,﻿Philadelphia,﻿PA,,39.951217,-75.161413,,,,﻿joh_p_dunn_001,﻿Rev.,﻿John Patk. Dunn,,﻿Pastor,,,,,,1864,﻿,﻿,﻿Philadelphia,Philadelphia
﻿phi.pa.0004,﻿church,﻿St. John the Evangelist,English,,"﻿(thirteenth street), near Chestnut",,,,﻿Philadelphia,﻿Philadelphia,﻿PA,,39.951217,-75.161413,,,,﻿pat_r_oreilly_001,﻿Rev.,﻿Patrick R. O'Reilly,,,,,,,,1864,﻿,﻿,﻿Philadelphia,Philadelphia
﻿phi.pa.0004,﻿church,﻿St. John the Evangelist,English,,"﻿(thirteenth street), near Chestnut",,,,﻿Philadelphia,﻿Philadelphia,﻿PA,,39.951217,-75.161413,,,,﻿joh_fitzmaurice_001,﻿Rev.,﻿John Fitzmaurice,,,,,,,,1864,﻿,﻿,﻿Philadelphia,Philadelphia
﻿phi.pa.0005,﻿church,﻿St. Mary's,English,,"﻿Fourth street, above Spruce",,,,﻿Philadelphia,﻿Philadelphia,﻿PA,,39.94551,-75.148423,,,,﻿geo_strobel_001,﻿Rev.,﻿George Strobel,,﻿Pastor,,,,,,1864,﻿,﻿,﻿Philadelphia,Philadelphia
﻿phi.pa.0005,﻿church,﻿St. Mary's,English,,"﻿Fourth street, above Spruce",,,,﻿Philadelphia,﻿Philadelphia,﻿PA,,39.94551,-75.148423,,,,﻿cha_mcmonigle_002,﻿Rev.,﻿Charles McMonigle,,,,,,,,1864,﻿,﻿,﻿Philadelphia,Philadelphia
﻿phi.pa.0006,﻿church,﻿St. Joseph's,English,,"﻿Willing's alley, between Third and Fourth streets",,,,﻿Philadelphia,﻿Philadelphia,﻿PA,,39.972826,-75.165064,,,,﻿fel_j_barbelin_001,﻿Rev.,﻿Felix J. Barbelin,﻿S.J.,﻿Superior,,,,,﻿Society of Jesus,1864,﻿,﻿,﻿Philadelphia,Philadelphia
﻿phi.pa.0006,﻿church,﻿St. Joseph's,English,,"﻿Willing's alley, between Third and Fourth streets",,,,﻿Philadelphia,﻿Philadelphia,﻿PA,,39.972826,-75.165064,,,,﻿pet_j_blenkinsop_001,﻿Rev.,﻿Peter J. Blenkinsop,﻿S.J.,,,,,,,1864,﻿,﻿,﻿Philadelphia,Philadelphia
﻿phi.pa.0006,﻿church,﻿St. Joseph's,English,,"﻿Willing's alley, between Third and Fourth streets",,,,﻿Philadelphia,﻿Philadelphia,﻿PA,,39.972826,-75.165064,,,,﻿fra_di-maria_001,﻿Rev.,﻿Francis Di Maria,﻿S.J.,,,,,,,1864,﻿,﻿,﻿Philadelphia,Philadelphia
﻿phi.pa.0006,﻿church,﻿St. Joseph's,English,,"﻿Willing's alley, between Third and Fourth streets",,,,﻿Philadelphia,﻿Philadelphia,﻿PA,,39.972826,-75.165064,,,,﻿jos_ardia_001,﻿Rev.,﻿Joseph Ardia,﻿S.J.,,,,,,,1864,﻿,﻿,﻿Philadelphia,Philadelphia
﻿phi.pa.0006,﻿church,﻿St. Joseph's,English,,"﻿Willing's alley, between Third and Fourth streets",,,,﻿Philadelphia,﻿Philadelphia,﻿PA,,39.972826,-75.165064,,,,﻿ale_jamison_001,﻿Rev.,﻿Alexis Jamison,﻿S.J.,,,,,,,1864,﻿,﻿,﻿Philadelphia,Philadelphia
﻿phi.pa.0007,﻿church,﻿St. Augustine's,English,,﻿Fourth street below Vine,,,,﻿Philadelphia,﻿Philadelphia,﻿PA,,39.955545,-75.146738,,,,﻿p_a_stanton_001,﻿Very Rev.,﻿Patrick A. Stanton,﻿O.S.A.,"﻿Com. Gen., O.S.A.",,,,,﻿Order of St. Augustine,1864,﻿,﻿,﻿Philadelphia,Philadelphia
﻿phi.pa.0007,﻿church,﻿St. Augustine's,English,,﻿Fourth street below Vine,,,,﻿Philadelphia,﻿Philadelphia,﻿PA,,39.955545,-75.146738,,,,﻿mar_crane_001,﻿Rev.,﻿Mark Crane,﻿O.S.A.,﻿Pastor,,,,,,1864,﻿,﻿,﻿Philadelphia,Philadelphia
﻿phi.pa.0007,﻿church,﻿St. Augustine's,English,,﻿Fourth street below Vine,,,,﻿Philadelphia,﻿Philadelphia,﻿PA,,39.955545,-75.146738,,,,﻿geo_a_meagher_001,﻿Rev.,﻿G. A. Meagher,﻿O.S.A.,,,,,,,1864,﻿,﻿,﻿Philadelphia,Philadelphia
﻿phi.pa.0007,﻿church,﻿St. Augustine's,English,,﻿Fourth street below Vine,,,,﻿Philadelphia,﻿Philadelphia,﻿PA,,39.955545,-75.146738,,,,﻿e_c_donnelly_001,﻿Rev.,﻿Edward Donnelly,﻿O.S.A.,,,,,,,1864,﻿,﻿,﻿Philadelphia,Philadelphia
﻿phi.pa.0007_03,﻿chapel,﻿Chapel of Our Lady of Consolation,English,﻿Used for the Archconfraternity of St. Augustine,,,,,﻿Philadelphia,﻿Philadelphia,﻿PA,,39.955545,-75.146738,,,,,,,,,,,,,,1864,﻿,﻿,﻿Philadelphia,Philadelphia
﻿phi.pa.0009,﻿church,﻿Holy Trinity,English,,﻿corner Spruce and Sixth streets,,,,﻿Philadelphia,,﻿PA,,39.945571,-75.151949,,,,﻿pet_m_carbon_001,﻿Rev.,﻿Peter M. Carbon,,﻿Pastor,﻿Secretary for the Germans,,,,,1864,﻿,﻿,﻿Philadelphia,Philadelphia
﻿phi.pa.0010,﻿church,﻿St. Michael's,English,,"﻿Second street, near Master, Kensington",,,,﻿Philadelphia,,﻿PA,,39.973891,-75.13849,,,,﻿tho_kieran_001,﻿Rev.,﻿Thomas Kieran,,﻿Pastor,,,,,,1864,﻿,﻿,﻿Philadelphia,Philadelphia
﻿phi.pa.0010,﻿church,﻿St. Michael's,English,,"﻿Second street, near Master, Kensington",,,,﻿Philadelphia,,﻿PA,,39.973891,-75.13849,,,,﻿tim_hannigan_001,﻿Rev.,﻿Timothy Hannigan,,,,,,,,1864,﻿,﻿,﻿Philadelphia,Philadelphia
﻿phi.pa.0010,﻿church,﻿St. Michael's,English,,"﻿Second street, near Master, Kensington",,,,﻿Philadelphia,,﻿PA,,39.973891,-75.13849,,,,﻿fra_a_sharkey_001,﻿Rev.,﻿Francis A. Sharkey,,,,,,,,1864,﻿,﻿,﻿Philadelphia,Philadelphia
﻿phi.pa.0010,﻿church,﻿St. Michael's,English,,"﻿Second street, near Master, Kensington",,,,﻿Philadelphia,,﻿PA,,39.973891,-75.13849,,,,﻿joh_quinn_004,﻿Rev.,﻿John Quinn,,,﻿absent,,,,,1864,﻿,﻿,﻿Philadelphia,Philadelphia
﻿phi.pa.0011,﻿church,﻿St. Francis Xavier's,English,,﻿near Fairmount Water Works,,,,﻿Philadelphia,﻿Philadelphia,﻿PA,,39.966111,-75.176701,,,,﻿jam_f_maginn_001,﻿Rev.,﻿James Maginn,,﻿Administrator,,,,,,1864,﻿,﻿,﻿Philadelphia,Philadelphia
﻿phi.pa.0011,﻿church,﻿St. Francis Xavier's,English,,﻿near Fairmount Water Works,,,,﻿Philadelphia,﻿Philadelphia,﻿PA,,39.966111,-75.176701,,,,﻿pet_f_sullivan_001,﻿Rev.,﻿Peter F. Sullivan,,,,,,,,1864,﻿,﻿,﻿Philadelphia,Philadelphia
﻿phi.pa.0012,﻿church,﻿St. Philip Neri's,English,,"﻿Queen street, below Third",,,,﻿Philadelphia,﻿Philadelphia,﻿PA,,39.937035,-75.147524,,,,﻿nic_cantwell_001,﻿Rev.,﻿Nicholas Cantwell,,﻿Pastor,,,,,,1864,﻿,﻿,﻿Philadelphia,Philadelphia
﻿phi.pa.0012,﻿church,﻿St. Philip Neri's,English,,"﻿Queen street, below Third",,,,﻿Philadelphia,﻿Philadelphia,﻿PA,,39.937035,-75.147524,,,,﻿tho_fox_001,﻿Rev.,﻿Thomas Fox,,,,,,,,1864,﻿,﻿,﻿Philadelphia,Philadelphia
﻿phi.pa.0012,﻿church,﻿St. Philip Neri's,English,,"﻿Queen street, below Third",,,,﻿Philadelphia,﻿Philadelphia,﻿PA,,39.937035,-75.147524,,,,﻿tho_mcgovern_001,﻿Rev.,﻿Thomas McGovern,,,,,,,,1864,﻿,﻿,﻿Philadelphia,Philadelphia
﻿phi.pa.0013,﻿church,﻿St. Patrick's,English,,"﻿Twentieth street, below Walnut",,,,﻿Philadelphia,﻿Philadelphia,﻿PA,,39.948982,-75.174306,,,,﻿wil_ohara_001,﻿Very Rev.,﻿William O'Hara,"﻿D.D., V.G.",﻿Pastor,,,,,,1864,﻿,﻿,﻿Philadelphia,Philadelphia
﻿phi.pa.0013,﻿church,﻿St. Patrick's,English,,"﻿Twentieth street, below Walnut",,,,﻿Philadelphia,﻿Philadelphia,﻿PA,,39.948982,-75.174306,,,,﻿pet_p_mcgrane_001,﻿Rev.,﻿Peter P. McGrane,,﻿Chaplain General U.S. Military Hospitals,,,,,,1864,﻿,﻿,﻿Philadelphia,Philadelphia
﻿phi.pa.0013,﻿church,﻿St. Patrick's,English,,"﻿Twentieth street, below Walnut",,,,﻿Philadelphia,﻿Philadelphia,﻿PA,,39.948982,-75.174306,,,,﻿jam_a_miller_001,﻿Rev.,﻿James A. Miller,,,,,,,,1864,﻿,﻿,﻿Philadelphia,Philadelphia
﻿phi.pa.0013,﻿church,﻿St. Patrick's,English,,"﻿Twentieth street, below Walnut",,,,﻿Philadelphia,﻿Philadelphia,﻿PA,,39.948982,-75.174306,,,,﻿tho_marron_001,﻿Rev.,﻿Thomas Marron,,,,,,,,1864,﻿,﻿,﻿Philadelphia,Philadelphia
﻿phi.pa.0014,﻿church,﻿St. Paul's,English,,"﻿Christian street, between Ninth and Tenth",,,,﻿Philadelphia,﻿Philadelphia,﻿PA,,39.939273,-75.158792,,,,﻿pat_f_sheridan_001,﻿Rev.,﻿Patrick F. Sheridan,,﻿Pastor,,,,,,1864,﻿,﻿,﻿Philadelphia,Philadelphia
﻿phi.pa.0015,﻿church,﻿St. Peter's,﻿German,,﻿Fifth and Franklin avenue,,,,﻿Philadelphia,﻿Philadelphia,﻿PA,,39.969953,-75.144842,,,,﻿cha_a_mcfadden_001,﻿Rev.,﻿Charles A. McFadden,,,,,,,,1864,﻿,﻿,﻿Philadelphia,Philadelphia
﻿phi.pa.0015,﻿church,﻿St. Peter's,﻿German,,﻿Fifth and Franklin avenue,,,,﻿Philadelphia,﻿Philadelphia,﻿PA,,39.969953,-75.144842,,,,﻿wil_luhrmann_001,﻿Rev.,﻿William Luhrmann,﻿C.SS.R.,﻿Superior,,,,,﻿Congregation of the Most Holy Redeemer,1864,﻿,﻿,﻿Philadelphia,Philadelphia
﻿phi.pa.0015,﻿church,﻿St. Peter's,﻿German,,﻿Fifth and Franklin avenue,,,,﻿Philadelphia,﻿Philadelphia,﻿PA,,39.969953,-75.144842,,,,﻿joh_b_hotz_001,﻿Rev.,﻿John B. Hotz,﻿C.SS.R.,,,,,,,1864,﻿,﻿,﻿Philadelphia,Philadelphia
﻿phi.pa.0015,﻿church,﻿St. Peter's,﻿German,,﻿Fifth and Franklin avenue,,,,﻿Philadelphia,﻿Philadelphia,﻿PA,,39.969953,-75.144842,,,,﻿lou_dold_001,﻿Rev.,﻿Louis Dold,﻿C.SS.R.,,,,,,,1864,﻿,﻿,﻿Philadelphia,Philadelphia
﻿phi.pa.0015,﻿church,﻿St. Peter's,﻿German,,﻿Fifth and Franklin avenue,,,,﻿Philadelphia,﻿Philadelphia,﻿PA,,39.969953,-75.144842,,,,﻿jos_wirth_001,﻿Rev.,﻿Joseph Wirth,﻿C.SS.R.,,,,,,,1864,﻿,﻿,﻿Philadelphia,Philadelphia
﻿phi.pa.0016,﻿church,﻿Church of the Assumption,English,,"﻿Spring Garden, above Eleventh street",,,,﻿Philadelphia,﻿Philadelphia,﻿PA,,39.962049,-75.157089,,,,﻿cha_j_carter_001,﻿Very Rev.,﻿Charles J. H. Carter,,﻿Pastor,,,,,,1864,﻿,﻿,﻿Philadelphia,Philadelphia
﻿phi.pa.0016,﻿church,﻿Church of the Assumption,English,,"﻿Spring Garden, above Eleventh street",,,,﻿Philadelphia,﻿Philadelphia,﻿PA,,39.962049,-75.157089,,,,﻿and_j_gallagher_001,﻿Rev.,﻿Andrew J. Gallagher,,,,,,,,1864,﻿,﻿,﻿Philadelphia,Philadelphia
﻿phi.pa.0016,﻿church,﻿Church of the Assumption,English,,"﻿Spring Garden, above Eleventh street",,,,﻿Philadelphia,﻿Philadelphia,﻿PA,,39.962049,-75.157089,,,,﻿a_d_filan_001,﻿Rev.,﻿Aloysius D. Filan,,,,,,,,1864,﻿,﻿,﻿Philadelphia,Philadelphia
﻿phi.pa.0017,﻿church,﻿St. Malachy's,English,,"﻿Eleventh, above Master street",,,,﻿Philadelphia,﻿Philadelphia,﻿PA,,39.974476,-75.153229,,,,﻿joh_b_kelly_001,﻿Rev.,﻿John Kelly,,﻿Pastor,,,,,,1864,﻿,﻿,﻿Philadelphia,Philadelphia
﻿phi.pa.0017,﻿church,﻿St. Malachy's,English,,"﻿Eleventh, above Master street",,,,﻿Philadelphia,﻿Philadelphia,﻿PA,,39.974476,-75.153229,,,,﻿tho_oneill_002,﻿Rev.,﻿Thomas O'Neil,,,,,,,,1864,﻿,﻿,﻿Philadelphia,Philadelphia
﻿phi.pa.0018,﻿church,﻿St. Ann's,English,,﻿Port Richmond,,,,﻿Philadelphia,﻿Philadelphia,﻿PA,,39.982417,-75.118492,,,,﻿hug_mclaughlin_001,﻿Rev.,﻿Hugh McLaughlin,,﻿Pastor,,,,,,1864,﻿,﻿,﻿Philadelphia,Philadelphia
﻿phi.pa.0018,﻿church,﻿St. Ann's,English,,﻿Port Richmond,,,,﻿Philadelphia,﻿Philadelphia,﻿PA,,39.982417,-75.118492,,,,﻿jam_j_russell_001,﻿Rev.,﻿James Russell,,,,,,,,1864,﻿,﻿,﻿Philadelphia,Philadelphia
﻿phi.pa.0018,﻿church,﻿St. Ann's,English,,﻿Port Richmond,,,,﻿Philadelphia,﻿Philadelphia,﻿PA,,39.982417,-75.118492,,,,﻿hug_garvey_001,﻿Rev.,﻿Hugh Garvey,,,,,,,,1864,﻿,﻿,﻿Philadelphia,Philadelphia
﻿phi.pa.0019,﻿church,﻿St. Mary Magdalen de Pazzi's,﻿Italian,,"﻿Mariot's street, near Seventh",,,,﻿Philadelphia,﻿Philadelphia,﻿PA,,39.937449,-75.155547,,,,﻿caj_mariani_001,﻿Rev.,﻿Cajetan Mariani,,﻿Pastor,,,,,,1864,﻿,﻿,﻿Philadelphia,Philadelphia
﻿phi.pa.0020,﻿church,﻿St. Alphonsus',English,,﻿Fourth and Reed streets,,,,﻿Philadelphia,﻿Philadelphia,﻿PA,,39.932895,-75.168897,,,,﻿ant_m_grundner_001,﻿Rev.,﻿Anthony Grundner,﻿O.S.B.V.M.,﻿Pastor,,,,,﻿Order of Servants of Mary,1864,﻿,﻿,﻿Philadelphia,Philadelphia
﻿phi.pa.0021,﻿church,﻿St. Theresa's,English,,﻿Broad and Catharine streets,,,,﻿Philadelphia,﻿Philadelphia,﻿PA,,39.940825,-75.166177,,,,﻿hug_lane_001,﻿Rev.,﻿Hugh Lane,,﻿Pastor,,,,,,1864,﻿,﻿,﻿Philadelphia,Philadelphia
﻿phi.pa.0021,﻿church,﻿St. Theresa's,English,,﻿Broad and Catharine streets,,,,﻿Philadelphia,﻿Philadelphia,﻿PA,,39.940825,-75.166177,,,,﻿wil_lambert_001,﻿Rev.,﻿William Lambert,,,,,,,,1864,﻿,﻿,﻿Philadelphia,Philadelphia
﻿phi.pa.0022,﻿church,﻿Church of the Annunciation,English,,﻿Tenth and Dickerson streets,,,,﻿Philadelphia,﻿Philadelphia,﻿PA,,39.93068,-75.161158,,,,﻿joh_mcanany_001,﻿Rev.,﻿John McAnany,,﻿Pastor,,,,,,1864,﻿,﻿,﻿Philadelphia,Philadelphia
﻿phi.pa.0028,﻿church,﻿St. Gregory's,English,,"﻿near Cathedral Cemetery, Blockley P. O.",,,,﻿Philadelphia,﻿Philadelphia,﻿PA,,39.971123,-75.217482,,,,﻿wil_kean_001,﻿Rev.,﻿William Kean,,﻿Pastor,,,,,,1864,﻿,﻿,﻿Philadelphia,Philadelphia
﻿phi.pa.0029,﻿church,﻿St. James',English,,﻿West Philadelphia,,,,﻿Philadelphia,﻿Philadelphia,﻿PA,,39.954839,-75.198182,,,,﻿mic_f_martin_001,﻿Rev.,﻿Michael F. Martin,,﻿Pastor,,,,,,1864,﻿,﻿,﻿Philadelphia,Philadelphia
﻿phi.pa.0029,﻿church,﻿St. James',English,,﻿West Philadelphia,,,,﻿Philadelphia,﻿Philadelphia,﻿PA,,39.954839,-75.198182,,,,﻿cas_a_gerst_001,﻿Rev.,﻿Casper A. Gerst,,,,,,,,1864,﻿,﻿,﻿Philadelphia,Philadelphia
﻿phi.pa.0031,﻿church,﻿St. Bridget's,English,﻿vacant,﻿Falls of Schuylkill,,,,﻿Philadelphia,﻿Philadelphia,﻿PA,,40.010832,-75.193484,,,,,,,,,,,,,,1864,﻿,﻿,﻿Philadelphia,Philadelphia
﻿phi.pa.0032,﻿church,﻿St. Dominic's,English,,﻿Holmesburg,,,,﻿Philadelphia,﻿Philadelphia,﻿PA,,40.045681,-75.016899,,,,﻿mat_a_mcgrane_002,﻿Rev.,﻿Matthew McGrane,,﻿Pastor,,,,,,1864,﻿,﻿,﻿Philadelphia,Philadelphia
﻿phi.pa.0161_03.01,﻿chapel,﻿Chapel of the Sacred Heart,English,,﻿Eden Hall,,,,,,,,40.054579,-74.986458,,,,﻿l_musart_001,﻿Rev.,﻿L. Musart,,﻿Chaplain,,,,,,1864,﻿,﻿,﻿Philadelphia,Philadelphia
﻿phi.pa.0033,﻿church,﻿St. Joachim's,English,,﻿Frankford,,,,﻿Philadelphia,﻿Philadelphia,﻿PA,,40.011811,-75.089745,,,,﻿joh_mcgovern_001,﻿Rev.,﻿John McGovern,,﻿Pastor,,,,,,1864,﻿,﻿,﻿Philadelphia,Philadelphia
﻿phi.pa.0034,﻿church,﻿St. Vincent de Paul's,English,,﻿Germantown,,,,﻿Philadelphia,﻿Philadelphia,﻿PA,,40.037963,-75.174409,,,,﻿d_d_leyden_001,﻿Rev.,﻿Dennis Leyden,﻿C.M.,﻿Pastor,,,,,﻿Congregation of the Mission,1864,﻿,﻿,﻿Philadelphia,Philadelphia
﻿phi.pa.0034,﻿church,﻿St. Vincent de Paul's,English,,﻿Germantown,,,,﻿Philadelphia,﻿Philadelphia,﻿PA,,40.037963,-75.174409,,,,﻿jam_moré_001,﻿Rev.,﻿James Moret,﻿C.M.,,,,,,,1864,﻿,﻿,﻿Philadelphia,Philadelphia
﻿phi.pa.0035,﻿church,﻿St. Stephen's,English,,﻿Nicetown,,,,﻿Philadelphia,﻿Philadelphia,﻿PA,,40.01526,-75.15167,,,,﻿mat_w_gibson_001,﻿Rev.,﻿Matthew Wm. Gibson,,﻿Pastor,,,,,,1864,﻿,﻿,﻿Philadelphia,Philadelphia
﻿phi.pa.0036,﻿church,﻿St. John the Baptist,English,,﻿Manayunk,,,,﻿Philadelphia,﻿Philadelphia,﻿PA,,40.025046,-75.220084,,,,﻿pat_a_nugent_001,﻿Rev.,﻿Patrick A. Nugent,,﻿Pastor,,,,,,1864,﻿,﻿,﻿Philadelphia,Philadelphia
﻿phi.pa.0037,﻿church,﻿Immaculate Conception,﻿German,,﻿Manayunk,,,,﻿Philadelphia,﻿Philadelphia,﻿PA,,40.026002,-75.223111,,,,﻿rud_e_kuenzer_001,﻿Rev.,﻿Rudolph Kunzer,,﻿Pastor,,,,,,1864,﻿,﻿,﻿Philadelphia,Philadelphia
﻿phi.pa.0038,﻿church,﻿Our Lady of Consolation,English,,﻿Chestnut Hill,,,,﻿Philadelphia,﻿Philadelphia,﻿PA,,40.078901,-75.210277,,,,﻿p_e_moriarty_001,﻿Very Rev.,﻿P. E. Moriarty,﻿O.S.A.,,,,,,﻿Order of St. Augustine,1864,﻿,﻿,﻿Philadelphia,Philadelphia
﻿phi.pa.0038,﻿church,﻿Our Lady of Consolation,English,,﻿Chestnut Hill,,,,﻿Philadelphia,﻿Philadelphia,﻿PA,,40.078901,-75.210277,,,,﻿wil_harnett_001,﻿Rev.,﻿Wm. Harnett,﻿O.S.A.,,,,,,,1864,﻿,﻿,﻿Philadelphia,Philadelphia
﻿phi.pa.0305,﻿church,[Unnamed Institution],English,,﻿Bustleton,,,,﻿Philadelphia,﻿Philadelphia,﻿PA,,40.085489,-75.037344,﻿phi.pa.0033,﻿Visited by Rev. John McGovern of Frankford,﻿monthly,,,,,,,,,,,1864,﻿,﻿,﻿Philadelphia,Philadelphia
﻿phi.pa.0040,﻿church,﻿All Saints,﻿German,,﻿Bridesburg,,,,﻿Philadelphia,﻿Philadelphia,﻿PA,,40.001444,-75.069779,,,,﻿mat_j_meurer_001,﻿Rev.,﻿Matthew M. Meurer,,﻿Pastor,,,,,,1864,﻿,﻿,﻿Philadelphia,Philadelphia
﻿phi.pa.0257_02,﻿chapel,﻿Tacony Chapel,English,,,,,,﻿Philadelphia,﻿Philadelphia,﻿PA,,40.02518,-75.044722,,,,﻿mat_j_meurer_001,﻿Rev.,﻿M. M. Meurer,,﻿Pastor,,,,,,1864,﻿,﻿,﻿Philadelphia,Philadelphia
﻿phi.pa.0088_01,﻿church,﻿St. Thomas of Villanova,English,,,,﻿Delaware County,﻿Delaware County,,﻿Villanova,﻿PA,,40.037583,-75.349181,,,,﻿pet_crane_001,﻿Rev.,﻿Peter Crane,﻿O.S.A.,﻿Prior,,,,,﻿Order of St. Augustine,1864,﻿,﻿,﻿Philadelphia,Philadelphia
﻿phi.pa.0088_01,﻿church,﻿St. Thomas of Villanova,English,,,,﻿Delaware County,﻿Delaware County,,﻿Villanova,﻿PA,,40.037583,-75.349181,,,,﻿jam_d_waldron_001,﻿Rev.,﻿James D. Waldron,﻿O.S.A.,﻿Depositarian,,,,,,1864,﻿,﻿,﻿Philadelphia,Philadelphia
﻿phi.pa.0088_01,﻿church,﻿St. Thomas of Villanova,English,,,,﻿Delaware County,﻿Delaware County,,﻿Villanova,﻿PA,,40.037583,-75.349181,,,,﻿e_m_mullen_001,﻿Rev.,﻿E. M. Mullen,﻿O.S.A.,,,,,,,1864,﻿,﻿,﻿Philadelphia,Philadelphia
﻿phi.pa.0089,﻿church,﻿St. Dennis',English,,,,﻿Delaware County,﻿Delaware County,﻿West-Haverford,﻿Haverford,﻿PA,,39.991634,-75.304282,,,,﻿pet_crane_001,﻿Rev.,﻿Peter Crane,﻿O.S.A.,﻿Pastor,,,,,﻿Order of St. Augustine,1864,﻿,﻿,﻿Philadelphia,Philadelphia
﻿phi.pa.0084,﻿church,﻿St. Michael's,English,,,,﻿Delaware County,﻿Delaware County,﻿Chester,﻿Chester,﻿PA,,39.849557,-75.355746,,,,﻿art_p_haviland_001,﻿Rev.,﻿Arthur Peter Haviland,,﻿Pastor,,,,,,1864,﻿,﻿,﻿Philadelphia,Philadelphia
﻿phi.pa.0084,﻿church,﻿St. Michael's,English,,,,﻿Delaware County,﻿Delaware County,﻿Chester,﻿Chester,﻿PA,,39.849557,-75.355746,,,,﻿wil_f_cook_001,﻿Rev.,﻿William F. Cook,,,,,,,,1864,﻿,﻿,﻿Philadelphia,Philadelphia
﻿phi.pa.0086,﻿church,﻿St. Thomas Apostle,English,,,,﻿Delaware County,﻿Delaware County,﻿Ivy Mills,,﻿PA,,39.885806,-75.484868,,,,﻿hen_l_wright_001,﻿Rev.,﻿Henry L. Wright,,﻿Pastor,,,,,,1864,﻿,﻿,﻿Philadelphia,Philadelphia
﻿phi.pa.0085,﻿church,﻿St. Charles Borr.,English,,,,﻿Delaware County,﻿Delaware County,﻿Kellyville,﻿Drexel Hill,﻿PA,,39.935989,-75.288907,,,,﻿jos_balfe_001,﻿Rev.,﻿Joseph Balfe,﻿D.D.,﻿Pastor,,,,,,1864,﻿,﻿,﻿Philadelphia,Philadelphia
﻿phi.pa.0087,﻿church,﻿Church of the Nativity B.V.M.,English,,,,﻿Delaware County,﻿Delaware County,﻿Media,﻿Media,﻿PA,,39.916778,-75.387693,﻿phi.pa.0086,﻿visited by Rev. Henry L. Wright of Ivy Mills,﻿twice a month,,,,,,,,,,,1864,﻿,﻿,﻿Philadelphia,Philadelphia
﻿phi.pa.0070,﻿church,﻿St. Agnes',English,,,,﻿Chester County,﻿Chester County,﻿Westchester,﻿West Chester,﻿PA,,39.959294,-75.608831,,,,﻿joh_f_prendergast_001,﻿Rev.,﻿John F. Prendergast,,﻿Pastor,,,,,,1864,﻿,﻿,﻿Philadelphia,Philadelphia
﻿phi.pa.0071,﻿church,﻿St. Joseph's,English,,,,﻿Chester County,﻿Chester County,﻿Downingtown,﻿Downingtown,﻿PA,,40.006496,-75.703274,﻿phi.pa.0070,﻿Attended from Westchester,﻿every other Sunday,,,,,,,,,,,1864,﻿,﻿,﻿Philadelphia,Philadelphia
﻿phi.pa.0072,﻿church,﻿St. Mary's,English,,,,﻿Chester County,﻿Chester County,﻿Phoenixville,﻿Phoenixville,﻿PA,,40.138335,-75.520094,,,,﻿phi_a_ofarrell_001,﻿Rev.,﻿Philip A. O'Farrell,,﻿Pastor,,,,,,1864,﻿,﻿,﻿Philadelphia,Philadelphia
﻿phi.pa.0073,﻿church,﻿Our Lady of Seven Dolors,English,,,,﻿Chester County,﻿Chester County,﻿Parkesburg,﻿Parkesburg,﻿PA,,39.963197,-75.931428,,﻿Attended,﻿every third Sunday,﻿hug_mcgarvey_001,﻿Rev.,﻿Hugh McGarvey,,﻿Pastor,,,,,,1864,﻿,﻿,﻿Philadelphia,Philadelphia
﻿phi.pa.0074,﻿church,﻿St. Malachy's,English,,,,﻿Chester County,﻿Chester County,﻿Doe Run,﻿Doe Run,﻿PA,,39.896597,-75.849642,﻿phi.pa.0073,﻿Attended by Rev. Hugh McGarvey of Parkesburg,﻿every third Sunday,,,,,,,,,,,1864,﻿,﻿,﻿Philadelphia,Philadelphia
﻿phi.pa.0075,﻿church,[Unnamed Institution],English,,,,﻿Chester County,﻿Chester County,﻿Coatesville,﻿Coatesville,﻿PA,,39.983162,-75.823835,﻿phi.pa.0073,﻿from Parkesburg,﻿once in six weeks,,,,,,,,,,,1864,﻿,﻿,﻿Philadelphia,Philadelphia
﻿phi.pa.0078,﻿station,[Unnamed Institution],English,,,,﻿Chester County,﻿Chester County,﻿Baker's Quarries,﻿London Grove,﻿PA,,39.85136,-75.818531,﻿phi.pa.0073,﻿Attended from Parkesburg,,,,,,,,,,,,1864,﻿,﻿,﻿Philadelphia,Philadelphia
﻿phi.pa.0077,﻿station,[Unnamed Institution],English,,,,﻿Chester County,﻿Chester County,﻿New London,﻿New London Township,﻿PA,,39.779256,-75.888251,﻿phi.pa.0073,﻿Attended from Parkesburg,,,,,,,,,,,,1864,﻿,﻿,﻿Philadelphia,Philadelphia
﻿phi.pa.0083,﻿station,[Unnamed Institution],English,,,,﻿Chester County,﻿Chester County,﻿Oxford,﻿Oxford,﻿PA,,39.785386,-75.978835,﻿phi.pa.0073,﻿Attended from Parkesburg,,,,,,,,,,,,1864,﻿,﻿,﻿Philadelphia,Philadelphia
﻿phi.pa.0341,﻿station,[Unnamed Institution],English,,,,﻿Chester County,﻿Chester County,﻿Chrome Pits,,﻿PA,,,,﻿phi.pa.0073,﻿Attended from Parkesburg,,,,,,,,,,,,1864,﻿,﻿,﻿Philadelphia,Philadelphia
﻿phi.pa.0342,﻿station,[Unnamed Institution],English,,,,﻿Chester County,﻿Chester County,﻿Ore Banks,,﻿PA,,,,﻿phi.pa.0073,﻿Attended from Parkesburg,,,,,,,,,,,,1864,﻿,﻿,﻿Philadelphia,Philadelphia
﻿phi.pa.0262,﻿station,[Unnamed Institution],English,,,,﻿Chester County,﻿Chester County,﻿Copper Mines,,﻿PA,,,,﻿phi.pa.0073,﻿Attended from Parkesburg,,,,,,,,,,,,1864,﻿,﻿,﻿Philadelphia,Philadelphia
﻿phi.pa.0343,﻿station,[Unnamed Institution],English,,,,﻿Chester County,﻿Chester County,﻿Rockville,,﻿PA,,40.336,-76.905,﻿phi.pa.0073,﻿Attended from Parkesburg,,,,,,,,,,,,1864,﻿,﻿,﻿Philadelphia,Philadelphia
﻿phi.pa.0081,﻿church,[Unnamed Institution],English,,,,﻿Chester County,﻿Chester County,﻿Kennett Square,﻿Kennett Square,﻿PA,,39.846777,-75.711603,﻿wil.de.0005,"﻿attended by Rev. J. S. Walsh of Brandywine, Del.",,,,,,,,,,,,1864,﻿,﻿,﻿Philadelphia,Philadelphia
﻿phi.pa.0082,﻿church,[Unnamed Institution],English,,,,﻿Chester County,﻿Chester County,﻿Hammerton,﻿Hamorton,﻿PA,,39.868443,-75.655489,﻿wil.de.0005,"﻿attended by Rev. J. S. Walsh of Brandywine, Del.",,,,,,,,,,,,1864,﻿,﻿,﻿Philadelphia,Philadelphia
﻿phi.pa.0102,﻿church,﻿St. Patrick's,English,﻿new church nearly completed,,,﻿Montgomery County,﻿Montgomery County,﻿Norristown,﻿Norristown,﻿PA,,40.117192,-75.339178,,,,﻿den_oharan_002,﻿Rev.,﻿Dennis O'Haran,,﻿Pastor,,,,,,1864,﻿,﻿,﻿Philadelphia,Philadelphia
﻿phi.pa.0103,﻿church,﻿St. Matthew's,English,,,,﻿Montgomery County,﻿Montgomery County,﻿Conshohocken,﻿Conschohocken,﻿PA,,40.075097,-75.304378,,,,﻿ric_kinahan_001,﻿Rev.,﻿Richard Kinehan,,﻿Pastor,,,,,,1864,﻿,﻿,﻿Philadelphia,Philadelphia
﻿phi.pa.0104,﻿church,﻿St. Aloysius,English,,,,﻿Montgomery County,﻿Montgomery County,﻿Pottstown,﻿Pottstown,﻿PA,,40.249718,-75.64926,,,,﻿tho_a_kyle_001,﻿Rev.,﻿Thomas A. Kyle,,﻿Pastor,,,,,,1864,﻿,﻿,﻿Philadelphia,Philadelphia
﻿har.pa.0008,﻿church,﻿St. Mary's of the Assumption,English,,,,﻿Lancaster County,﻿Lancaster County,﻿Lancaster City,﻿Lancaster,﻿PA,,40.037876,-76.305514,,,,﻿ber_keenan_001,﻿Very Rev.,﻿Bernard Keenan,,﻿Pastor,,,,,,1864,﻿,﻿,﻿Philadelphia,Philadelphia
﻿har.pa.0009,﻿church,﻿St. Joseph's,﻿German,,,,﻿Lancaster County,﻿Lancaster County,﻿Lancaster City,﻿Lancaster,﻿PA,,40.037876,-76.305514,,,,﻿ant_schwarze_001,﻿Rev.,﻿Anthony Schwarze,,﻿Pastor,,,,,,1864,﻿,﻿,﻿Philadelphia,Philadelphia
﻿har.pa.0010,﻿church,﻿St. Peter's,English,,,,﻿Lancaster County,﻿Lancaster County,﻿Columbia,﻿Columbia,﻿PA,,40.033709,-76.50441,,,,﻿art_mcginnis_001,﻿Rev.,﻿Arthur McGinnis,,﻿Pastor,,,,,,1864,﻿,﻿,﻿Philadelphia,Philadelphia
﻿har.pa.0011,﻿church,﻿Holy Trinity,﻿German,,,,﻿Lancaster County,﻿Lancaster County,﻿Columbia,﻿Columbia,﻿PA,,40.033709,-76.50441,﻿har.pa.0002,﻿attended from Harrisburg by Rev. Charles Schaffroth,,,,,,,,,,,,1864,﻿,﻿,﻿Philadelphia,Philadelphia
﻿har.pa.0012,﻿church,﻿St. Mary's,English,,,,﻿Lancaster County,﻿Lancaster County,﻿Safe Harbor,﻿Safe Harbor,﻿PA,,39.9301,-76.379406,﻿har.pa.0008,﻿visited from Lancaster,,,,,,,,,,,,1864,﻿,﻿,﻿Philadelphia,Philadelphia
﻿har.pa.0013,﻿church,﻿St. Catharine's,English,,,,﻿Lancaster County,﻿Lancaster County,﻿Drumore,﻿Drumore,﻿PA,,39.79177,-76.264957,﻿har.pa.0008,"﻿visited by Rev. Hugh McGarvey, of Parkesburg",﻿once every six weeks,,,,,,,,,,,1864,﻿,﻿,﻿Philadelphia,Philadelphia
﻿har.pa.0015,﻿church,﻿St. Peter's,English,,,,﻿Lancaster County,﻿Lancaster County,﻿Elizabethtown,﻿Elizabethtown,﻿PA,,40.150171,-76.603932,,,,﻿hug_magorien_001,﻿Rev.,﻿Hugh Magorien,,﻿Pastor,,,,,,1864,﻿,﻿,﻿Philadelphia,Philadelphia
﻿phi.pa.0055,﻿church,﻿St. John the Baptist's,English,,﻿(Buckville P.O.),,﻿Bucks County,﻿Berks County,﻿Haycock,﻿Haycock Township,﻿PA,,40.345157,-75.992765,,,,﻿fra_l_neufeld_001,﻿Rev.,﻿Francis L. Neufeld,,﻿Pastor,,,,,,1864,﻿,﻿,﻿Philadelphia,Philadelphia
﻿phi.pa.0054,﻿church,﻿Our Lady of Mt. Carmel,English,,,,﻿Bucks County,﻿Berks County,﻿Doylestown,﻿Doylestown,﻿PA,,40.312438,-75.124419,,,,﻿fra_x_george_001,﻿Rev.,﻿Francis Xavier George,,﻿Pastor,,,,,,1864,﻿,﻿,﻿Philadelphia,Philadelphia
﻿phi.pa.0057,﻿church,[Unnamed Institution],English,,,,﻿Bucks County,﻿Berks County,﻿Durham Furnace,,﻿PA,,40.576669,-75.223955,﻿phi.pa.0055,﻿Visited from Haycock,﻿monthly,,,,,,,,,,,1864,﻿,﻿,﻿Philadelphia,Philadelphia
﻿phi.pa.0307,﻿church,[Unnamed Institution],English,,,,﻿Bucks County,﻿Berks County,﻿New Hope,,﻿PA,,40.364167,-74.951389,,﻿attended,﻿occasionally,,,,,,,,,,,1864,﻿,﻿,﻿Philadelphia,Philadelphia
﻿phi.pa.0053,﻿church,﻿St. Mark's,English,,,,﻿Bucks County,﻿Berks County,﻿Bristol,﻿Bristol,﻿PA,,40.100666,-74.851831,,,,﻿pat_mcswiggan_001,﻿Rev.,﻿Patrick McSwiggan,,﻿Pastor,,,,,,1864,﻿,﻿,﻿Philadelphia,Philadelphia
﻿har.pa.0001,﻿church,﻿St. Patrick's,English,,,,﻿Dauphin County,﻿Dauphin County,﻿Harrisburgh,﻿Harrisburg,﻿PA,,40.273191,-76.886701,,,,﻿pie_maher_001,﻿Rev.,﻿Pierce Maher,,﻿Pastor,,,,,,1864,﻿,﻿,﻿Philadelphia,Philadelphia
﻿har.pa.0002,﻿church,﻿St. Anthony's,﻿German,,,,﻿Dauphin County,﻿Dauphin County,﻿Harrisburgh,﻿Harrisburg,﻿PA,,40.273191,-76.886701,,,,,,,,,,,,,,1864,﻿,﻿,﻿Philadelphia,Philadelphia
﻿har.pa.0003,﻿church,"﻿St. Mary's, Help of Christians",English,,,,﻿Dauphin County,﻿Dauphin County,﻿Lykenstown,﻿Lykenstown,﻿PA,,40.566753,-76.700522,﻿phi.pa.0126,"﻿Visited by Rev. William McLoughlin, of Tremont",﻿monthly,,,,,,,,,,,1864,﻿,﻿,﻿Philadelphia,Philadelphia
﻿phi.pa.0308,﻿church,[Unnamed Institution],English,,,,﻿Dauphin County,﻿Dauphin County,﻿Stony Creek,,﻿PA,,,,,,,,,,,,,,,,,1864,﻿,﻿,﻿Philadelphia,Philadelphia
﻿har.pa.0004,﻿church,﻿Our Lady of Seven Dolors,English,,,,﻿Dauphin County,﻿Dauphin County,﻿Middletown,﻿Middletown,﻿PA,,40.199814,-76.731081,﻿har.pa.0015,﻿Visited from Elizabethtown,﻿every Sunday,,,,,,,,,,,1864,﻿,﻿,﻿Philadelphia,Philadelphia
﻿phi.pa.0043,﻿church,﻿St. Peter's,English,,,,﻿Berks County,﻿Berks County,﻿Reading,﻿Reading,﻿PA,,40.330063,-75.928511,,,,﻿fra_oconnor_001,﻿Rev.,﻿Francis O'Connor,,﻿Pastor,,,,,,1864,﻿,﻿,﻿Philadelphia,Philadelphia
﻿phi.pa.0043,﻿church,﻿St. Peter's,English,,,,﻿Berks County,﻿Berks County,﻿Reading,﻿Reading,﻿PA,,40.330063,-75.928511,,,,﻿jam_power_002,﻿Rev.,﻿James Power,,,﻿absent,,,,,1864,﻿,﻿,﻿Philadelphia,Philadelphia
﻿phi.pa.0044,﻿church,﻿St. Paul's,﻿German,,,,﻿Berks County,﻿Berks County,﻿Reading,﻿Reading,﻿PA,,40.338104,-75.919816,,,,﻿cha_i_schrader_001,﻿Rev.,﻿Charles J. Schrader,,﻿Pastor,,,,,,1864,﻿,﻿,﻿Philadelphia,Philadelphia
﻿phi.pa.0045,﻿church,﻿St. Mary's of the Rosary,English,,,,﻿Berks County,﻿Berks County,﻿Hamburg,﻿Hamburg,﻿PA,,40.541129,-75.999087,﻿phi.pa.0044,﻿Visited from Reading,,,,,,,,,,,,1864,﻿,﻿,﻿Philadelphia,Philadelphia
﻿phi.pa.0046,﻿church,﻿St. Henry's,English,,,,﻿Berks County,﻿Berks County,﻿Meuslem,,﻿PA,,40.345157,-75.992765,﻿phi.pa.0044,﻿Visited from Reading,,,,,,,,,,,,1864,﻿,﻿,﻿Philadelphia,Philadelphia
﻿phi.pa.0047,﻿church,﻿St. Paul's,English,,,,﻿Berks County,﻿Berks County,﻿Douglasville,﻿Douglassville,﻿PA,,40.258112,-75.726292,﻿phi.pa.0104,"﻿Visited by Rev. T. A. Kyle, of Pottstown",﻿every other Sunday,,,,,,,,,,,1864,﻿,﻿,﻿Philadelphia,Philadelphia
﻿phi.pa.0048,﻿church,﻿Church of the Blessed Sacrament,English,,"﻿Colebrookdale P.O., Washington Township",,﻿Berks County,﻿Berks County,﻿Churchville,﻿Bally,﻿PA,,40.203064,-74.996854,,,,﻿aug_bally_001,﻿Rev.,﻿Augustine Bally,﻿S.J.,﻿Superior,,,,,﻿Society of Jesus,1864,﻿,﻿,﻿Philadelphia,Philadelphia
﻿phi.pa.0050,﻿church,[Unnamed Institution],English,,,,﻿Berks County,﻿Berks County,﻿Rockland,﻿Rockland Township,﻿PA,,40.444806,-75.748778,﻿phi.pa.0048,﻿Attended from Churchville,,,,,,,,,,,,1864,﻿,﻿,﻿Philadelphia,Philadelphia
﻿har.pa.0017,﻿church,﻿St. Patrick's,English,,,,﻿York County,﻿York County,﻿York,﻿York,﻿PA,,39.962598,-76.727745,,,,﻿syl_eagle_001,﻿Rev.,﻿Sylvester Eagle,,﻿Pastor,,,,,,1864,﻿,﻿,﻿Philadelphia,Philadelphia
﻿har.pa.0018,﻿church,﻿Immaculate Conception,﻿German,,,,﻿York County,﻿York County,﻿York,﻿York,﻿PA,,39.962598,-76.727745,,,,﻿jos_hamm_001,﻿Rev.,﻿Joseph Hamm,,﻿Pastor,,,,,,1864,﻿,﻿,﻿Philadelphia,Philadelphia
﻿har.pa.0074,﻿church,﻿St. John the Baptist,English,,﻿New Friedom P. O.,,﻿York County,﻿York County,﻿Strasburgh,﻿Strasburgh,﻿PA,,39.982871,-76.184038,﻿har.pa.0018,﻿attended from York,﻿once a month,,,,,,,,,,,1864,﻿,﻿,﻿Philadelphia,Philadelphia
﻿har.pa.0020,﻿church,﻿St. Joseph's,English,,,,﻿York County,﻿York County,﻿Dallastown,﻿Dallastown,﻿PA,,39.899544,-76.640245,﻿har.pa.0018,﻿attended from York,﻿occasionally,,,,,,,,,,,1864,﻿,﻿,﻿Philadelphia,Philadelphia
﻿har.pa.0021,﻿church,﻿Immaculate Heart of Mary,English,,,,﻿York County,﻿York County,﻿Paradise,﻿Paradise,﻿PA,,40.009823,-76.128565,﻿har.pa.0023,﻿attended from Conewago,﻿every other Sunday,,,,,,,,,,,1864,﻿,﻿,﻿Philadelphia,Philadelphia
﻿har.pa.0005,﻿church,﻿St. Mary's,English,,,,﻿Lebanon County,﻿Lebanon County,﻿Lebanon,﻿Lebanon,﻿PA,,40.339432,-76.42411,,,,﻿emi_stenzel_001,﻿Rev.,﻿Emile Stenzel,,﻿Pastor,,,,,,1864,﻿,﻿,﻿Philadelphia,Philadelphia
﻿har.pa.0006,﻿church,﻿St. Laurence's,English,,,,﻿Lebanon County,﻿Lebanon County,﻿Colebrook Furnace,﻿Colebrook,﻿PA,,40.238149,-76.511079,﻿har.pa.0015,﻿visited from Elizabethtown,﻿monthly,,,,,,,,,,,1864,﻿,﻿,﻿Philadelphia,Philadelphia
﻿har.pa.0023,﻿church,﻿Church of the Sacred Heart,English,,﻿McSherrystown P. O.,,﻿Adams County,﻿Adams County,﻿Conewago,﻿Conewago,﻿PA,,39.807322,-77.01137,,,,﻿joh_b_cattani_001,﻿Rev.,﻿John B. Cattani,﻿S.J.,﻿Superior,,,,﻿and other Rev. Fathers,﻿Society of Jesus,1864,﻿,﻿,﻿Philadelphia,Philadelphia
﻿har.pa.0023,﻿church,﻿Church of the Sacred Heart,English,,﻿McSherrystown P. O.,,﻿Adams County,﻿Adams County,﻿Conewago,﻿Conewago,﻿PA,,39.807322,-77.01137,,,,﻿sim_p_dompieri_001,﻿Rev.,﻿Simon P. Dompieri,﻿S.J.,,,,,﻿and other Rev. Fathers,,1864,﻿,﻿,﻿Philadelphia,Philadelphia
﻿har.pa.0023,﻿church,﻿Church of the Sacred Heart,English,,﻿McSherrystown P. O.,,﻿Adams County,﻿Adams County,﻿Conewago,﻿Conewago,﻿PA,,39.807322,-77.01137,,,,﻿fra_x_de-neckere_001,﻿Rev.,﻿F. Xavier De Neckere,﻿S.J.,,,,,﻿and other Rev. Fathers,,1864,﻿,﻿,﻿Philadelphia,Philadelphia
﻿har.pa.0024,﻿church,﻿St. Mary's,English,,,,﻿Adams County,﻿Adams County,﻿Oxford,﻿Oxford,﻿PA,,39.852242,-77.286488,﻿har.pa.0023,﻿visited from Conewago,﻿every other Friday,,,,,,,,,,,1864,﻿,﻿,﻿Philadelphia,Philadelphia
﻿har.pa.0025,﻿church,﻿St. Aloysius',English,,,,﻿Adams County,﻿Adams County,﻿Littlestown,﻿Littlestown,﻿PA,,39.74354,-77.087977,﻿har.pa.0023,﻿visited from Conewago,﻿every other Sunday,,,,,,,,,,,1864,﻿,﻿,﻿Philadelphia,Philadelphia
﻿har.pa.0029,﻿church,﻿St. Francis Xavier's,English,,,,﻿Adams County,﻿Adams County,﻿Gettysburg,﻿Gettysburg,﻿PA,,39.830929,-77.231095,,,,,﻿Rev.,,,﻿Pastor,,,,,,1864,﻿,﻿,﻿Philadelphia,Philadelphia
﻿har.pa.0031,﻿church,﻿Immaculate Conception,English,,,,﻿Adams County,﻿Adams County,﻿Millerstown,﻿Gettysburg,﻿PA,,39.832383,-77.246224,﻿har.pa.0029,﻿visited from Gettysburg,﻿monthly,,,,,,,,,,,1864,﻿,﻿,﻿Philadelphia,Philadelphia
﻿har.pa.0030,﻿church,﻿St. Ignatius Loyola's,English,,,,﻿Adams County,﻿Adams County,﻿Mountain,﻿Mountain,﻿PA,,39.852242,-77.286488,﻿har.pa.0029,﻿visited from Gettysburg,﻿monthly,,,,,,,,,,,1864,﻿,﻿,﻿Philadelphia,Philadelphia
﻿har.pa.0028,﻿church,﻿St. Joseph's,English,,﻿Square Corner P. O.,,﻿Adams County,﻿Adams County,﻿Bonaghtown,﻿Bonneauville,﻿PA,,39.809543,-77.106094,,,,﻿bas_a_shorb_001,﻿Rev.,﻿Basil Shorb,,﻿Pastor,,,,,,1864,﻿,﻿,﻿Philadelphia,Philadelphia
﻿har.pa.0026_02,﻿chapel,﻿Chapel of St. Joseph,English,,,,﻿Adams County,﻿Adams County,﻿McSherrystown,﻿McSherrystown,﻿PA,,39.807322,-77.01137,﻿har.pa.0023,﻿attended from Conewago,,,,,,,,,,,,1864,﻿,﻿,﻿Philadelphia,Philadelphia
﻿phi.pa.0311,﻿church,[Unnamed Institution],English,,,,﻿Adams County,﻿Adams County,﻿Whitestown,﻿Idaville,﻿PA,,40.014722,-77.202778,﻿har.pa.0023,﻿visited from Conewago,﻿occasionally,,,,,,,,,,,1864,﻿,﻿,﻿Philadelphia,Philadelphia
﻿har.pa.0032,﻿church,﻿Christ Church,English,,,,﻿Franklin County,﻿Franklin County,﻿Chambersburg,﻿Chambersburgh,﻿PA,,39.937591,-77.661102,,,,﻿ber_mccollum_001,﻿Rev.,﻿Bernard McCollum,,﻿Pastor,,,,,,1864,﻿,﻿,﻿Philadelphia,Philadelphia
﻿har.pa.0033,﻿church,"﻿St. Andrew, Apostle",English,,,,﻿Franklin County,﻿Franklin County,﻿Waynesborough,﻿Waynesboro,﻿PA,,39.755927,-77.577769,﻿har.pa.0032,﻿visited from Chambersburg,﻿every fifth Sunday,,,,,,,,,,,1864,﻿,﻿,﻿Philadelphia,Philadelphia
﻿har.pa.0034,﻿church,"﻿St. Mary, Refuge of Sinners",English,,﻿Boylestown P. O.,,﻿Franklin County,﻿Franklin County,﻿Path Valley,﻿Willow Hill,﻿PA,,40.10453,-77.821481,,,,,,,,,,,,,,1864,﻿,﻿,﻿Philadelphia,Philadelphia
﻿har.pa.0035,﻿church,[Unnamed Institution],English,,,,﻿Franklin County,﻿Franklin County,﻿Anderson's Valley,﻿Amberson,﻿PA,,40.172133,-77.686268,,﻿visited,﻿occasionally,,,,,,,,,,,1864,﻿,﻿,﻿Philadelphia,Philadelphia
﻿har.pa.0038,﻿church,﻿St. Patrick's,English,,,,﻿Cumberland County,﻿Cumberland County,﻿Carlisle,﻿Carlisle,﻿PA,,40.201024,-77.200274,﻿har.pa.0032,﻿visited from Chambersburg,﻿monthly,,,,,,,,,,,1864,﻿,﻿,﻿Philadelphia,Philadelphia
﻿phi.pa.0312,﻿church,[Unnamed Institution],English,,,,﻿Juniata County,,,,﻿PA,,,,﻿har.pa.0034,﻿attended from Path Valley,,,,,,,,,,,,1864,﻿,﻿,﻿Philadelphia,Philadelphia
﻿phi.pa.0313,﻿church,[Unnamed Institution],English,,,,﻿Fulton County,,,,﻿PA,,,,﻿har.pa.0034,﻿attended from Path Valley,,,,,,,,,,,,1864,﻿,﻿,﻿Philadelphia,Philadelphia
﻿har.pa.0039,﻿church,﻿All Saints,English,,,,﻿Mifflin County,﻿Mifflin County,﻿Lewistown,﻿Lewistown,﻿PA,,40.652279,-77.607786,,,,﻿pau_m_wenkmann_001,﻿Rev.,﻿Paulinus M. Wenkmann,﻿O.S.B.,﻿Pastor,,,,,﻿Order of Saint Benedict,1864,﻿,﻿,﻿Philadelphia,Philadelphia
﻿phi.pa.0314,﻿church,[Unnamed Institution],English,,,,﻿Mifflin County,﻿Mifflin County,﻿McVeytown,,﻿PA,,40.4975,-77.740833,,,,﻿pau_m_wenkmann_001,﻿Rev.,﻿Paulinus Wenkmann,,﻿Pastor,,,,,,1864,﻿,﻿,﻿Philadelphia,Philadelphia
﻿phi.pa.0110,﻿church,﻿St. Bernard's,English,,,,﻿Northampton County,﻿Northampton County,﻿Easton,﻿Easton,﻿PA,,40.688432,-75.220732,,,,﻿tho_reardon_001,﻿Rev.,﻿Thomas Reardon,,﻿Pastor,,,,,,1864,﻿,﻿,﻿Philadelphia,Philadelphia
﻿phi.pa.0111,﻿church,﻿St. Joseph's,﻿German,,,,﻿Northampton County,﻿Northampton County,﻿Easton,﻿Easton,﻿PA,,40.688432,-75.220732,,,,﻿joh_b_frisch_002,﻿Rev.,﻿John Baptist Frisch,,﻿Pastor,,,,,,1864,﻿,﻿,﻿Philadelphia,Philadelphia
﻿phi.pa.0116,﻿church,[Unnamed Institution],English,,,,﻿Northampton County,﻿Northampton County,﻿Freemansburg,﻿Freemansburg,﻿PA,,40.626488,-75.345735,﻿phi.pa.0091,﻿Attended from Allentown,,,,,,,,,,,,1864,﻿,﻿,﻿Philadelphia,Philadelphia
﻿phi.pa.0113,﻿church,﻿Nativity of Our Lord,English,,,,﻿Northampton County,﻿Northampton County,﻿Bethlehem,﻿Bethlehem,﻿PA,,40.625932,-75.370458,﻿phi.pa.0091,﻿Attended from Allentown,,,,,,,,,,,,1864,﻿,﻿,﻿Philadelphia,Philadelphia
﻿phi.pa.0112,﻿church,﻿Church of the Holy Infancy,English,﻿in course of erection,,,﻿Northampton County,﻿Northampton County,﻿South Bethlehem,,﻿PA,,40.610435,-75.374275,﻿phi.pa.0091,﻿Attended from Allentown,,,,,,,,,,,,1864,﻿,﻿,﻿Philadelphia,Philadelphia
﻿phi.pa.0114,﻿church,﻿St. Nicholas',English,,,,﻿Northampton County,﻿Northampton County,﻿Berlinsville,﻿Berlinsville,﻿PA,,40.768706,-75.573797,﻿phi.pa.0091,﻿Visited from Allentown,﻿monthly,,,,,,,,,,,1864,﻿,﻿,﻿Philadelphia,Philadelphia
﻿phi.pa.0091,﻿church,﻿Immaculate Conception,English,,,,﻿Lehigh County,﻿Lehigh County,﻿Allentown,﻿Allentown,﻿PA,,40.602294,-75.47141,,,,﻿mic_c_mcenroe_001,﻿Rev.,﻿Michael McEnroe,,﻿Pastor,,,,,,1864,﻿,﻿,﻿Philadelphia,Philadelphia
﻿phi.pa.0091,﻿church,﻿Immaculate Conception,English,,,,﻿Lehigh County,﻿Lehigh County,﻿Allentown,﻿Allentown,﻿PA,,40.602294,-75.47141,,,,﻿jos_kaelin_002,﻿Rev.,﻿Joseph Kaelin,,,,,,,,1864,﻿,﻿,﻿Philadelphia,Philadelphia
﻿phi.pa.0093,﻿church,﻿St. Laurence's,English,,,,﻿Lehigh County,﻿Lehigh County,﻿Catasauqua,﻿Catasauqua,﻿PA,,40.654819,-75.474627,,,,﻿edw_mckee_001,﻿Rev.,﻿Edward McKee,,﻿Pastor,,,,,,1864,﻿,﻿,﻿Philadelphia,Philadelphia
﻿phi.pa.0263,﻿church,﻿Annunciation of B. V. M.,﻿German,,,,﻿Lehigh County,﻿Lehigh County,﻿Catasauqua,,﻿PA,,39.725,-75.866389,﻿phi.pa.0091,﻿Visited from Allentown,﻿every two weeks,,,,,,,,,,,1864,﻿,﻿,﻿Philadelphia,Philadelphia
﻿phi.pa.0096,﻿church,[Unnamed Institution],English,,,,﻿Lehigh County,﻿Lehigh County,﻿Trexlerstown,﻿Trexlertown,﻿PA,,40.547914,-75.605918,﻿phi.pa.0091,﻿Attended from Allentown,,,,,,,,,,,,1864,﻿,﻿,﻿Philadelphia,Philadelphia
﻿phi.pa.0099,﻿church,[Unnamed Institution],English,,,,﻿Lehigh County,﻿Lehigh County,﻿Ironton,,﻿PA,,40.670096,-75.567686,﻿phi.pa.0093,﻿Attended from Catasauqua,﻿once a month,,,,,,,,,,,1864,﻿,﻿,﻿Philadelphia,Philadelphia
﻿phi.pa.0100,﻿church,[Unnamed Institution],English,,,,﻿Lehigh County,﻿Lehigh County,﻿Slatington,﻿Slatington,﻿PA,,40.752612,-75.60621,﻿phi.pa.0093,﻿Attended from Catasauqua,﻿once a month,,,,,,,,,,,1864,﻿,﻿,﻿Philadelphia,Philadelphia
﻿phi.pa.0059,﻿church,﻿Immaculate Conception,English,,,,﻿Carbon County,﻿Carbon County,﻿Mauch Chunk,﻿Jim Thorpe,﻿PA,,40.875924,-75.732413,,,,﻿mic_j_blacker_001,﻿Rev.,﻿Michael J. Blacker,,﻿Pastor,,,,,,1864,﻿,﻿,﻿Philadelphia,Philadelphia
﻿phi.pa.0060,﻿church,﻿St. Patrick's,English,,,,﻿Carbon County,﻿Carbon County,﻿Nesquehoning,﻿Nesquehoning,﻿PA,,40.864534,-75.811028,﻿phi.pa.0059,﻿Attended from Mauch Chunk,﻿every other Sunday,,,,,,,,,,,1864,﻿,﻿,﻿Philadelphia,Philadelphia
﻿phi.pa.0064,﻿church,﻿St. Mary's,English,,,,﻿Carbon County,﻿Carbon County,﻿Beaver Meadows,﻿Beaver Meadows,﻿PA,,40.928142,-75.914644,﻿phi.pa.0063,﻿Visited from Hazleton,﻿every other Sunday,,,,,,,,,,,1864,﻿,﻿,﻿Philadelphia,Philadelphia
﻿phi.pa.0261,﻿church,﻿St. Joseph's,English,,,,﻿Carbon County,,﻿Rockport,,﻿PA,,40.916667,-75.791389,,,,﻿pat_j_nunan_001,﻿Rev.,﻿Patrick C. Nunan,,﻿Pastor,,,,,,1864,﻿,﻿,﻿Philadelphia,Philadelphia
﻿phi.pa.0066,﻿church,﻿--------,English,,,,﻿Carbon County,﻿Carbon County,﻿Penn Haven,﻿Penn Haven Junction,﻿PA,,40.945088,-75.746858,﻿phi.pa.0261,﻿Visited from Rockport,﻿once a month,,,,,,,,,,,1864,﻿,﻿,﻿Philadelphia,Philadelphia
﻿phi.pa.0068,﻿church,﻿St. Joseph's,English,,,,﻿Carbon County,﻿Carbon County,﻿Summit Hill,﻿Summit Hill,﻿PA,,40.824472,-75.880603,,,,﻿jam_kelly_001,﻿Rev.,﻿James Kelly,,﻿Pastor,,,,,,1864,﻿,﻿,﻿Philadelphia,Philadelphia
﻿phi.pa.0061,﻿church,﻿Holy Cross,English,,,,﻿Carbon County,﻿Carbon County,﻿Parryville,﻿Parryville,﻿PA,,40.818148,-75.672688,﻿phi.pa.0059,﻿Attended from Mauch Chunk,,,,,,,,,,,,1864,﻿,﻿,﻿Philadelphia,Philadelphia
﻿phi.pa.0295,﻿church,[Unnamed Institution],English,,,,﻿Carbon County,﻿Carbon County,﻿Pine Swamps,,﻿PA,,40.50297,-75.64863,,,,,,,,,,,,,,1864,﻿,﻿,﻿Philadelphia,Philadelphia
﻿phi.pa.0119,﻿church,﻿St. Patrick's,English,,,,﻿Schuylkill County,﻿Schuylkill County,﻿Pottsville,﻿Pottsville,﻿PA,,40.685646,-76.195499,,,,﻿nic_j_walsh_001,﻿Rev.,﻿Nicholas J. Walsh,,﻿Pastor,,,,,,1864,﻿,﻿,﻿Philadelphia,Philadelphia
﻿phi.pa.0119,﻿church,﻿St. Patrick's,English,,,,﻿Schuylkill County,﻿Schuylkill County,﻿Pottsville,﻿Pottsville,﻿PA,,40.685646,-76.195499,,,,﻿mic_murphy_001,﻿Rev.,﻿Michael Murphy,,,,,,,,1864,﻿,﻿,﻿Philadelphia,Philadelphia
﻿phi.pa.0120,﻿church,﻿St. John the Baptist's,﻿German,,,,﻿Schuylkill County,﻿Schuylkill County,﻿Pottsville,﻿Pottsville,﻿PA,,40.680729,-76.201355,,,,﻿fra_j_wachter_001,﻿Rev.,﻿Francis Jos. Wachter,,﻿Pastor,,,,,,1864,﻿,﻿,﻿Philadelphia,Philadelphia
﻿phi.pa.0124,﻿church,﻿St. Vincent de Paul's,English,,,,﻿Schuylkill County,﻿Schuylkill County,﻿Minersville,﻿Minersville,﻿PA,,40.690645,-76.26217,,,,﻿mic_malone_001,﻿Rev.,﻿Michael Malone,,﻿Pastor,,,,,,1864,﻿,﻿,﻿Philadelphia,Philadelphia
﻿phi.pa.0125,﻿church,﻿St. Mary of Mt. Carmel,﻿German,,,,﻿Schuylkill County,﻿Schuylkill County,﻿Minersville,﻿Minersville,﻿PA,,40.690645,-76.26217,﻿phi.pa.0120,﻿attended from Pottsville,,,,,,,,,,,,1864,﻿,﻿,﻿Philadelphia,Philadelphia
﻿phi.pa.0126,﻿church,﻿Immaculate Conception,English,,,,﻿Schuylkill County,﻿Schuylkill County,﻿Tremont,﻿Tremont,﻿PA,,40.628422,-76.387177,,,,﻿wil_c_mcloughlin_001,﻿Rev.,﻿Wm. McLoughlin,,﻿Pastor,,,,,,1864,﻿,﻿,﻿Philadelphia,Philadelphia
﻿phi.pa.0127,﻿church,﻿St. Stephen's,English,,,,﻿Schuylkill County,﻿Schuylkill County,﻿Port Carbon,﻿Port Carbon,﻿PA,,40.696604,-76.164048,,,,﻿dan_magorien_001,﻿Rev.,﻿Daniel Magorien,,﻿Pastor,,,,,,1864,﻿,﻿,﻿Philadelphia,Philadelphia
﻿phi.pa.0129,﻿church,﻿St. Jerome's,English,,,,﻿Schuylkill County,﻿Schuylkill County,﻿Tamaqua,﻿Tamaqua,﻿PA,,40.797311,-75.969371,,,,﻿tho_quinn_002,﻿Rev.,﻿Patrick Quinn,,﻿Pastor,,,,,,1864,﻿,﻿,﻿Philadelphia,Philadelphia
﻿phi.pa.0241,﻿church,﻿St. Boniface's,English,,,,﻿Schuylkill County,,﻿St. Clair,,﻿PA,,40.715991,-76.201017,,,,﻿alp_schedle_001,﻿Rev.,﻿Alphonsus Schedle,﻿O.S.B.V.M.,﻿Pastor,,,,,﻿Order of Servants of Mary,1864,﻿,﻿,﻿Philadelphia,Philadelphia
﻿phi.pa.0133,﻿church,﻿St. Joseph's,English,,,,﻿Schuylkill County,﻿Schuylkill County,﻿Ashland,﻿Ashland,﻿PA,,40.781754,-76.345782,,,,﻿mic_sheridan_001,﻿Rev.,﻿Michael Sheridan,,﻿Pastor,,,,,,1864,﻿,﻿,﻿Philadelphia,Philadelphia
﻿phi.pa.0134,﻿church,﻿St. Maurice,English,,,,﻿Schuylkill County,﻿Schuylkill County,﻿Ashland,﻿Ashland,﻿PA,,40.781754,-76.345782,,,,﻿joh_b_bache_001,﻿Rev.,﻿John B. Bache,,﻿Pastor,,,,,,1864,﻿,﻿,﻿Philadelphia,Philadelphia
﻿phi.pa.0128,﻿church,[Unnamed Institution],English,,,,﻿Schuylkill County,,﻿New Philadelphia,,﻿PA,,40.719534,-76.115771,﻿phi.pa.0127,﻿Visited from Port Carbon,﻿occasionally,,,,,,,,,,,1864,﻿,﻿,﻿Philadelphia,Philadelphia
﻿phi.pa.0315,﻿church,[Unnamed Institution],English,,,,﻿Schuylkill County,,﻿Middleport,,﻿PA,,40.730278,-76.085556,﻿phi.pa.0127,﻿Visited from Port Carbon,﻿occasionally,,,,,,,,,,,1864,﻿,﻿,﻿Philadelphia,Philadelphia
﻿phi.pa.0131,﻿church,﻿St. Patrick's,English,,,,﻿Schuylkill County,﻿Schuylkill County,﻿Patterson,﻿Brockton,﻿PA,,40.749252,-76.069106,﻿phi.pa.0129,﻿Attended from Tamaqua,﻿monthly,,,,,,,,,,,1864,﻿,﻿,﻿Philadelphia,Philadelphia
﻿phi.pa.0132,﻿church,﻿St. Bartholomew's,English,,,,﻿Schuylkill County,﻿Schuylkill County,﻿Patterson,﻿Brockton,﻿PA,,40.749252,-76.069106,﻿phi.pa.0120,﻿Attended from Pottsville,﻿monthly,,,,,,,,,,,1864,﻿,﻿,﻿Philadelphia,Philadelphia
﻿phi.pa.0137,﻿church,﻿St. Canicus,English,,,,﻿Schuylkill County,﻿Schuylkill County,﻿Mahonoy City,﻿Mahanoy City,﻿PA,,40.812588,-76.141603,,,,﻿mic_mcevoy_001,﻿Rev.,﻿Michael McEvoy,,﻿Pastor,,,,,,1864,﻿,﻿,﻿Philadelphia,Philadelphia
﻿phi.pa.0130,﻿church,﻿St. Raphael's,English,,,,﻿Schuylkill County,﻿Schuylkill County,﻿Tuscarora,﻿Tuscarora,﻿PA,,40.770089,-76.037431,﻿phi.pa.0129,﻿Visited from Tamaqua,﻿monthly,,,,,,,,,,,1864,﻿,﻿,﻿Philadelphia,Philadelphia
﻿phi.pa.0316,﻿church,[Unnamed Institution],English,,﻿Catawissa R. R.,,﻿Schuylkill County,﻿Schuylkill County,﻿Summit,,﻿PA,,40.560278,-76.198889,﻿phi.pa.0129,﻿Visited from Tamaqua,﻿monthly,,,,,,,,,,,1864,﻿,﻿,﻿Philadelphia,Philadelphia
﻿phi.pa.0140,﻿church,﻿St. Kieran's,English,,,,﻿Schuylkill County,﻿Schuylkill County,﻿Heckshersville,﻿Heckscherville,﻿PA,,40.719492,-76.273294,,,,﻿joh_scanlan_001,﻿Rev.,﻿John Scanlan,,﻿Pastor,,,,,,1864,﻿,﻿,﻿Philadelphia,Philadelphia
﻿scr.pa.0076,﻿church,﻿St. Boniface,English,,,,﻿Lycoming County,﻿Lycoming County,﻿Williamsport,﻿Williamsport,﻿PA,,41.248349,-76.997221,,,,﻿jam_a_moshall_001,﻿Rev.,﻿James A. Moshall,,﻿Pastor,,,,,,1864,﻿,﻿,﻿Philadelphia,Philadelphia
﻿scr.pa.0077,﻿church,﻿Immaculate Conception,English,,﻿Bastros P.O.,,﻿Lycoming County,﻿Lycoming County,﻿Nippenose Valley,﻿Bastress Township,﻿PA,,41.184327,-77.113998,,,,﻿joh_h_lenfert_001,﻿Rev.,﻿John Lenfert,,﻿Pastor,,,,,,1864,﻿,﻿,﻿Philadelphia,Philadelphia
﻿phi.pa.0317,﻿church,[Unnamed Institution],English,,,,﻿Lycoming County,﻿Lycoming County,﻿Mosquito Settlement,,﻿PA,,,,﻿scr.pa.0077,﻿Visited from Nippenose Valley,﻿occasionally,,,,,,,,,,,1864,﻿,﻿,﻿Philadelphia,Philadelphia
﻿scr.pa.0078,﻿church,﻿St. Mary's (Assumption),English,,,,﻿Lycoming County,﻿Lycoming County,﻿Cascade,﻿Cascade Township,﻿PA,,41.465155,-76.895155,,﻿Visited,﻿occasionally,,,,,,,,,,,1864,﻿,﻿,﻿Philadelphia,Philadelphia
﻿phi.pa.0318,﻿church,[Unnamed Institution],English,,,,﻿Lycoming County,﻿Lycoming County,﻿Astonville,,﻿PA,,41.482013,-76.963131,,﻿Visited,﻿occasionally,,,,,,,,,,,1864,﻿,﻿,﻿Philadelphia,Philadelphia
﻿phi.pa.0319,﻿church,[Unnamed Institution],English,,,,﻿Lycoming County,﻿Lycoming County,﻿Ralston,,﻿PA,,41.506389,-76.954167,,﻿Visited,﻿occasionally,,,,,,,,,,,1864,﻿,﻿,﻿Philadelphia,Philadelphia
﻿har.pa.0041,﻿church,﻿St. John the Evangelist,English,,,,﻿Centre County,﻿Centre County,﻿Bellefonte,﻿Bellefonte,﻿PA,,40.910678,-77.776185,,,,﻿ber_mansur_001,﻿Rev.,﻿Bernard Manser,﻿O.S.B.,﻿Pastor,,,,,﻿Order of Saint Benedict,1864,﻿,﻿,﻿Philadelphia,Philadelphia
﻿har.pa.0043,﻿church,[Unnamed Institution],English,,,,﻿Centre County,﻿Centre County,﻿Snow Shoe,﻿Snow Shoe,﻿PA,,41.030891,-77.949449,﻿har.pa.0041,﻿Visited from Bellefonte,﻿monthly,,,,,,,,,,,1864,﻿,﻿,﻿Philadelphia,Philadelphia
﻿har.pa.0048,﻿church,﻿Immaculate Conception,English,,,,﻿Clinton County,﻿Clinton County,﻿Lockhaven,﻿Lockhaven,﻿PA,,41.333194,-77.653612,,,,﻿joh_c_gilligan_001,﻿Rev.,﻿John C. Gilligan,,﻿Pastor,,,,,,1864,﻿,﻿,﻿Philadelphia,Philadelphia
﻿har.pa.0049,﻿church,[Unnamed Institution],English,,,,﻿Clinton County,﻿Clinton County,﻿Renova,﻿Renovo,﻿PA,,41.326456,-77.75082,﻿har.pa.0048,﻿attended from Lockhaven,﻿once a month,,,,,,,,,,,1864,﻿,﻿,﻿Philadelphia,Philadelphia
﻿har.pa.0046,﻿church,[Unnamed Institution],English,,,,﻿Centre County,﻿Centre County,﻿Heckla Furnace,﻿Zion,﻿PA,,40.921161,-77.667839,,﻿Visited,﻿occasionally,,,,,,,,,,,1864,﻿,﻿,﻿Philadelphia,Philadelphia
﻿phi.pa.0321,﻿church,[Unnamed Institution],English,,,,﻿Centre County,﻿Centre County,﻿Sinnemahoning,,﻿PA,,,,﻿har.pa.0041,﻿Visited from Bellefonte,﻿monthly,,,,,,,,,,,1864,﻿,﻿,﻿Philadelphia,Philadelphia
﻿scr.pa.0092,﻿church,﻿St. Anthony of Padua,English,,,,﻿Wyoming County,﻿Wyoming County,﻿Mahoopeny,﻿Mehoopany,﻿PA,,41.56341,-76.060481,﻿scr.pa.0079,﻿Visited from Dushore,﻿monthly,,,,,,,,,,,1864,﻿,﻿,﻿Philadelphia,Philadelphia
﻿scr.pa.0093,﻿church,[Unnamed Institution],English,,,,﻿Wyoming County,﻿Wyoming County,﻿Tunkhannock,﻿Tunkhannock,﻿PA,,41.538688,-75.946588,﻿scr.pa.0080,"﻿Attended from St. Joseph's, Susquehanna Co.",﻿monthly,,,,,,,,,,,1864,﻿,﻿,﻿Philadelphia,Philadelphia
﻿scr.pa.0094,﻿church,[Unnamed Institution],English,,,,﻿Wyoming County,﻿Wyoming County,﻿Meshoppen,﻿Meshoppen,﻿PA,,41.614243,-76.046592,﻿scr.pa.0080,"﻿Attended from St. Joseph's, Susquehanna Co.",﻿monthly,,,,,,,,,,,1864,﻿,﻿,﻿Philadelphia,Philadelphia
﻿scr.pa.0079,﻿church,﻿St. Basil's,English,,,,﻿Sullivan County,﻿Sullivan County,﻿Dushore,﻿Dushore,﻿PA,,41.525644,-76.402556,,,,﻿xav_a_kaier_001,﻿Rev.,﻿Xavier Al. Kaier,,,,,,,,1864,﻿,﻿,﻿Philadelphia,Philadelphia
﻿phi.pa.0322,﻿church,[Unnamed Institution],English,,,,﻿Sullivan County,﻿Sullivan County,﻿Forks of Loyalsock,,﻿PA,,41.458333,-76.626389,﻿scr.pa.0079,﻿Visited from Dushore,﻿monthly,,,,,,,,,,,1864,﻿,﻿,﻿Philadelphia,Philadelphia
﻿phi.pa.0323,﻿church,[Unnamed Institution],English,,,,﻿Sullivan County,﻿Sullivan County,﻿Laporte,,﻿PA,,41.423333,-76.490833,﻿scr.pa.0079,﻿Visited from Dushore,﻿occasionally,,,,,,,,,,,1864,﻿,﻿,﻿Philadelphia,Philadelphia
﻿har.pa.0058,﻿church,﻿St. Joseph's,English,,﻿Chillisquaque P. O.,,﻿Northumberland County,﻿Northumberland,﻿Milton,﻿Milton,﻿PA,,41.01203,-76.847741,,,,﻿jos_koch_001,﻿Rev.,﻿Joseph Koch,,﻿Pastor,,,,,,1864,﻿,﻿,﻿Philadelphia,Philadelphia
﻿har.pa.0059,﻿church,﻿St. Edward's,English,,,,﻿Northumberland County,﻿Northumberland,﻿Shamokin,﻿Shamokin,﻿PA,,40.788975,-76.558847,﻿har.pa.0064,﻿attended from Danville,﻿monthly,,,,,,,,,,,1864,﻿,﻿,﻿Philadelphia,Philadelphia
﻿har.pa.0060,﻿church,﻿St. Patrick's,English,,,,﻿Northumberland County,﻿Northumberland,﻿Trevorton,﻿Trevorton,﻿PA,,40.781196,-76.673018,﻿har.pa.0064,﻿attended from Danville,,,,,,,,,,,,1864,﻿,﻿,﻿Philadelphia,Philadelphia
﻿har.pa.0064,﻿church,﻿St. Joseph's,English,,,,﻿Montour County,﻿Montour County,﻿Danville,﻿Danville,﻿PA,,40.96342,-76.612733,,,,﻿edw_murray_001,﻿Rev.,﻿Edward Murray,,﻿Pastor,,,,,,1864,﻿,﻿,﻿Philadelphia,Philadelphia
﻿har.pa.0065,﻿church,﻿St. Hubert,﻿German,"﻿new church, in course of erection",,,﻿Montour County,﻿Montour County,﻿Danville,﻿Danville,﻿PA,,40.96342,-76.612733,,,,﻿jos_koch_001,﻿Rev.,﻿Jos. Koch,,﻿Pastor,,,,,,1864,﻿,﻿,﻿Philadelphia,Philadelphia
﻿har.pa.0067,﻿church,﻿St. Columkill's,English,,,,﻿Columbia County,﻿Columbia County,﻿Bloomsburg,﻿Bloomsburg,﻿PA,,41.003698,-76.454946,﻿har.pa.0064,﻿attended from Danville,﻿monthly,,,,,,,,,,,1864,﻿,﻿,﻿Philadelphia,Philadelphia
﻿phi.pa.0304,﻿church,[Unnamed Institution],English,,,,﻿Union County,﻿Union County,﻿Dry Valley,,﻿PA,,40.891936,-76.914583,,﻿attended,﻿occasionally,,,,,,,,,,,1864,﻿,﻿,﻿Philadelphia,Philadelphia
﻿har.pa.0057,﻿church,[Unnamed Institution],English,,,,﻿Union County,﻿Union County,﻿Lewisburg,,﻿PA,,40.964529,-76.88441,,﻿attended,﻿occasionally,,,,,,,,,,,1864,﻿,﻿,﻿Philadelphia,Philadelphia
﻿scr.pa.0080,﻿church,﻿Church of the Holy Family,English,,﻿(P.O.),,﻿Susquehanna County,﻿Susquehanna County,﻿St. Joseph's,,﻿PA,,41.921745,-75.992724,,,,﻿joh_oreilly_001,﻿Very Rev.,﻿John V. O'Reilly,,"﻿Pastor, V.F.",,,,,,1864,﻿,﻿,﻿Philadelphia,Philadelphia
﻿scr.pa.0080,﻿church,﻿Church of the Holy Family,English,,﻿(P.O.),,﻿Susquehanna County,﻿Susquehanna County,﻿St. Joseph's,,﻿PA,,41.921745,-75.992724,,,,﻿hug_monahan_001,﻿Rev.,﻿Hugh Monahan,,,,,,,,1864,﻿,﻿,﻿Philadelphia,Philadelphia
﻿scr.pa.0080,﻿church,﻿Church of the Holy Family,English,,﻿(P.O.),,﻿Susquehanna County,﻿Susquehanna County,﻿St. Joseph's,,﻿PA,,41.921745,-75.992724,,,,﻿joh_monahan_001,﻿Rev.,﻿John Monahan,,,,,,,,1864,﻿,﻿,﻿Philadelphia,Philadelphia
﻿scr.pa.0080,﻿church,﻿Church of the Holy Family,English,,﻿(P.O.),,﻿Susquehanna County,﻿Susquehanna County,﻿St. Joseph's,,﻿PA,,41.921745,-75.992724,,,,﻿joh_m_cox_001,﻿Rev.,﻿John M. Cox,,,,,,,,1864,﻿,﻿,﻿Philadelphia,Philadelphia
﻿scr.pa.0081,﻿church,﻿St. Augustine's,English,,,,﻿Susquehanna County,,﻿Silver Lake,,﻿PA,,41.96547,-75.953735,,,,﻿hug_monahan_001,﻿Rev.,﻿Hugh Monahan,,﻿Pastor,,,,,,1864,﻿,﻿,﻿Philadelphia,Philadelphia
﻿scr.pa.0084,﻿church,[Unnamed Institution],English,,,,﻿Susquehanna County,﻿Susquehanna County,﻿Great Bend,﻿Great Bend,﻿PA,,41.974694,-75.744406,﻿scr.pa.0080,﻿Attended from St. Joseph's,,,,,,,,,,,,1864,﻿,﻿,﻿Philadelphia,Philadelphia
﻿scr.pa.0085,﻿church,[Unnamed Institution],English,,,,﻿Susquehanna County,﻿Susquehanna County,﻿New Milford,﻿New Milford,﻿PA,,41.872578,-75.727132,﻿scr.pa.0080,﻿Attended from St. Joseph's,,,,,,,,,,,,1864,﻿,﻿,﻿Philadelphia,Philadelphia
﻿scr.pa.0090,﻿church,﻿St. Patrick's,English,,,,﻿Susquehanna County,﻿Susquehanna County,﻿Middletown,﻿Middletown Township,﻿PA,,41.880602,-76.1088,﻿scr.pa.0080,﻿Attended from St. Joseph's,,,,,,,,,,,,1864,﻿,﻿,﻿Philadelphia,Philadelphia
﻿scr.pa.0089,﻿church,﻿St. Bonaventure,English,,,,﻿Susquehanna County,﻿Susquehanna County,﻿Auburn,﻿Auburn Township,﻿PA,,41.679645,-76.062398,﻿scr.pa.0080,﻿Attended from St. Joseph's,,,,,,,,,,,,1864,﻿,﻿,﻿Philadelphia,Philadelphia
﻿scr.pa.0088,﻿church,﻿St. Francis Xavier's,English,,,,﻿Susquehanna County,﻿Susquehanna County,﻿Friendsville,﻿Friendsville,﻿PA,,41.917019,-76.045479,﻿scr.pa.0080,﻿Attended from St. Joseph's,,,,,,,,,,,,1864,﻿,﻿,﻿Philadelphia,Philadelphia
﻿scr.pa.0082,﻿church,﻿Holy Name of Mary,English,,,,﻿Susquehanna County,﻿Susquehanna County,﻿Montrose,﻿Montrose,﻿PA,,41.829996,-75.880545,,,,﻿hug_monahan_001,﻿Rev.,﻿Hugh Monahan,,﻿Pastor,,,,,,1864,﻿,﻿,﻿Philadelphia,Philadelphia
﻿scr.pa.0083,﻿church,﻿St. John Nepomucen's,English,,,,﻿Susquehanna County,,﻿Susquehanna,﻿Susquehanna Depot?,﻿PA,,41.943607,-75.599179,,,,﻿joh_oreilly_001,﻿Very Rev.,﻿John V. O'Reilly,,"﻿Pastor, V.F.",,,,,,1864,﻿,﻿,﻿Philadelphia,Philadelphia
﻿scr.pa.0105,﻿church,﻿Immaculate Conception,English,,,,﻿Luzerne County,,﻿Wilkesbarre,,﻿PA,,41.24114,-75.884236,,,,﻿hen_fitzsimmons_001,﻿Rev.,﻿Henry Fitzsimmons,,﻿Pastor,,,,,,1864,﻿,﻿,﻿Philadelphia,Philadelphia
﻿scr.pa.0009,﻿church,﻿St. Nicholas,﻿German,,,,﻿Luzerne County,﻿Luzerne County,﻿Wilkesbarre,﻿Wilkes-Barre,﻿PA,,41.24114,-75.884236,,,,﻿pet_c_nagel_001,﻿Rev.,﻿Peter C. Nagel,,﻿Pastor,,,,,,1864,﻿,﻿,﻿Philadelphia,Philadelphia
﻿scr.pa.0011,﻿church,[Unnamed Institution],English,,,,﻿Luzerne County,﻿Luzerne County,﻿Nanticoke,﻿Nanticoke,﻿PA,,41.20536,-76.004923,,"﻿Attended from Wilkesbarre, by Rev. Henry Fitzsimmons",﻿monthly,,,,,,,,,,,1864,﻿,﻿,﻿Philadelphia,Philadelphia
﻿scr.pa.0020,﻿church,﻿St. Rose of Lima,English,,,,﻿Luzerne County,﻿Lackawanna County,﻿Carbondale,﻿Carbondale,﻿PA,,41.573694,-75.501851,,,,﻿fra_carew_001,﻿Rev.,﻿Francis Carew,,﻿Pastor,,,,,,1864,﻿,﻿,﻿Philadelphia,Philadelphia
﻿scr.pa.0018,﻿church,﻿St. Thomas of Aquin,English,,,,﻿Luzerne County,﻿Lackawanna County,﻿Archibald,﻿Archbald,﻿PA,,41.494804,-75.536852,,,,﻿joh_laughran_001,﻿Rev.,﻿John Loughran,,﻿Pastor,,,,,,1864,﻿,﻿,﻿Philadelphia,Philadelphia
﻿scr.pa.0001,﻿church,﻿St. Vincent de Paul,English,,,,﻿Luzerne County,﻿Lackawanna County,﻿Scranton,﻿Scranton,﻿PA,,41.408969,-75.662412,,,,﻿mos_whitty_001,﻿Rev.,﻿Moses Whitty,,﻿Pastor,,,,,,1864,﻿,﻿,﻿Philadelphia,Philadelphia
﻿scr.pa.0001,﻿church,﻿St. Vincent de Paul,English,,,,﻿Luzerne County,﻿Lackawanna County,﻿Scranton,﻿Scranton,﻿PA,,41.408969,-75.662412,,,,﻿tho_toner_001,﻿Rev.,﻿Thomas P. Toner,,,,,,,,1864,﻿,﻿,﻿Philadelphia,Philadelphia
﻿scr.pa.0005,﻿church,﻿St. Bonaventure's,English,,,,﻿Luzerne County,﻿Luzerne County,﻿Scranton,﻿Pittston,﻿PA,,41.325913,-75.78936,﻿scr.pa.0009,"﻿Attended by Rev. Peter C. Nagel, of Wilkesbarre",,,,,,,,,,,,1864,﻿,﻿,﻿Philadelphia,Philadelphia
﻿scr.pa.0002,﻿church,﻿St. Simon the Apostle,English,,,,﻿Luzerne County,,﻿Dunmore,,﻿PA,,41.408969,-75.662412,,,,﻿edm_w_fitzmaurice_001,﻿Rev.,﻿Edmund W. Fitzmaurice,,﻿Pastor,,,,,,1864,﻿,﻿,﻿Philadelphia,Philadelphia
﻿scr.pa.0006,﻿church,﻿St. John the Evangelist,English,,,,﻿Luzerne County,﻿Luzerne County,﻿Pittston,﻿Pittston,﻿PA,,41.322732,-75.788943,,,,﻿joh_finnan_001,﻿Rev.,﻿John Finnen,,﻿Pastor,,,,,,1864,﻿,﻿,﻿Philadelphia,Philadelphia
﻿phi.pa.0280,﻿church,"﻿St. Mary's, Help of Christians",English,,,,﻿Luzerne County,﻿Luzerne County,﻿Frenchtown,,﻿PA,,41.611944,-80.021667,﻿scr.pa.0012,﻿Attended from Hazleton,﻿every alternate Sunday,,,,,,,,,,,1864,﻿,﻿,﻿Philadelphia,Philadelphia
﻿scr.pa.0012,﻿church,﻿St. Gabriel's,English,,,,﻿Luzerne County,﻿Luzerne County,﻿Hazleton,﻿Hazleton,﻿PA,,40.950892,-75.975941,,,,﻿mic_l_scanlan_001,﻿Rev.,﻿Michael L. Scanlan,,﻿Pastor,,,,,,1864,﻿,﻿,﻿Philadelphia,Philadelphia
﻿scr.pa.0012,﻿church,﻿St. Gabriel's,English,,,,﻿Luzerne County,﻿Luzerne County,﻿Hazleton,﻿Hazleton,﻿PA,,40.950892,-75.975941,,,,﻿joh_laughran_001,﻿Rev.,﻿John Hugh Loughran,,,,,,,,1864,﻿,﻿,﻿Philadelphia,Philadelphia
﻿phi.pa.0326,﻿church,[Unnamed Institution],English,,,,﻿Luzerne County,﻿Luzerne County,﻿Hurl's Farm,,﻿PA,,,,﻿scr.pa.0018,﻿Attended from Archibald,﻿monthly,,,,,,,,,,,1864,﻿,﻿,﻿Philadelphia,Philadelphia
﻿scr.pa.0014,﻿church,[Unnamed Institution],English,,,,﻿Luzerne County,﻿Luzerne County,﻿White Haven,﻿White Haven,﻿PA,,41.06064,-75.774082,﻿phi.pa.0261,﻿Visited from Rockport,﻿once a month,,,,,,,,,,,1864,﻿,﻿,﻿Philadelphia,Philadelphia
﻿scr.pa.0017,﻿church,﻿St. Catharine of Sienna,English,,,,﻿Luzerne County,﻿Lackawanna County,﻿Moscow,﻿Moscow,﻿PA,,41.337035,-75.521696,﻿scr.pa.0002,﻿visited from Dunmore,﻿monthly,,,,,,,,,,,1864,﻿,﻿,﻿Philadelphia,Philadelphia
﻿phi.pa.0215,﻿church,"﻿St. Thaddeus, Apostle",English,,,,﻿Luzerne County,,﻿Providence,,﻿PA,,41.44371,-75.663703,﻿scr.pa.0001,"﻿attended from St. Vincent's, Scranton",,,,,,,,,,,,1864,﻿,﻿,﻿Philadelphia,Philadelphia
﻿scr.pa.0013,﻿church,﻿Immaculate Conception,English,,,,﻿Luzerne County,﻿Luzerne County,﻿Eckley,,﻿PA,,40.995238,-75.85601,﻿phi.pa.0261,"﻿Attended from Rockport, Carbon Co.",﻿every alternate Sunday,,,,,,,,,,,1864,﻿,﻿,﻿Philadelphia,Philadelphia
﻿scr.pa.0021,﻿church,﻿St. John Evangelist,English,,,,﻿Wayne County,﻿Wayne County,﻿Honesdale,﻿Honesdale,﻿PA,,41.569375,-75.253112,,,,﻿joh_j_doherty_001,﻿Rev.,﻿John Doherty,,﻿Pastor,,,,,,1864,﻿,﻿,﻿Philadelphia,Philadelphia
﻿scr.pa.0022,﻿church,﻿St. Mary Magdalen's,﻿German,,,,﻿Wayne County,﻿Wayne County,﻿Honesdale,﻿Honesdale,﻿PA,,41.576755,-75.258787,,,,﻿fra_büthe_001,﻿Rev.,﻿Francis Buthe,,﻿Pastor,,,,,,1864,﻿,﻿,﻿Philadelphia,Philadelphia
﻿scr.pa.0026,﻿church,﻿St. Philomena's,English,,,,﻿Wayne County,﻿Wayne County,﻿Hawley,﻿Hawley,﻿PA,,41.475922,-75.182119,,,,﻿mic_filan_001,﻿Rev.,﻿Michael Filan,,﻿Pastor,,,,,,1864,﻿,﻿,﻿Philadelphia,Philadelphia
﻿phi.pa.0328,﻿church,[Unnamed Institution],English,,,,﻿Wayne County,﻿Wayne County,﻿Cherry Ridge,,﻿PA,,41.529951,-75.291967,,"﻿Visited from St. John's, Honesdale",﻿monthly,,,,,,,,,,,1864,﻿,﻿,﻿Philadelphia,Philadelphia
﻿scr.pa.0028,﻿church,﻿St. Juliana of Falconieri,English,,﻿Rocklake P. O.,,﻿Wayne County,﻿Wayne County,﻿Mount Pleasant,,﻿PA,,41.782318,-75.34357,,,,﻿ant_dellanave_001,﻿Rev.,﻿Anthony Dellanave,,﻿Pastor,,,,,,1864,﻿,﻿,﻿Philadelphia,Philadelphia
﻿scr.pa.0023,﻿church,﻿St. Patrick's,English,,,,﻿Wayne County,﻿Wayne County,﻿Canaan,﻿Canaan Township,﻿PA,,41.560554,-75.352878,﻿scr.pa.0021,"﻿Attended by Rev. John Doherty, of Honesdale",,,,,,,,,,,,1864,﻿,﻿,﻿Philadelphia,Philadelphia
﻿scr.pa.0030,﻿church,[Unnamed Institution],English,,,,﻿Wayne County,﻿Wayne County,﻿Equinunc,﻿Equinunk,﻿PA,,41.855921,-75.223783,﻿scr.pa.0028,﻿Visited by Rev. Anthony Delanave,﻿monthly,,,,,,,,,,,1864,﻿,﻿,﻿Philadelphia,Philadelphia
﻿scr.pa.0032,﻿church,[Unnamed Institution],English,,,,﻿Wayne County,﻿Wayne County,﻿Starucca,﻿Starrucca,﻿PA,,41.899806,-75.470735,﻿scr.pa.0028,﻿Visited by Rev. Anthony Delanave,﻿monthly,,,,,,,,,,,1864,﻿,﻿,﻿Philadelphia,Philadelphia
﻿phi.pa.0329,﻿church,[Unnamed Institution],English,,,,﻿Wayne County,﻿Wayne County,﻿Damascus,,﻿PA,,41.703144,-75.068224,﻿scr.pa.0028,﻿Visited by Rev. Anthony Delanave,﻿monthly,,,,,,,,,,,1864,﻿,﻿,﻿Philadelphia,Philadelphia
﻿scr.pa.0029,﻿church,﻿St. Cecilia's,English,,,,﻿Wayne County,﻿Wayne County,﻿South Pleasant Mountain,﻿Pleasant Mount,﻿PA,,41.74004,-75.434571,﻿scr.pa.0028,﻿Visited by Rev. Anthony Delanave,﻿monthly,,,,,,,,,,,1864,﻿,﻿,﻿Philadelphia,Philadelphia
﻿scr.pa.0037,﻿church,[Unnamed Institution],English,,,,﻿Wayne County,﻿Wayne County,﻿Waymart,﻿Waymart,﻿PA,,41.580363,-75.408237,﻿scr.pa.0020,﻿Visited from Carbondale,﻿occasionally,,,,,,,,,,,1864,﻿,﻿,﻿Philadelphia,Philadelphia
﻿scr.pa.0027,﻿church,[Unnamed Institution],English,,,,﻿Pike County,﻿Pike County,﻿Ledgedale,,﻿PA,,41.36705,-75.319306,﻿scr.pa.0026,"﻿Attended from Hawley, Wayne Co.",﻿monthly,,,,,,,,,,,1864,﻿,﻿,﻿Philadelphia,Philadelphia
﻿phi.pa.0330,﻿church,[Unnamed Institution],English,,,,﻿Pike County,﻿Pike County,﻿Blooming Grove,,﻿PA,,41.376667,-74.999444,﻿scr.pa.0026,"﻿Attended from Hawley, Wayne Co.",﻿monthly,,,,,,,,,,,1864,﻿,﻿,﻿Philadelphia,Philadelphia
﻿scr.pa.0038,﻿church,[Unnamed Institution],English,,,,﻿Pike County,﻿Pike County,﻿Lackawaxen,﻿Lackawaxen,﻿PA,,41.482034,-74.986002,﻿scr.pa.0026,"﻿Attended from Hawley, Wayne Co.",﻿monthly,,,,,,,,,,,1864,﻿,﻿,﻿Philadelphia,Philadelphia
﻿scr.pa.0039,﻿church,[Unnamed Institution],English,,,,﻿Pike County,﻿Pike County,﻿Shohola,,﻿PA,,41.47509,-74.915167,﻿scr.pa.0026,"﻿Attended from Hawley, Wayne Co.",﻿monthly,,,,,,,,,,,1864,﻿,﻿,﻿Philadelphia,Philadelphia
﻿phi.pa.0331,﻿church,[Unnamed Institution],English,,,,﻿Pike County,﻿Pike County,﻿Mast Hope,,﻿PA,,41.533056,-75.031389,﻿scr.pa.0026,"﻿Attended from Hawley, Wayne Co.",﻿monthly,,,,,,,,,,,1864,﻿,﻿,﻿Philadelphia,Philadelphia
﻿scr.pa.0042,﻿church,[Unnamed Institution],English,,,,﻿Monroe County,﻿Monroe County,﻿Stroudsburg,﻿Stroudsburg,﻿PA,,40.986761,-75.194625,﻿phi.pa.0111,"﻿Attended from St. Joseph's, Easton",﻿monthly,,,,,,,,,,,1864,﻿,﻿,﻿Philadelphia,Philadelphia
﻿scr.pa.0044,﻿church,[Unnamed Institution],English,,,,﻿Monroe County,﻿Monroe County,﻿Oakland,﻿Mountainhome,﻿PA,,41.173702,-75.271015,﻿phi.pa.0111,﻿Attended from Easton,,,,,,,,,,,,1864,﻿,﻿,﻿Philadelphia,Philadelphia
﻿scr.pa.0045,﻿church,[Unnamed Institution],English,,,,﻿Monroe County,﻿Monroe County,﻿Pocono,﻿Pocono Township,﻿PA,,41.063296,-75.306233,﻿phi.pa.0111,﻿Attended from Easton,,,,,,,,,,,,1864,﻿,﻿,﻿Philadelphia,Philadelphia
﻿scr.pa.0041,﻿church,[Unnamed Institution],English,,,,﻿Monroe County,﻿Monroe County,﻿Tobyhanna,﻿Tobyhanna,﻿PA,,41.179787,-75.417899,﻿scr.pa.0002,"﻿from Dunmore, Luzerne Co.",﻿once a month,,,,,,,,,,,1864,﻿,﻿,﻿Philadelphia,Philadelphia
﻿scr.pa.0043,﻿church,[Unnamed Institution],English,,,,﻿Monroe County,﻿Monroe County,﻿Coolbaugh,,﻿PA,,41.182303,-75.387852,﻿scr.pa.0002,"﻿from Dunmore, Luzerne Co.",﻿once in three months,,,,,,,,,,,1864,﻿,﻿,﻿Philadelphia,Philadelphia
﻿phi.pa.0332,﻿church,[Unnamed Institution],English,,,,﻿Monroe County,﻿Monroe County,﻿Goldsborough,,﻿PA,,41.244743,-75.448042,﻿scr.pa.0002,"﻿from Dunmore, Luzerne Co.",﻿once in three months,,,,,,,,,,,1864,﻿,﻿,﻿Philadelphia,Philadelphia
﻿scr.pa.0049,﻿church,﻿St. Peter's and St. Paul's,English,,,,﻿Bradford County,﻿Bradford County,﻿Towanda,﻿Towanda,﻿PA,,41.770512,-76.445547,,,,﻿pat_toner_002,﻿Rev.,﻿Patrick Toner,,﻿Pastor,,,,,,1864,﻿,﻿,﻿Philadelphia,Philadelphia
﻿scr.pa.0058,﻿church,﻿St. John Nepomucene's,English,,,,﻿Bradford County,﻿Bradford County,﻿Troy,﻿Troy,﻿PA,,41.785908,-76.788011,﻿scr.pa.0066,﻿Attended from Blossburg,,,,,,,,,,,,1864,﻿,﻿,﻿Philadelphia,Philadelphia
﻿scr.pa.0050,﻿church,﻿St. Mary's,English,,,,﻿Bradford County,﻿Bradford County,﻿Ridgebury,﻿Ridgebury,﻿PA,,41.973407,-76.721619,﻿scr.pa.0049,﻿Visited from Towanda,﻿monthly,,,,,,,,,,,1864,﻿,﻿,﻿Philadelphia,Philadelphia
﻿scr.pa.0051,﻿church,﻿Church of the Holy Ghost,English,,,,﻿Bradford County,﻿Bradford County,﻿Athens,﻿Athens,﻿PA,,41.957297,-76.517999,﻿scr.pa.0049,﻿Attended from Towanda,,,,,,,,,,,,1864,﻿,﻿,﻿Philadelphia,Philadelphia
﻿scr.pa.0053,﻿church,[Unnamed Institution],English,,,,﻿Bradford County,﻿Bradford County,﻿Standing Stone,﻿Standing Stone,﻿PA,,41.73952,-76.361327,﻿scr.pa.0049,﻿Attended from Towanda,,,,,,,,,,,,1864,﻿,﻿,﻿Philadelphia,Philadelphia
﻿scr.pa.0062,﻿church,﻿St. Patrick's,English,,,,﻿Bradford County,﻿Bradford County,﻿Overton,﻿Overton,﻿PA,,41.570075,-76.503001,﻿scr.pa.0079,﻿Visited from Dushore,﻿every fourth Sunday,,,,,,,,,,,1864,﻿,﻿,﻿Philadelphia,Philadelphia
﻿scr.pa.0060,﻿church,﻿St. Philip's and St. James',English,,,,﻿Bradford County,﻿Bradford County,﻿Sugar Ridge,,﻿PA,,41.562939,-76.549712,﻿scr.pa.0079,﻿Visited from Dushore,﻿monthly,,,,,,,,,,,1864,﻿,﻿,﻿Philadelphia,Philadelphia
﻿scr.pa.0059,﻿church,[Unnamed Institution],English,,,,﻿Bradford County,﻿Bradford County,﻿Canton,﻿Canton,﻿PA,,41.656464,-76.853293,﻿scr.pa.0066,﻿Visited from Blossburg,,,,,,,,,,,,1864,﻿,﻿,﻿Philadelphia,Philadelphia
﻿phi.pa.0333,﻿church,[Unnamed Institution],English,,,,﻿Bradford County,﻿Bradford County,﻿South Mountain,,﻿PA,,,,﻿scr.pa.0066,﻿Visited from Blossburg,,,,,,,,,,,,1864,﻿,﻿,﻿Philadelphia,Philadelphia
﻿scr.pa.0063,﻿church,[Unnamed Institution],English,,,,﻿Bradford County,﻿Bradford County,﻿Wilmot,﻿Wilmot,﻿PA,,41.584862,-76.247912,﻿scr.pa.0079,﻿Visited from Dushore,﻿every six weeks,,,,,,,,,,,1864,﻿,﻿,﻿Philadelphia,Philadelphia
﻿scr.pa.0065,﻿church,[Unnamed Institution],English,,,,﻿Bradford County,﻿Bradford County,﻿Browntown,﻿Browntown,﻿PA,,41.652893,-76.239769,﻿scr.pa.0079,﻿Visited from Dushore,﻿every two months,,,,,,,,,,,1864,﻿,﻿,﻿Philadelphia,Philadelphia
﻿scr.pa.0066,﻿church,﻿St. Andrews,English,,,,﻿Tioga County,﻿Tioga County,﻿Blossburg,﻿Blossburg,﻿PA,,41.679519,-77.063857,,,,﻿flo_mccarthy_003,﻿Rev.,﻿Florence McCarthy,,﻿Pastor,,,,,,1864,﻿,﻿,﻿Philadelphia,Philadelphia
﻿scr.pa.0067,﻿church,﻿St. Louis,English,,,,﻿Tioga County,﻿Tioga County,﻿Tioga,﻿Tioga,﻿PA,,41.908685,-77.133026,﻿scr.pa.0066,﻿Visited from Blossburgh,﻿once a month,,,,,,,,,,,1864,﻿,﻿,﻿Philadelphia,Philadelphia
﻿phi.pa.0334,﻿church,[Unnamed Institution],English,,,,﻿Tioga County,﻿Tioga County,﻿Wellsboro,,﻿PA,,41.7475,-77.298056,﻿scr.pa.0066,﻿Visited from Blossburg,﻿occasionally,,,,,,,,,,,1864,﻿,﻿,﻿Philadelphia,Philadelphia
﻿scr.pa.0068,﻿church,﻿Church of the Holy Cross,English,,,,﻿Tioga County,﻿Tioga County,﻿Union,﻿Union Township,﻿PA,,41.627682,-76.94126,﻿scr.pa.0066,﻿Visited from Blossburg,﻿occasionally,,,,,,,,,,,1864,﻿,﻿,﻿Philadelphia,Philadelphia
﻿phi.pa.0335,﻿church,[Unnamed Institution],English,,,,﻿Tioga County,﻿Tioga County,﻿Lawrenceville,,﻿PA,,41.995833,-77.129167,﻿scr.pa.0066,﻿Visited from Blossburg,﻿occasionally,,,,,,,,,,,1864,﻿,﻿,﻿Philadelphia,Philadelphia
﻿wil.de.0001,﻿church,﻿St. Peter's,English,,,,,,﻿Wilmington,,﻿DE,,39.744655,-75.548391,,,,﻿pat_r_obrien_001,﻿Rev.,﻿Patrick R. O'Brien,,﻿Pastor,,,,,,1864,﻿,﻿,﻿Philadelphia,Philadelphia
﻿wil.de.0002,﻿church,﻿Immaculate Conception,English,,,,,,﻿Wilmington,,﻿DE,,39.744655,-75.548391,,,,﻿pat_reilly_002,﻿Rev.,﻿Patrick Reilly,,﻿Pastor,,,,,,1864,﻿,﻿,﻿Philadelphia,Philadelphia
﻿wil.de.0005,﻿church,﻿St. Joseph's,English,,,,,,﻿Brandywine,,﻿DE,,39.829556,-75.534368,,,,﻿joh_s_walsh_001,﻿Rev.,﻿John S. Walsh,,﻿Pastor,,,,,,1864,﻿,﻿,﻿Philadelphia,Philadelphia
﻿wil.de.0006,﻿church,﻿St. Mary's,English,,,,,,﻿Coffee Run,,﻿DE,,39.769081,-75.661697,﻿wil.de.0005,"﻿Attended from St. Joseph's, Brandywine",﻿monthly,,,,,,,,,,,1864,﻿,﻿,﻿Philadelphia,Philadelphia
﻿wil.de.0007,﻿church,﻿St. Peter's,English,,,,,,﻿New Castle,,﻿DE,,39.662515,-75.564684,,,,﻿mat_cobbin_001,﻿Rev.,﻿Matthias Cobbin,,﻿Pastor,,,,,,1864,﻿,﻿,﻿Philadelphia,Philadelphia
﻿wil.de.0008,﻿church,﻿St. Paul's,English,,,,,,﻿Delaware City,,﻿DE,,39.57615,-75.592281,﻿wil.de.0007,﻿Attended from New Castle,﻿every other Sunday,,,,,,,,,,,1864,﻿,﻿,﻿Philadelphia,Philadelphia
﻿wil.de.0009,﻿church,[Unnamed Institution],English,,,,,,﻿Newark,,﻿DE,,39.664419,-75.727369,﻿wil.de.0007,﻿Attended from New Castle,,,,,,,,,,,,1864,﻿,﻿,﻿Philadelphia,Philadelphia
﻿phi.pa.0144_02,﻿seminary,﻿Theological Seminary of St. Charles Borromeo,English,"﻿Number of volumes in library, 9,000",﻿S. E. cor. of 18th and Race streets,,,,﻿Philadelphia,,﻿PA,,39.99210279,-75.25608726,,,,﻿mau_a_walsh_001,﻿Rev.,﻿Maurice A. Walsh,,﻿Rector and Professor of Moral Philosophy,,﻿priest,"﻿Number of seminarians, 54",,,1864,﻿,﻿,﻿Philadelphia,Philadelphia
﻿phi.pa.0144_02,﻿seminary,﻿Theological Seminary of St. Charles Borromeo,English,"﻿Number of volumes in library, 9,000",﻿S. E. cor. of 18th and Race streets,,,,﻿Philadelphia,,﻿PA,,39.99210279,-75.25608726,,,,﻿wil_ohara_001,﻿Very Rev.,﻿William O'Hara,"﻿D.D., V.G.",﻿Professor of Moral Theology,,﻿priest,"﻿Number of seminarians, 54",,,1864,﻿,﻿,﻿Philadelphia,Philadelphia
﻿phi.pa.0144_02,﻿seminary,﻿Theological Seminary of St. Charles Borromeo,English,"﻿Number of volumes in library, 9,000",﻿S. E. cor. of 18th and Race streets,,,,﻿Philadelphia,,﻿PA,,39.99210279,-75.25608726,,,,﻿joh_b_byrne_001,﻿Rev.,﻿John B. Byrne,,﻿Professor of Sacred Scripture and English Literature,,﻿priest,"﻿Number of seminarians, 54",,,1864,﻿,﻿,﻿Philadelphia,Philadelphia
﻿phi.pa.0144_02,﻿seminary,﻿Theological Seminary of St. Charles Borromeo,English,"﻿Number of volumes in library, 9,000",﻿S. E. cor. of 18th and Race streets,,,,﻿Philadelphia,,﻿PA,,39.99210279,-75.25608726,,,,﻿dom_v_dolcetti_001,﻿Rev.,﻿Domenico V. Dolcetti,,﻿Professor of Dogmatic Theology,,﻿priest,"﻿Number of seminarians, 54",,,1864,﻿,﻿,﻿Philadelphia,Philadelphia
﻿phi.pa.0144_02,﻿seminary,﻿Theological Seminary of St. Charles Borromeo,English,"﻿Number of volumes in library, 9,000",﻿S. E. cor. of 18th and Race streets,,,,﻿Philadelphia,,﻿PA,,39.99210279,-75.25608726,,,,﻿pet_p_mcgrane_001,﻿Rev.,﻿Peter P. McGrane,,﻿Spiritual Director,,﻿priest,"﻿Number of seminarians, 54",,,1864,﻿,﻿,﻿Philadelphia,Philadelphia
﻿phi.pa.0144_02,﻿seminary,﻿Theological Seminary of St. Charles Borromeo,English,"﻿Number of volumes in library, 9,000",﻿S. E. cor. of 18th and Race streets,,,,﻿Philadelphia,,﻿PA,,39.99210279,-75.25608726,,,,﻿bernard_baumeister_phi.pa_001,,﻿Bernard Baumeister,,﻿Professor of Gregorian Chant,,﻿priest,"﻿Number of seminarians, 54",,,1864,﻿,﻿,﻿Philadelphia,Philadelphia
﻿phi.pa.0144_03,﻿seminary,﻿Preparatory Seminary of St. Charles Borromeo,English,"﻿This Institution is intended for youths who manifest signs of vocation to the priesthood. They are instructed in ""The Humanities,"" and are prepared for entering the ""Theological Seminary"" of this Diocese.","﻿Glen Riddle P.O., Aston Township, Delaware Co., Penn.",,﻿Delaware Co.,,,,﻿PA,,39.87545359,-75.44086602,,,,﻿j_f_shanahan_002,﻿Rev.,﻿Jeremiah F. Shanahan,,﻿Rector,,﻿student,"﻿Number of students, 26",,,1864,﻿,﻿,﻿Philadelphia,Philadelphia
﻿phi.pa.0144_03,﻿seminary,﻿Preparatory Seminary of St. Charles Borromeo,English,"﻿This Institution is intended for youths who manifest signs of vocation to the priesthood. They are instructed in ""The Humanities,"" and are prepared for entering the ""Theological Seminary"" of this Diocese.","﻿Glen Riddle P.O., Aston Township, Delaware Co., Penn.",,﻿Delaware Co.,,,,﻿PA,,39.87545359,-75.44086602,,,,﻿wil_p_gillen_001,﻿Rev.,﻿William P. Gillen,,,,﻿student,"﻿Number of students, 26",,,1864,﻿,﻿,﻿Philadelphia,Philadelphia
﻿phi.pa.0144_03,﻿seminary,﻿Preparatory Seminary of St. Charles Borromeo,English,"﻿This Institution is intended for youths who manifest signs of vocation to the priesthood. They are instructed in ""The Humanities,"" and are prepared for entering the ""Theological Seminary"" of this Diocese.","﻿Glen Riddle P.O., Aston Township, Delaware Co., Penn.",,﻿Delaware Co.,,,,﻿PA,,39.87545359,-75.44086602,,,,﻿ric_j_barry_001,﻿Messr.,﻿Richard J. Barry,,﻿Tutor,,﻿student,"﻿Number of students, 26",,,1864,﻿,﻿,﻿Philadelphia,Philadelphia
﻿phi.pa.0144_03,﻿seminary,﻿Preparatory Seminary of St. Charles Borromeo,English,"﻿This Institution is intended for youths who manifest signs of vocation to the priesthood. They are instructed in ""The Humanities,"" and are prepared for entering the ""Theological Seminary"" of this Diocese.","﻿Glen Riddle P.O., Aston Township, Delaware Co., Penn.",,﻿Delaware Co.,,,,﻿PA,,39.87545359,-75.44086602,,,,﻿jos_p_murphy_001,﻿Messr.,﻿Joseph P. Murphy,,﻿Tutor,,﻿student,"﻿Number of students, 26",,,1864,﻿,﻿,﻿Philadelphia,Philadelphia
﻿phi.pa.0144_03,﻿seminary,﻿Preparatory Seminary of St. Charles Borromeo,English,"﻿This Institution is intended for youths who manifest signs of vocation to the priesthood. They are instructed in ""The Humanities,"" and are prepared for entering the ""Theological Seminary"" of this Diocese.","﻿Glen Riddle P.O., Aston Township, Delaware Co., Penn.",,﻿Delaware Co.,,,,﻿PA,,39.87545359,-75.44086602,,,,﻿joh_w_shanahan_001,﻿Messr.,﻿John W. Shanahan,,﻿Tutor,,﻿student,"﻿Number of students, 26",,,1864,﻿,﻿,﻿Philadelphia,Philadelphia
﻿phi.pa.0144_03,﻿seminary,﻿Preparatory Seminary of St. Charles Borromeo,English,"﻿This Institution is intended for youths who manifest signs of vocation to the priesthood. They are instructed in ""The Humanities,"" and are prepared for entering the ""Theological Seminary"" of this Diocese.","﻿Glen Riddle P.O., Aston Township, Delaware Co., Penn.",,﻿Delaware Co.,,,,﻿PA,,39.87545359,-75.44086602,,,,﻿hen_l_wright_001,﻿Rev.,﻿Henry L. Wright,,﻿Spiritual Director,,﻿student,"﻿Number of students, 26",,,1864,﻿,﻿,﻿Philadelphia,Philadelphia
﻿phi.pa.0088_03,﻿monastery,﻿Augustinian Monastery,English,,,,﻿Delaware Co.,,,,﻿PA,,40.037583,-75.349181,,,,,,,,,,,,,,1864,﻿,﻿,﻿Philadelphia,Philadelphia
﻿phi.pa.0088_02,﻿college,﻿College of St. Thomas Villanova,English,,,,﻿Delaware Co.,,,,﻿PA,,40.037583,-75.349181,,,,,,,,,,,,,,1864,﻿,﻿,﻿Philadelphia,Philadelphia
﻿phi.pa.0216,﻿convent,﻿Redemptorist Convent of St. Peter,English,,,,,,﻿Philadelphia,,﻿PA,,39.969953,-75.144842,,,,﻿wil_luhrmann_001,﻿Rev.,﻿William Luhrmann,﻿C.SS.R.,﻿Superior,,﻿religious,﻿There are also five lay brothers,,﻿Congregation of the Most Holy Redeemer,1864,﻿,﻿,﻿Philadelphia,Philadelphia
﻿phi.pa.0216,﻿convent,﻿Redemptorist Convent of St. Peter,English,,,,,,﻿Philadelphia,,﻿PA,,39.969953,-75.144842,,,,﻿joh_b_hotz_001,﻿Rev. Messr.,﻿Hotz,﻿C.SS.R.,,,﻿religious,﻿There are also five lay brothers,,,1864,﻿,﻿,﻿Philadelphia,Philadelphia
﻿phi.pa.0216,﻿convent,﻿Redemptorist Convent of St. Peter,English,,,,,,﻿Philadelphia,,﻿PA,,39.969953,-75.144842,,,,﻿lou_dold_001,﻿Rev. Messr.,﻿Louis Dold,﻿C.SS.R.,,,﻿religious,﻿There are also five lay brothers,,,1864,﻿,﻿,﻿Philadelphia,Philadelphia
﻿phi.pa.0216,﻿convent,﻿Redemptorist Convent of St. Peter,English,,,,,,﻿Philadelphia,,﻿PA,,39.969953,-75.144842,,,,﻿jos_wirth_001,﻿Rev. Messr.,﻿Joseph Wirth,﻿C.SS.R.,,,﻿religious,﻿There are also five lay brothers,,,1864,﻿,﻿,﻿Philadelphia,Philadelphia
﻿wil.de.0027,﻿college,﻿St. Mary's College,English,,,,﻿Delaware Co.,,﻿Wilmington,,,,39.744655,-75.548391,,,,﻿pat_reilly_002,﻿Rev.,﻿P. Reilly,,﻿President,,﻿teacher,"﻿number of scholars, 70",,,1864,﻿,﻿,﻿Philadelphia,Philadelphia
﻿wil.de.0027,﻿college,﻿St. Mary's College,English,,,,﻿Delaware Co.,,﻿Wilmington,,,,39.744655,-75.548391,,,,,,,,,,﻿teacher,"﻿professors, 6",,,1864,﻿,﻿,﻿Philadelphia,Philadelphia
﻿phi.pa.0006_02,﻿college,﻿St. Joseph's College,English,"﻿This Institution, incorporated in 1852, is under the charge of the Rev. Jesuit Fathers of St. Joseph's Church, Willing's Alley, near the Philadelphia Exchange. Six professors attend to the classes of Greek, Latin, French, English, and Mathematics.",,,,,﻿Philadelphia,,﻿PA,,39.972826,-75.165064,,,,﻿fel_j_barbelin_001,﻿Rev.,﻿J. S. Barbelin,,﻿President,,﻿student,"﻿Number of students, 120",,,1864,﻿,﻿,﻿Philadelphia,Philadelphia
﻿phi.pa.0006_02,﻿college,﻿St. Joseph's College,English,"﻿This Institution, incorporated in 1852, is under the charge of the Rev. Jesuit Fathers of St. Joseph's Church, Willing's Alley, near the Philadelphia Exchange. Six professors attend to the classes of Greek, Latin, French, English, and Mathematics.",,,,,﻿Philadelphia,,﻿PA,,39.972826,-75.165064,,,,﻿pet_j_blenkinsop_001,﻿Rev.,﻿Peter J. Blenkinsop,,﻿Treasurer,,﻿student,"﻿Number of students, 120",,,1864,﻿,﻿,﻿Philadelphia,Philadelphia
﻿phi.pa.0006_02,﻿college,﻿St. Joseph's College,English,"﻿This Institution, incorporated in 1852, is under the charge of the Rev. Jesuit Fathers of St. Joseph's Church, Willing's Alley, near the Philadelphia Exchange. Six professors attend to the classes of Greek, Latin, French, English, and Mathematics.",,,,,﻿Philadelphia,,﻿PA,,39.972826,-75.165064,,,,﻿al_jamison_001,﻿Rev.,﻿Al. Jamison,,﻿Religious Instructor,,﻿student,"﻿Number of students, 120",,,1864,﻿,﻿,﻿Philadelphia,Philadelphia
﻿phi.pa.0217,﻿college,﻿St. Joseph's College,English,,,,﻿Susquehanna Co.,,,﻿Choconut Township,﻿PA,,41.95,-75.991389,,,,﻿joh_oreilly_001,﻿Very Rev.,﻿J. V. O'Reilly,,"﻿President, V.F.",,,,,,1864,﻿,﻿,﻿Philadelphia,Philadelphia
﻿phi.pa.0217,﻿college,﻿St. Joseph's College,English,,,,﻿Susquehanna Co.,,,﻿Choconut Township,﻿PA,,41.95,-75.991389,,,,﻿hug_monahan_001,﻿Rev.,﻿Hugh Monahan,,﻿Vice-President and Treasurer,,,,,,1864,﻿,﻿,﻿Philadelphia,Philadelphia
﻿phi.pa.0217,﻿college,﻿St. Joseph's College,English,,,,﻿Susquehanna Co.,,,﻿Choconut Township,﻿PA,,41.95,-75.991389,,,,﻿joh_monahan_001,﻿Rev.,﻿John Monahan,,﻿Professor of Latin and History,,,,,,1864,﻿,﻿,﻿Philadelphia,Philadelphia
﻿phi.pa.0217,﻿college,﻿St. Joseph's College,English,,,,﻿Susquehanna Co.,,,﻿Choconut Township,﻿PA,,41.95,-75.991389,,,,﻿joh_m_cox_001,﻿Rev.,﻿John M. Cox,,,,,,,,1864,﻿,﻿,﻿Philadelphia,Philadelphia
﻿phi.pa.0180,﻿academy,﻿Academy of the Holy Child Jesus,English,,﻿No. 1135 Spring Garden street,,,,﻿Philadelphia,,﻿PA,,39.961837,-75.157297,,,,﻿m-xavier_phi.pa_001,﻿Mother,﻿Mary Xavier,,﻿Superior,,﻿religious,﻿Five professed sisters,,,1864,﻿,﻿,﻿Philadelphia,Philadelphia
﻿phi.pa.0180,﻿academy,﻿Academy of the Holy Child Jesus,English,,﻿No. 1135 Spring Garden street,,,,﻿Philadelphia,,﻿PA,,39.961837,-75.157297,,,,,,,,,,﻿religious,﻿3 postulants,,,1864,﻿,﻿,﻿Philadelphia,Philadelphia
﻿phi.pa.0181,﻿academy,﻿Academy of the Immaculate Heart of Mary,English,,,,,,﻿Reading,,﻿PA,,40.335648,-75.926875,,,,,,,,,,﻿religious,"﻿professed sisters, 16",﻿under the charge of the Sisters of the Immaculate Heart of Mary,"﻿Sisters, Servants of the Immaculate Heart of Mary",1864,﻿,﻿,﻿Philadelphia,Philadelphia
﻿phi.pa.0181,﻿academy,﻿Academy of the Immaculate Heart of Mary,English,,,,,,﻿Reading,,﻿PA,,40.335648,-75.926875,,,,,,,,,,﻿religious,"﻿novices, 3",﻿under the charge of the Sisters of the Immaculate Heart of Mary,,1864,﻿,﻿,﻿Philadelphia,Philadelphia
﻿phi.pa.0181,﻿academy,﻿Academy of the Immaculate Heart of Mary,English,,,,,,﻿Reading,,﻿PA,,40.335648,-75.926875,,,,,,,,,,﻿religious,"﻿postulants, 2",﻿under the charge of the Sisters of the Immaculate Heart of Mary,,1864,﻿,﻿,﻿Philadelphia,Philadelphia
﻿phi.pa.0181,﻿academy,﻿Academy of the Immaculate Heart of Mary,English,,,,,,﻿Reading,,﻿PA,,40.335648,-75.926875,,,,,,,,,,﻿student,"﻿boarders, 25",﻿under the charge of the Sisters of the Immaculate Heart of Mary,,1864,﻿,﻿,﻿Philadelphia,Philadelphia
﻿phi.pa.0181,﻿academy,﻿Academy of the Immaculate Heart of Mary,English,,,,,,﻿Reading,,﻿PA,,40.335648,-75.926875,,,,,,,,,,﻿student,"﻿students in select school, 75",﻿under the charge of the Sisters of the Immaculate Heart of Mary,,1864,﻿,﻿,﻿Philadelphia,Philadelphia
﻿phi.pa.0163_03,﻿academy,﻿Academy of the Sisters of Notre Dame,English,,﻿N. E. cor. of Filbert and Juniper streets,,,,﻿Philadelphia,,﻿PA,,39.949631,-75.172917,,,,,,,,,,﻿religious,"﻿professed sisters, 10",,,1864,﻿,﻿,﻿Philadelphia,Philadelphia
﻿phi.pa.0163_03,﻿academy,﻿Academy of the Sisters of Notre Dame,English,,﻿N. E. cor. of Filbert and Juniper streets,,,,﻿Philadelphia,,﻿PA,,39.949631,-75.172917,,,,,,,,,,﻿religious,﻿3 novices,,,1864,﻿,﻿,﻿Philadelphia,Philadelphia
﻿phi.pa.0163_03,﻿academy,﻿Academy of the Sisters of Notre Dame,English,,﻿N. E. cor. of Filbert and Juniper streets,,,,﻿Philadelphia,,﻿PA,,39.949631,-75.172917,,,,,,,,,,﻿student,﻿133 pupils,,,1864,﻿,﻿,﻿Philadelphia,Philadelphia
﻿phi.pa.0163_03,﻿academy,﻿Academy of the Sisters of Notre Dame,English,,﻿N. E. cor. of Filbert and Juniper streets,,,,﻿Philadelphia,,﻿PA,,39.949631,-75.172917,,,,,,,,,,﻿student,"﻿Night school for female adults, attendance about three hundred",,,1864,﻿,﻿,﻿Philadelphia,Philadelphia
﻿phi.pa.0161_03,﻿academy,﻿Academy of the Sacred Heart,English,"﻿This institution for young ladies is under the direction of the Ladies of the Sacred Heart. A Rev. Chaplain is permanently attached to the institution. Terms--board and tuition, per annum, $180.","﻿Eden Hall, (near) Torresdale",,,,﻿Philadelphia,,﻿PA,,40.054579,-74.986458,,,,﻿tucker_phi.pa_001,﻿Madam,﻿Tucker,,﻿Superior,,﻿religious,"﻿number of religious, 30",,,1864,﻿,﻿,﻿Philadelphia,Philadelphia
﻿phi.pa.0161_03,﻿academy,﻿Academy of the Sacred Heart,English,"﻿This institution for young ladies is under the direction of the Ladies of the Sacred Heart. A Rev. Chaplain is permanently attached to the institution. Terms--board and tuition, per annum, $180.","﻿Eden Hall, (near) Torresdale",,,,﻿Philadelphia,,﻿PA,,40.054579,-74.986458,,,,,,,,,,﻿student,"﻿pupils, 62",,,1864,﻿,﻿,﻿Philadelphia,Philadelphia
﻿phi.pa.0157_03,﻿convent,﻿Convent of St. Joseph's,English,"﻿This institution was commenced in August, 1858.",﻿Chestnut Hill,,﻿Philadelphia Co.,,﻿Philadelphia,,﻿PA,,40.083098,-75.215941,,,,﻿st-john_phi.pa_001,﻿Mother,﻿St. John,,﻿Superior,,﻿religious,"﻿professed sisters, 9",﻿Sisters of St. Joseph,,1864,﻿,﻿,﻿Philadelphia,Philadelphia
﻿phi.pa.0157_03,﻿convent,﻿Convent of St. Joseph's,English,"﻿This institution was commenced in August, 1858.",﻿Chestnut Hill,,﻿Philadelphia Co.,,﻿Philadelphia,,﻿PA,,40.083098,-75.215941,,,,,,,,,,﻿religious,"﻿novices, 12",﻿Sisters of St. Joseph,,1864,﻿,﻿,﻿Philadelphia,Philadelphia
﻿phi.pa.0157_03,﻿convent,﻿Convent of St. Joseph's,English,"﻿This institution was commenced in August, 1858.",﻿Chestnut Hill,,﻿Philadelphia Co.,,﻿Philadelphia,,﻿PA,,40.083098,-75.215941,,,,,,,,,,﻿religious,"﻿postulants, 3",﻿Sisters of St. Joseph,,1864,﻿,﻿,﻿Philadelphia,Philadelphia
﻿phi.pa.0157_02,﻿academy,﻿St. Joseph's Academy,English,,"﻿Convent of St. Joseph's, Chestnut Hill",,,,﻿Philadelphia,,﻿PA,,40.083098,-75.215941,,,,﻿st-john_phi.pa_001,﻿Mother,﻿St. John,,﻿Superior,,﻿student,"﻿pupils, 25",﻿Sisters of St. Joseph,,1864,﻿,﻿,﻿Philadelphia,Philadelphia
﻿har.pa.0026_03,﻿academy,﻿St. Joseph's Academy,English,,,,﻿Adams Co.,﻿Adams County,﻿McSherrystown,﻿McSherrystown,﻿PA,,39.807322,-77.01137,,,,﻿m-antoinette_phi.pa_001,﻿Sister,﻿M. Antoinette,,﻿Superior,,﻿religious,"﻿professed sisters, 11",﻿under the direction of the Sisters of St. Joseph,,1864,﻿,﻿,﻿Philadelphia,Philadelphia
﻿har.pa.0026_03,﻿academy,﻿St. Joseph's Academy,English,,,,﻿Adams Co.,﻿Adams County,﻿McSherrystown,﻿McSherrystown,﻿PA,,39.807322,-77.01137,,,,,,,,,,﻿child,"﻿orphans, 13",﻿under the direction of the Sisters of St. Joseph,,1864,﻿,﻿,﻿Philadelphia,Philadelphia
﻿har.pa.0026_03,﻿academy,﻿St. Joseph's Academy,English,,,,﻿Adams Co.,﻿Adams County,﻿McSherrystown,﻿McSherrystown,﻿PA,,39.807322,-77.01137,,,,,,,,,,﻿student,"﻿boarding pupils, 14",﻿under the direction of the Sisters of St. Joseph,,1864,﻿,﻿,﻿Philadelphia,Philadelphia
﻿har.pa.0026_03,﻿academy,﻿St. Joseph's Academy,English,,,,﻿Adams Co.,﻿Adams County,﻿McSherrystown,﻿McSherrystown,﻿PA,,39.807322,-77.01137,,,,,,,,,,﻿student,"﻿day scholars, 50",﻿under the direction of the Sisters of St. Joseph,,1864,﻿,﻿,﻿Philadelphia,Philadelphia
﻿har.pa.0026_03,﻿academy,﻿St. Joseph's Academy,English,,,,﻿Adams Co.,﻿Adams County,﻿McSherrystown,﻿McSherrystown,﻿PA,,39.807322,-77.01137,,,,,,,,,,﻿child,﻿about 90 girls,﻿under the direction of the Sisters of St. Joseph,,1864,﻿,﻿,﻿Philadelphia,Philadelphia
﻿phi.pa.0337,﻿academy,﻿Academy of the Sisters of the Immaculate Heart of Mary,English,﻿This institution was opened in 1857 to afford the means of religious instruction to females.,,,﻿Susquehanna Co.,,,,﻿PA,,,,,,,﻿m-jerome_har.pa_001,﻿Sister,﻿M. Jerome,,﻿Superior,,﻿religious,"﻿professed sisters, 18",,,1864,﻿,﻿,﻿Philadelphia,Philadelphia
﻿phi.pa.0337,﻿academy,﻿Academy of the Sisters of the Immaculate Heart of Mary,English,﻿This institution was opened in 1857 to afford the means of religious instruction to females.,,,﻿Susquehanna Co.,,,,﻿PA,,,,,,,,,,,,,﻿religious,"﻿novices, 6",,,1864,﻿,﻿,﻿Philadelphia,Philadelphia
﻿phi.pa.0337,﻿academy,﻿Academy of the Sisters of the Immaculate Heart of Mary,English,﻿This institution was opened in 1857 to afford the means of religious instruction to females.,,,﻿Susquehanna Co.,,,,﻿PA,,,,,,,,,,,,,﻿religious,"﻿postulants, 4",,,1864,﻿,﻿,﻿Philadelphia,Philadelphia
﻿phi.pa.0337,﻿academy,﻿Academy of the Sisters of the Immaculate Heart of Mary,English,﻿This institution was opened in 1857 to afford the means of religious instruction to females.,,,﻿Susquehanna Co.,,,,﻿PA,,,,,,,,,,,,,﻿child,"﻿orphans, 8",,,1864,﻿,﻿,﻿Philadelphia,Philadelphia
﻿phi.pa.0337,﻿academy,﻿Academy of the Sisters of the Immaculate Heart of Mary,English,﻿This institution was opened in 1857 to afford the means of religious instruction to females.,,,﻿Susquehanna Co.,,,,﻿PA,,,,,,,,,,,,,﻿student,"﻿pupils, 15",,,1864,﻿,﻿,﻿Philadelphia,Philadelphia
﻿phi.pa.0226,﻿school,﻿House of the Immaculate Conception Industrial School of the Sisters of the Holy Cross,English,﻿There is a day school and a select day school attached to the institution.,"﻿West-Philadelphia, near Woodland Cemetary",,,,﻿West-Philadelphia,,﻿PA,,39.949127,-75.203542,,,,﻿eusebia_phi.pa_001,﻿Sister,﻿Eusebia,,﻿Superior,,﻿religious,﻿the number of sisters in this institution is 14,,,1864,﻿,﻿,﻿Philadelphia,Philadelphia
﻿phi.pa.0226,﻿school,﻿House of the Immaculate Conception Industrial School of the Sisters of the Holy Cross,English,﻿There is a day school and a select day school attached to the institution.,"﻿West-Philadelphia, near Woodland Cemetary",,,,﻿West-Philadelphia,,﻿PA,,39.949127,-75.203542,,,,,,,,,,﻿student,"﻿number of boarding pupils, 60",,,1864,﻿,﻿,﻿Philadelphia,Philadelphia
﻿phi.pa.0226,﻿school,﻿House of the Immaculate Conception Industrial School of the Sisters of the Holy Cross,English,﻿There is a day school and a select day school attached to the institution.,"﻿West-Philadelphia, near Woodland Cemetary",,,,﻿West-Philadelphia,,﻿PA,,39.949127,-75.203542,,,,,,,,,,﻿student,﻿day school attended by 80 pupils,,,1864,﻿,﻿,﻿Philadelphia,Philadelphia
﻿phi.pa.0226,﻿school,﻿House of the Immaculate Conception Industrial School of the Sisters of the Holy Cross,English,﻿There is a day school and a select day school attached to the institution.,"﻿West-Philadelphia, near Woodland Cemetary",,,,﻿West-Philadelphia,,﻿PA,,39.949127,-75.203542,,,,,,,,,,﻿student,﻿select day school attended by 60 pupils,,,1864,﻿,﻿,﻿Philadelphia,Philadelphia
﻿phi.pa.0226,﻿school,﻿House of the Immaculate Conception Industrial School of the Sisters of the Holy Cross,English,﻿There is a day school and a select day school attached to the institution.,"﻿West-Philadelphia, near Woodland Cemetary",,,,﻿West-Philadelphia,,﻿PA,,39.949127,-75.203542,,,,,,,,,,﻿student,"﻿total taught in the institution, 200",,,1864,﻿,﻿,﻿Philadelphia,Philadelphia
﻿phi.pa.0013_02,﻿academy,﻿St. Patrick's Academy,English,,"﻿Twenty-first street, near Pine",,,,﻿Philadelphia,,﻿PA,,39.948982,-75.174306,,,,﻿victoire_phi.pa_001,﻿Sister,﻿Victoire,,﻿Superior,,﻿student,"﻿number of pupils, 60",﻿under the care of the Sisters of St. Joseph,,1864,﻿,﻿,﻿Philadelphia,Philadelphia
﻿phi.pa.0186,﻿academy,﻿St. Joseph's Academy,English,,"﻿Prune street, above Fourth",,,,﻿Philadelphia,,﻿PA,,39.946149,-75.148999,,,,﻿m-agnes_phi.pa_001,﻿Sister,﻿M. Agnes,,﻿Superior,,﻿student,﻿there are 45 young ladies in the academy,﻿conducted by Sisters of St. Joseph,,1864,﻿,﻿,﻿Philadelphia,Philadelphia
﻿phi.pa.0012_02,﻿academy,﻿St. Philip's Academy,English,,"﻿Front street, near Catharine",,,,﻿Philadelphia,,﻿PA,,39.937035,-75.147524,,,,﻿euphemia_phi.pa_001,﻿Sister,﻿Euphemia,,﻿Superior,,﻿student,"﻿Number of pupils, 40",﻿conducted by the Sisters of St. Joseph,,1864,﻿,﻿,﻿Philadelphia,Philadelphia
﻿phi.pa.0010_03,"﻿high school, academy",﻿Christian Brothers' High School and Academy,English,,﻿1421 North Second street,,,,﻿Philadelphia,,﻿PA,,39.973891,-75.13849,,,,,,,,,,﻿student,"﻿pupils, 128",,,1864,﻿,﻿,﻿Philadelphia,Philadelphia
﻿phi.pa.0010_03,"﻿high school, academy",﻿Christian Brothers' High School and Academy,English,,﻿1421 North Second street,,,,﻿Philadelphia,,﻿PA,,39.973891,-75.13849,,,,,,,,,,﻿teacher,"﻿professors, 7",,,1864,﻿,﻿,﻿Philadelphia,Philadelphia
﻿phi.pa.0001_03,﻿school,﻿Cathedral School,English,﻿for girls,"﻿Summer street, near Eighteenth",,,,﻿Philadelphia,,﻿PA,,39.959049,-75.17614,,,,﻿ignatia_phi.pa_001,﻿Sister,﻿Ignatia,,﻿Sup.,,,,﻿conducted by five Sisters of St. Joseph,,1864,﻿,﻿,﻿Philadelphia,Philadelphia
﻿phi.pa.0005_02,﻿school,[Unnamed Institution],English,"﻿Boys' school, pupils taught by lay teachers",﻿St. Mary's,,,,﻿Philadelphia,,﻿PA,,39.94551,-75.148423,,,,﻿euphemia_phi.pa_001,﻿Sr.,﻿Euphemia,,﻿Superior,,﻿child,﻿120 pupils,,,1864,﻿,﻿,﻿Philadelphia,Philadelphia
﻿phi.pa.0005_02,﻿school,[Unnamed Institution],English,"﻿Boys' school, pupils taught by lay teachers",﻿St. Mary's,,,,﻿Philadelphia,,﻿PA,,39.94551,-75.148423,,,,,,,,,,﻿religious,﻿2 lay teachers,,,1864,﻿,﻿,﻿Philadelphia,Philadelphia
﻿phi.pa.0005_04,﻿school,﻿St. Mary's,English,"﻿girls' school, under Sisters of St. Joseph","﻿6th street, near Spruce",,,,﻿Philadelphia,,﻿PA,,39.94551,-75.148423,,,,﻿euphemia_phi.pa_001,﻿Sr.,﻿Euphemia,,﻿Superior,,﻿child,﻿girls' school has attendance of about 120,"﻿girls' school, under 3 Sisters of St. Joseph",,1864,﻿,﻿,﻿Philadelphia,Philadelphia
﻿phi.pa.0004_02,﻿school,[Unnamed Institution],English,"﻿schools for both sexes, taught in the basement of the church by lay teachers",﻿St. John's,,,,﻿Philadelphia,,﻿PA,,39.951217,-75.161413,,,,,,,,,,﻿religious,﻿4 lay teachers,,,1864,﻿,﻿,﻿Philadelphia,Philadelphia
﻿phi.pa.0004_02,﻿school,[Unnamed Institution],English,"﻿schools for both sexes, taught in the basement of the church by lay teachers",﻿St. John's,,,,﻿Philadelphia,,﻿PA,,39.951217,-75.161413,,,,,,,,,,﻿student,"﻿attendance, 210",,,1864,﻿,﻿,﻿Philadelphia,Philadelphia
﻿phi.pa.0006_03,﻿school,[Unnamed Institution],English,"﻿The boys' school kept in a building adjoining the church, with pupils taught by several brothers of the Holy Cross",﻿St. Joseph's,,,,﻿Philadelphia,,﻿PA,,39.972826,-75.165064,,,,,,,,,,﻿child,﻿about 200 pupils,﻿brothers of the Holy Cross,﻿Congregation of Holy Cross,1864,﻿,﻿,﻿Philadelphia,Philadelphia
﻿phi.pa.0186_02,﻿school,﻿St. Joseph's Academy,English,"﻿It has a select school for young ladies annexed to it, and also a night school for female adults.",﻿Prune street above Fourth,,,,﻿Philadelphia,,﻿PA,,39.946149,-75.148999,,,,,,,,,,﻿child,﻿attendance of 250 children,﻿taught by the Sisters of St. Joseph,,1864,﻿,﻿,﻿Philadelphia,Philadelphia
﻿phi.pa.0204_03,﻿school,﻿Blessed Peter Claver's school for colored children,English,﻿There is a night school for female adults.,"﻿Lombard street, above 4th",,,,﻿Philadelphia,,﻿PA,,39.942591,-75.149907,,,,﻿alphonse_phi.pa_001,﻿Sr.,﻿Alphonse,,﻿Superior,,,,"﻿under the direction of the Jesuit Fathers, and taught by colored Sisters of Providence",﻿Society of Jesus,1864,﻿,﻿,﻿Philadelphia,Philadelphia
﻿phi.pa.0012_03,﻿school,[Unnamed Institution],English,"﻿boys taught in the basement of the church by lay teachers; girls' school is at St. Philip's Academy, on Front st., with pupils taught by sisters of St. Joseph",﻿St. Philip's,,,,﻿Philadelphia,,﻿PA,,39.9370346,-75.14752411,,,,,,,,,,﻿child,﻿380 boys,﻿girls' school taught by 7 Sisters of St. Joseph,,1864,﻿,﻿,﻿Philadelphia,Philadelphia
﻿phi.pa.0012_03,﻿school,[Unnamed Institution],English,"﻿boys taught in the basement of the church by lay teachers; girls' school is at St. Philip's Academy, on Front st., with pupils taught by sisters of St. Joseph",﻿St. Philip's,,,,﻿Philadelphia,,﻿PA,,39.9370346,-75.14752411,,,,,,,,,,﻿religious,﻿6 lay teachers,﻿girls' school taught by 7 Sisters of St. Joseph,,1864,﻿,﻿,﻿Philadelphia,Philadelphia
﻿phi.pa.0012_03,﻿school,[Unnamed Institution],English,"﻿boys taught in the basement of the church by lay teachers; girls' school is at St. Philip's Academy, on Front st., with pupils taught by sisters of St. Joseph",﻿St. Philip's,,,,﻿Philadelphia,,﻿PA,,39.9370346,-75.14752411,,,,,,,,,,﻿child,﻿about 350 pupils in girls' school,﻿girls' school taught by 7 Sisters of St. Joseph,,1864,﻿,﻿,﻿Philadelphia,Philadelphia
﻿phi.pa.0013_03,﻿school,[Unnamed Institution],English,"﻿Boys under four lay teachers, girls taught by 7 Sisters of St. Joseph","﻿St. Patrick's, on Twentieth street",,,,﻿Philadelphia,,﻿PA,,39.948982,-75.174306,,,,,,,,,,﻿child,﻿average attendance of 340 boys,﻿Sisters of St. Joseph.,,1864,﻿,﻿,﻿Philadelphia,Philadelphia
﻿phi.pa.0013_03,﻿school,[Unnamed Institution],English,"﻿Boys under four lay teachers, girls taught by 7 Sisters of St. Joseph","﻿St. Patrick's, on Twentieth street",,,,﻿Philadelphia,,﻿PA,,39.948982,-75.174306,,,,,,,,,,﻿child,﻿the girls' school numbers 400 pupils,﻿Sisters of St. Joseph.,,1864,﻿,﻿,﻿Philadelphia,Philadelphia
﻿phi.pa.0016_02,﻿school,[Unnamed Institution],English,"﻿Boys taught by two Brothers of the Holy Cross, girls' school conducted by two Sisters of the Holy Child Jesus",﻿Assumption,,,,﻿Philadelphia,,﻿PA,,39.962049,-75.157089,,,,,,,,,,﻿child,﻿150 boys,"﻿Brothers of the Holy Cross, Sisters of the Holy Child Jesus",﻿Congregation of Holy Cross,1864,﻿,﻿,﻿Philadelphia,Philadelphia
﻿phi.pa.0016_02,﻿school,[Unnamed Institution],English,"﻿Boys taught by two Brothers of the Holy Cross, girls' school conducted by two Sisters of the Holy Child Jesus",﻿Assumption,,,,﻿Philadelphia,,﻿PA,,39.962049,-75.157089,,,,,,,,,,﻿child,﻿120 pupils in girls' school,"﻿Brothers of the Holy Cross, Sisters of the Holy Child Jesus",﻿Society of the Holy Child Jesus,1864,﻿,﻿,﻿Philadelphia,Philadelphia
﻿phi.pa.0015_02,﻿school,[Unnamed Institution],English,"﻿Boys are taught by five Brothers of the Christian schools, the girls' school is under the charge of five Sisters of Notre Dame, who also have charge of the small boys",﻿St. Peter's,,,,﻿Philadelphia,,﻿PA,,39.969953,-75.144842,,,,,,,,,,﻿child,﻿513 boys,﻿Brothers of the Christian schools. Sisters of Notre Dame.,﻿Institute of the Brothers of the Christian Schools,1864,﻿,﻿,﻿Philadelphia,Philadelphia
﻿phi.pa.0015_02,﻿school,[Unnamed Institution],English,"﻿Boys are taught by five Brothers of the Christian schools, the girls' school is under the charge of five Sisters of Notre Dame, who also have charge of the small boys",﻿St. Peter's,,,,﻿Philadelphia,,﻿PA,,39.969953,-75.144842,,,,,,,,,,﻿child,"﻿Average attendance, 710 girls",﻿Brothers of the Christian schools. Sisters of Notre Dame.,,1864,﻿,﻿,﻿Philadelphia,Philadelphia
﻿phi.pa.0015_02,﻿school,[Unnamed Institution],English,"﻿Boys are taught by five Brothers of the Christian schools, the girls' school is under the charge of five Sisters of Notre Dame, who also have charge of the small boys",﻿St. Peter's,,,,﻿Philadelphia,,﻿PA,,39.969953,-75.144842,,,,,,,,,,﻿child,"﻿Average attendance, 140 boys",﻿Brothers of the Christian schools. Sisters of Notre Dame.,,1864,﻿,﻿,﻿Philadelphia,Philadelphia
﻿phi.pa.0020_02,﻿school,[Unnamed Institution],English,﻿Boys and girls are taught by three Sisters third order of St. Francis,﻿St. Alphonsus',,,,﻿Philadelphia,,﻿PA,,39.932895,-75.168897,,,,,,,,,,﻿child,﻿80 boys,﻿Sisters third order of St. Francis,﻿Sisters of the Third Order of St. Francis,1864,﻿,﻿,﻿Philadelphia,Philadelphia
﻿phi.pa.0020_02,﻿school,[Unnamed Institution],English,﻿Boys and girls are taught by three Sisters third order of St. Francis,﻿St. Alphonsus',,,,﻿Philadelphia,,﻿PA,,39.932895,-75.168897,,,,,,,,,,﻿child,﻿120 girls,﻿Sisters third order of St. Francis,,1864,﻿,﻿,﻿Philadelphia,Philadelphia
﻿phi.pa.0007_02,﻿school,[Unnamed Institution],English,"﻿Boys, taught by 4 Brothers of the Holy Cross; girls taught by 4 Sisters of the Holy Cross",﻿St. Augustine's,,,,﻿Philadelphia,,﻿PA,,39.955545,-75.146738,,,,,,,,,,﻿child,﻿average attendance of 350 boys,"﻿Brothers of the Holy Cross, Sisters of the Holy Cross",﻿Institute of the Brothers of the Christian Schools,1864,﻿,﻿,﻿Philadelphia,Philadelphia
﻿phi.pa.0007_02,﻿school,[Unnamed Institution],English,"﻿Boys, taught by 4 Brothers of the Holy Cross; girls taught by 4 Sisters of the Holy Cross",﻿St. Augustine's,,,,﻿Philadelphia,,﻿PA,,39.955545,-75.146738,,,,,,,,,,﻿child,﻿258 pupils in girls' school,"﻿Brothers of the Holy Cross, Sisters of the Holy Cross",﻿Sisters of the Holy Cross,1864,﻿,﻿,﻿Philadelphia,Philadelphia
﻿phi.pa.0014_02,﻿school,[Unnamed Institution],English,﻿boys school; girls' school under the charge of 8 Sisters of the Holy Cross; select school also taught by the sisters,﻿St. Paul's,,,,﻿Philadelphia,,﻿PA,,39.939273,-75.158792,,,,,,,,,,﻿child,﻿250 boys,﻿Sisters of the Holy Cross,﻿Sisters of the Holy Cross,1864,﻿,﻿,﻿Philadelphia,Philadelphia
﻿phi.pa.0014_02,﻿school,[Unnamed Institution],English,﻿boys school; girls' school under the charge of 8 Sisters of the Holy Cross; select school also taught by the sisters,﻿St. Paul's,,,,﻿Philadelphia,,﻿PA,,39.939273,-75.158792,,,,,,,,,,﻿child,﻿350 pupils in girls' school,﻿Sisters of the Holy Cross,,1864,﻿,﻿,﻿Philadelphia,Philadelphia
﻿phi.pa.0014_02,﻿school,[Unnamed Institution],English,﻿boys school; girls' school under the charge of 8 Sisters of the Holy Cross; select school also taught by the sisters,﻿St. Paul's,,,,﻿Philadelphia,,﻿PA,,39.939273,-75.158792,,,,,,,,,,﻿student,﻿select school--number of pupils 50,﻿Sisters of the Holy Cross,,1864,﻿,﻿,﻿Philadelphia,Philadelphia
﻿phi.pa.0010_02,﻿school,[Unnamed Institution],English,"﻿Boys taught by 4 Brothers of the Christian Schools, girls' school taught by 6 Sisters of St. Joseph",﻿St. Michael's,,,,﻿Philadelphia,,﻿PA,,39.973891,-75.13849,,,,,,,,,,﻿child,"﻿number of pupils, 463","﻿Brothers of the Christian Schools, Sisters of St. Joseph",,1864,﻿,﻿,﻿Philadelphia,Philadelphia
﻿phi.pa.0010_02,﻿school,[Unnamed Institution],English,"﻿Boys taught by 4 Brothers of the Christian Schools, girls' school taught by 6 Sisters of St. Joseph",﻿St. Michael's,,,,﻿Philadelphia,,﻿PA,,39.973891,-75.13849,,,,,,,,,,﻿child,﻿560 pupils in girls' school,"﻿Brothers of the Christian Schools, Sisters of St. Joseph",,1864,﻿,﻿,﻿Philadelphia,Philadelphia
﻿phi.pa.0018_02,﻿school,[Unnamed Institution],English,"﻿Boys taught by 4 Brothers of the Christian Schools, girls taught by 11 Sisters of St. Joseph; the Sisters also teach the Boys' Priary Department",﻿St. Ann's,,,,﻿Philadelphia,,﻿PA,,39.982417,-75.118492,,,,﻿m-monica_phi.pa_001,﻿Sister,﻿M. Monica,,﻿Sup.,,﻿child,﻿360 boys,"﻿Brothers of the Christian Schools, Sisters of St. Joseph",,1864,﻿,﻿,﻿Philadelphia,Philadelphia
﻿phi.pa.0018_02,﻿school,[Unnamed Institution],English,"﻿Boys taught by 4 Brothers of the Christian Schools, girls taught by 11 Sisters of St. Joseph; the Sisters also teach the Boys' Priary Department",﻿St. Ann's,,,,﻿Philadelphia,,﻿PA,,39.982417,-75.118492,,,,,,,,,,﻿child,﻿528 pupils in girls' school,"﻿Brothers of the Christian Schools, Sisters of St. Joseph",,1864,﻿,﻿,﻿Philadelphia,Philadelphia
﻿phi.pa.0018_02,﻿school,[Unnamed Institution],English,"﻿Boys taught by 4 Brothers of the Christian Schools, girls taught by 11 Sisters of St. Joseph; the Sisters also teach the Boys' Priary Department",﻿St. Ann's,,,,﻿Philadelphia,,﻿PA,,39.982417,-75.118492,,,,,,,,,,﻿child,﻿200 little boys,"﻿Brothers of the Christian Schools, Sisters of St. Joseph",,1864,﻿,﻿,﻿Philadelphia,Philadelphia
﻿phi.pa.0009_02,﻿school,[Unnamed Institution],English,"﻿children, of both sexes, are taughy by one male and one female lay teacher",﻿Holy Trinity,,,,﻿Philadelphia,,﻿PA,,39.945571,-75.151949,,,,,,,,,,﻿child,"﻿about 200 children, of both sexes",,,1864,﻿,﻿,﻿Philadelphia,Philadelphia
﻿phi.pa.0011_02,﻿school,[Unnamed Institution],English,﻿children under 1 male teacher,﻿St. Francis Xavier's,,,,﻿Philadelphia,,﻿PA,,39.966111,-75.176701,,,,,,,,,,﻿child,﻿100 children,,,1864,﻿,﻿,﻿Philadelphia,Philadelphia
﻿phi.pa.0040_02,﻿school,[Unnamed Institution],﻿German,﻿school taught by 1 male teacher,﻿All Saints',,,,﻿Bridesburg,,﻿PA,,40.001444,-75.069779,,,,,,,,,,﻿student,﻿70 pupils,,,1864,﻿,﻿,﻿Philadelphia,Philadelphia
﻿scr.pa.0009_02,﻿school,[Unnamed Institution],English,,﻿St. Nicholas',,,,﻿Wilkesbarre,,﻿PA,,41.24114,-75.884236,,,,,,,,,,﻿child,﻿80 children,,,1864,﻿,﻿,﻿Philadelphia,Philadelphia
﻿scr.pa.0001_02,﻿school,[Unnamed Institution],English,,﻿St. Vincent's,,,,﻿Scranton,,﻿PA,,41.408969,-75.662412,,,,,,,,,,﻿child,﻿160 children,,,1864,﻿,﻿,﻿Philadelphia,Philadelphia
﻿scr.pa.0001_02,﻿school,[Unnamed Institution],English,,﻿St. Vincent's,,,,﻿Scranton,,﻿PA,,41.408969,-75.662412,,,,,,,,,,﻿teacher,﻿two teachers,,,1864,﻿,﻿,﻿Philadelphia,Philadelphia
﻿phi.pa.0215_02,﻿school,[Unnamed Institution],English,,﻿St. Thaddeus',,,,﻿Providence,,﻿PA,,41.44371,-75.663703,,,,,,,,,,﻿child,﻿70 children,,,1864,﻿,﻿,﻿Philadelphia,Philadelphia
﻿phi.pa.0215_02,﻿school,[Unnamed Institution],English,,﻿St. Thaddeus',,,,﻿Providence,,﻿PA,,41.44371,-75.663703,,,,,,,,,,﻿teacher,﻿one teacher,,,1864,﻿,﻿,﻿Philadelphia,Philadelphia
﻿har.pa.0018_02,﻿school,[Unnamed Institution],English,,﻿St. Mary's,,,,﻿York,,﻿PA,,39.962598,-76.727745,,,,,,,,,,﻿child,﻿110 children,,,1864,﻿,﻿,﻿Philadelphia,Philadelphia
﻿har.pa.0018_02,﻿school,[Unnamed Institution],English,,﻿St. Mary's,,,,﻿York,,﻿PA,,39.962598,-76.727745,,,,,,,,,,﻿teacher,﻿one teacher,,,1864,﻿,﻿,﻿Philadelphia,Philadelphia
﻿scr.pa.0026_02,﻿school,[Unnamed Institution],English,,﻿St. Philomena's,,,,﻿Hawley,,﻿PA,,41.475922,-75.182119,,,,,,,,,,﻿child,﻿100 children,,,1864,﻿,﻿,﻿Philadelphia,Philadelphia
﻿har.pa.0017_02,﻿school,[Unnamed Institution],English,,﻿St. Patrick's,,,,﻿York,,﻿PA,,39.962598,-76.727745,,,,,,,,,,﻿child,﻿45 children,,,1864,﻿,﻿,﻿Philadelphia,Philadelphia
﻿har.pa.0010_02,﻿school,[Unnamed Institution],English,,﻿St. Peter's,,,,﻿Columbia,,﻿PA,,40.033709,-76.50441,,,,,,,,,,﻿child,﻿80 children,,,1864,﻿,﻿,﻿Philadelphia,Philadelphia
﻿wil.de.0001_02,﻿school,[Unnamed Institution],English,﻿children taught by six Sisters of Charity,﻿St. Peter's,,,,﻿Wilmington,,﻿DE,,39.744655,-75.548391,,,,,,,,,,﻿child,﻿150 children,﻿Sisters of Charity,,1864,﻿,﻿,﻿Philadelphia,Philadelphia
﻿phi.pa.0119_02,﻿school,[Unnamed Institution],English,﻿children taught by six Sisters of St. Joseph,﻿St. Patrick's,,,,﻿Pottsville,,﻿PA,,40.685646,-76.195499,,,,,,,,,,﻿child,﻿200 children,﻿Sisters of St. Joseph,,1864,﻿,﻿,﻿Philadelphia,Philadelphia
﻿har.pa.0005_02,﻿school,[Unnamed Institution],English,﻿one teacher,﻿St. Mary's,,,,﻿Lebanon,,﻿PA,,40.339432,-76.42411,,,,,,,,,,﻿child,﻿70 children,,,1864,﻿,﻿,﻿Philadelphia,Philadelphia
﻿har.pa.0005_02,﻿school,[Unnamed Institution],English,﻿one teacher,﻿St. Mary's,,,,﻿Lebanon,,﻿PA,,40.339432,-76.42411,,,,,,,,,,﻿teacher,﻿one teacher,,,1864,﻿,﻿,﻿Philadelphia,Philadelphia
﻿phi.pa.0048_02,﻿school,[Unnamed Institution],English,,﻿Blessed Sacrament,,,,﻿Churchville,,﻿PA,,40.2030643,-74.9968543,,,,,,,,,,﻿child,﻿90 children,,,1864,﻿,﻿,﻿Philadelphia,Philadelphia
﻿phi.pa.0048_02,﻿school,[Unnamed Institution],English,,﻿Blessed Sacrament,,,,﻿Churchville,,﻿PA,,40.2030643,-74.9968543,,,,,,,,,,﻿teacher,﻿two teachers,,,1864,﻿,﻿,﻿Philadelphia,Philadelphia
﻿wil.de.0005_02,﻿school,[Unnamed Institution],English,,﻿St. Joseph's,,,,﻿Brandywine,,﻿DE,,39.829556,-75.534368,,,,,,,,,,﻿child,﻿136 children,﻿three Sisters of St. Joseph,,1864,﻿,﻿,﻿Philadelphia,Philadelphia
﻿phi.pa.0043_02&0044_02,﻿school,[Unnamed Institution],English,﻿children under the charge of the Sisters of Immaculate Heart of Mary,﻿St. Peter's and St. Paul's,,,,﻿Reading,,﻿PA,,40.330063,-75.928511,,,,,,,,,,﻿child,﻿220 children,﻿Sisters of the Immaculate Heart of Mary,"﻿Sisters, Servants of the Immaculate Heart of Mary",1864,﻿,﻿,﻿Philadelphia,Philadelphia
﻿har.pa.0010_02,﻿school,[Unnamed Institution],English,﻿children under one teacher,﻿St. Joseph's,,,,﻿Lancaster,,﻿PA,,40.033709,-76.50441,,,,,,,,,,﻿child,﻿150 children,,,1864,﻿,﻿,﻿Philadelphia,Philadelphia
﻿scr.pa.0002_02,﻿school,[Unnamed Institution],English,,﻿St. Simon's,,,,﻿Dunmore,,﻿PA,,41.408969,-75.662412,,,,,,,,,,﻿teacher,﻿70 scholars,,,1864,﻿,﻿,﻿Philadelphia,Philadelphia
﻿scr.pa.0049_02,﻿school,[Unnamed Institution],English,﻿school of 60 children,,,,,﻿Towanda,,﻿PA,,41.770512,-76.445547,,,,,,,,,,﻿child,﻿60 children,,,1864,﻿,﻿,﻿Philadelphia,Philadelphia
﻿scr.pa.0076_02,﻿school,[Unnamed Institution],English,﻿children under one teacher,﻿St. Boniface's,,,,﻿Williamsport,,﻿PA,,41.248349,-76.997221,,,,,,,,,,﻿child,﻿50 to 60 children,,,1864,﻿,﻿,﻿Philadelphia,Philadelphia
﻿phi.pa.0089_02,﻿school,[Unnamed Institution],English,﻿children under one teacher,﻿St. Denis',,﻿Delaware County,,﻿West Haverford,,﻿PA,,39.991634,-75.304282,,,,,,,,,,﻿child,﻿50 children,,,1864,﻿,﻿,﻿Philadelphia,Philadelphia
﻿scr.pa.0105_02,﻿school,[Unnamed Institution],English,﻿children under one teacher,﻿Immaculate Conception,,,,﻿Wilkesbarre,,﻿PA,,41.24114,-75.884236,,,,,,,,,,﻿child,﻿40 children,,,1864,﻿,﻿,﻿Philadelphia,Philadelphia
﻿phi.pa.0034_02,﻿school,[Unnamed Institution],English,,﻿St. Vincent's,,,,﻿Germantown,,﻿PA,,40.037963,-75.174409,,,,,,,,,,﻿child,﻿70 children,,,1864,﻿,﻿,﻿Philadelphia,Philadelphia
﻿phi.pa.0034_02,﻿school,[Unnamed Institution],English,,﻿St. Vincent's,,,,﻿Germantown,,﻿PA,,40.037963,-75.174409,,,,,,,,,,﻿teacher,﻿one teacher,,,1864,﻿,﻿,﻿Philadelphia,Philadelphia
﻿scr.pa.0077_02,﻿school,[Unnamed Institution],English,,﻿St. Mary's,,,,﻿Nippenose,,﻿PA,,41.184327,-77.113998,,,,,,,,,,﻿child,﻿80 children,,,1864,﻿,﻿,﻿Philadelphia,Philadelphia
﻿scr.pa.0077_02,﻿school,[Unnamed Institution],English,,﻿St. Mary's,,,,﻿Nippenose,,﻿PA,,41.184327,-77.113998,,,,,,,,,,﻿teacher,﻿one teacher,,,1864,﻿,﻿,﻿Philadelphia,Philadelphia
﻿phi.pa.0241_02,﻿school,[Unnamed Institution],English,,﻿St. Boniface's,,,,﻿St. Clair,,﻿PA,,40.715991,-76.201017,,,,,,,,,,﻿child,﻿100 children,,,1864,﻿,﻿,﻿Philadelphia,Philadelphia
﻿phi.pa.0241_02,﻿school,[Unnamed Institution],English,,﻿St. Boniface's,,,,﻿St. Clair,,﻿PA,,40.715991,-76.201017,,,,,,,,,,﻿teacher,﻿one teacher,,,1864,﻿,﻿,﻿Philadelphia,Philadelphia
﻿phi.pa.0111_02,﻿school,[Unnamed Institution],English,﻿under one lay teacher,﻿St. Joseph's,,,,﻿Easton,,﻿PA,,40.688432,-75.220732,,,,,,,,,,﻿child,﻿70 children,,,1864,﻿,﻿,﻿Philadelphia,Philadelphia
﻿phi.pa.0111_02,﻿school,[Unnamed Institution],English,﻿under one lay teacher,﻿St. Joseph's,,,,﻿Easton,,﻿PA,,40.688432,-75.220732,,,,,,,,,,﻿teacher,﻿one teacher,,,1864,﻿,﻿,﻿Philadelphia,Philadelphia
﻿har.pa.0023_02,﻿school,[Unnamed Institution],English,,﻿Sacred Heart,,,,﻿Conewago,﻿Conewago,﻿PA,,39.807322,-77.01137,,,,,,,,,,﻿child,﻿80 children,,,1864,﻿,﻿,﻿Philadelphia,Philadelphia
﻿har.pa.0023_02,﻿school,[Unnamed Institution],English,,﻿Sacred Heart,,,,﻿Conewago,﻿Conewago,﻿PA,,39.807322,-77.01137,,,,,,,,,,﻿teacher,﻿one teacher,,,1864,﻿,﻿,﻿Philadelphia,Philadelphia
﻿phi.pa.0091_02,﻿school,[Unnamed Institution],English,﻿children under one teacher,﻿St. Mary's,,,,﻿Allentown,,﻿PA,,40.602294,-75.47141,,,,,,,,,,﻿child,﻿50 children,,,1864,﻿,﻿,﻿Philadelphia,Philadelphia
﻿phi.pa.0344,﻿school,[Unnamed Institution],English,﻿children taught by one teacher,﻿St. Nicholas's,,,,﻿Honesdale,,﻿PA,,41.574167,-75.255833,,,,,,,,,,﻿child,﻿80 children,,,1864,﻿,﻿,﻿Philadelphia,Philadelphia
﻿phi.pa.0242,﻿house,﻿House of the Good Shepherd,English,"﻿The object of this Institution is to afford a retreat to unfortunate females who wish to reform. It is conducted by the religious of the good Shepherd, of whom there are 36","﻿Twenty-second street, between Walnut and Sansom",,,,﻿Philadelphia,,﻿PA,,39.951351,-75.177232,,,,﻿m-of-st-boniface_phi.pa_001,﻿Mother,﻿Mary of St. Boniface,,﻿Superior,,﻿religious,﻿13 professed Choir Sisters,﻿religious of the good Shepherd,﻿Congregation of Our Lady of Charity of the Good Shepherd,1864,﻿,﻿,﻿Philadelphia,Philadelphia
﻿phi.pa.0242,﻿house,﻿House of the Good Shepherd,English,"﻿The object of this Institution is to afford a retreat to unfortunate females who wish to reform. It is conducted by the religious of the good Shepherd, of whom there are 36","﻿Twenty-second street, between Walnut and Sansom",,,,﻿Philadelphia,,﻿PA,,39.951351,-75.177232,,,,,,,,,,﻿religious,﻿9 professed lay sisters,﻿religious of the good Shepherd,,1864,﻿,﻿,﻿Philadelphia,Philadelphia
﻿phi.pa.0242,﻿house,﻿House of the Good Shepherd,English,"﻿The object of this Institution is to afford a retreat to unfortunate females who wish to reform. It is conducted by the religious of the good Shepherd, of whom there are 36","﻿Twenty-second street, between Walnut and Sansom",,,,﻿Philadelphia,,﻿PA,,39.951351,-75.177232,,,,,,,,,,﻿religious,﻿11 novices,﻿religious of the good Shepherd,,1864,﻿,﻿,﻿Philadelphia,Philadelphia
﻿phi.pa.0242,﻿house,﻿House of the Good Shepherd,English,"﻿The object of this Institution is to afford a retreat to unfortunate females who wish to reform. It is conducted by the religious of the good Shepherd, of whom there are 36","﻿Twenty-second street, between Walnut and Sansom",,,,﻿Philadelphia,,﻿PA,,39.951351,-75.177232,,,,,,,,,,﻿religious,﻿2 out-door Sisters,﻿religious of the good Shepherd,,1864,﻿,﻿,﻿Philadelphia,Philadelphia
﻿phi.pa.0242,﻿house,﻿House of the Good Shepherd,English,"﻿The object of this Institution is to afford a retreat to unfortunate females who wish to reform. It is conducted by the religious of the good Shepherd, of whom there are 36","﻿Twenty-second street, between Walnut and Sansom",,,,﻿Philadelphia,,﻿PA,,39.951351,-75.177232,,,,,,,,,,﻿religious,﻿one postulant,﻿religious of the good Shepherd,,1864,﻿,﻿,﻿Philadelphia,Philadelphia
﻿phi.pa.0242,﻿house,﻿House of the Good Shepherd,English,"﻿The object of this Institution is to afford a retreat to unfortunate females who wish to reform. It is conducted by the religious of the good Shepherd, of whom there are 36","﻿Twenty-second street, between Walnut and Sansom",,,,﻿Philadelphia,,﻿PA,,39.951351,-75.177232,,,,,,,,,,﻿patient,"﻿inmates in the Magdalen convent, number 26",﻿religious of the good Shepherd,,1864,﻿,﻿,﻿Philadelphia,Philadelphia
﻿phi.pa.0242,﻿house,﻿House of the Good Shepherd,English,"﻿The object of this Institution is to afford a retreat to unfortunate females who wish to reform. It is conducted by the religious of the good Shepherd, of whom there are 36","﻿Twenty-second street, between Walnut and Sansom",,,,﻿Philadelphia,,﻿PA,,39.951351,-75.177232,,,,,,,,,,﻿patient,"﻿inmates in the Penitents' department, 144",﻿religious of the good Shepherd,,1864,﻿,﻿,﻿Philadelphia,Philadelphia
﻿phi.pa.0244,﻿hospital,﻿St. Joseph's Hospital,English,﻿under the charge of 9 Sisters of Charity; the Hospital can accomodate 200 patients,"﻿Girard avenue, between Sixteenth and Seventeenth streets",,,,﻿Philadelphia,,﻿PA,,39.971298,-75.127073,,,,﻿hilary_phi.pa_001,﻿Sister,﻿Hilary,,﻿Sr. Servant,,﻿patient,﻿Number of patients 95,﻿under the charge of 9 Sisters of Charity,,1864,﻿,﻿,﻿Philadelphia,Philadelphia
﻿phi.pa.0303,﻿hospital,﻿St. Francis of Assisium Hospital,English,﻿directed by the Sisters of the Third order of St. Francis,﻿corner of Fourth and Girard avenue,,,,﻿Philadelphia,,﻿PA,,39.9528,-75.1636,,,,﻿m-clara_phi.pa_001,﻿Sister,﻿Mary Clara,,﻿Superior,,﻿religious,﻿Professed Sisters 6,﻿Sisters of the Third order of St. Francis,﻿Sisters of the Third Order of St. Francis,1864,﻿,﻿,﻿Philadelphia,Philadelphia
﻿phi.pa.0303,﻿hospital,﻿St. Francis of Assisium Hospital,English,﻿directed by the Sisters of the Third order of St. Francis,﻿corner of Fourth and Girard avenue,,,,﻿Philadelphia,,﻿PA,,39.9528,-75.1636,,,,,,,,,,﻿religious,﻿Postulants 2,﻿Sisters of the Third order of St. Francis,,1864,﻿,﻿,﻿Philadelphia,Philadelphia
﻿phi.pa.0303,﻿hospital,﻿St. Francis of Assisium Hospital,English,﻿directed by the Sisters of the Third order of St. Francis,﻿corner of Fourth and Girard avenue,,,,﻿Philadelphia,,﻿PA,,39.9528,-75.1636,,,,,,,,,,﻿patient,﻿25 patients,﻿Sisters of the Third order of St. Francis,,1864,﻿,﻿,﻿Philadelphia,Philadelphia
﻿phi.pa.0303_02,﻿chapel,[Unnamed Institution],English,,﻿St. Francis of Assisium Hospital,,,,﻿Philadelphia,,﻿PA,,39.9528,-75.1636,,﻿attended by the Redemptorist Fathers,,,,,,,,,,,,1864,﻿,﻿,﻿Philadelphia,Philadelphia
﻿phi.pa.0169,﻿mother house,﻿Mother House of the Third Order of St. Francis of Assisium,English,,"﻿Reed street, above Fifth",,,,﻿Philadelphia,,﻿PA,,39.931146,-75.153411,,,,﻿m-agnes_phi.pa_001,﻿Mother,﻿Mary Agnes,,﻿Superior,,﻿religious,﻿Professed Sisters 3,,,1864,﻿,﻿,﻿Philadelphia,Philadelphia
﻿phi.pa.0169,﻿mother house,﻿Mother House of the Third Order of St. Francis of Assisium,English,,"﻿Reed street, above Fifth",,,,﻿Philadelphia,,﻿PA,,39.931146,-75.153411,,,,,,,,,,﻿religious,﻿Novices 5,,,1864,﻿,﻿,﻿Philadelphia,Philadelphia
﻿phi.pa.0169,﻿mother house,﻿Mother House of the Third Order of St. Francis of Assisium,English,,"﻿Reed street, above Fifth",,,,﻿Philadelphia,,﻿PA,,39.931146,-75.153411,,,,,,,,,,﻿religious,﻿one Postulant,,,1864,﻿,﻿,﻿Philadelphia,Philadelphia
﻿phi.pa.0293,﻿asylum,﻿St. Peter's Orphan Asylum,English,,,,,,﻿Wilmington,,﻿DE,,39.743158,-75.553308,,,,﻿m-kostka_phi.pa_001,,﻿M. Kostka,,﻿Sr. Servant,,﻿child,"﻿orphans, 30",﻿under six Sisters of Charity,,1864,﻿,﻿,﻿Philadelphia,Philadelphia
﻿phi.pa.0259,﻿asylum,﻿St. Ann's Widows' Asylum,English,,﻿Second below Christian street,,,,,,﻿PA,,39.9359846,-75.14695039,,,,﻿magdalen_phi.pa_001,﻿Sr.,﻿Magdalen,,﻿Sup.,,﻿patient,"﻿Number of inmates, 30",﻿Under the management of five Sisters of St. Joseph,,1864,﻿,﻿,﻿Philadelphia,Philadelphia
﻿phi.pa.0255,﻿asylum,﻿St. Joseph's Female Orphan Asylum,English,,﻿corner of Spruce and Seventh sts.,,,,﻿Philadelphia,,﻿PA,,39.94542,-75.153649,,,,﻿gonzaga_phi.pa_001,﻿Sr.,﻿Gonzaga,,﻿Sister-servant,,﻿child,﻿orphans 132,﻿under 8 Sisters of Charity,,1864,﻿,﻿,﻿Philadelphia,Philadelphia
﻿phi.pa.0028_02,﻿asylum,﻿St. John's Male Orphan Asylum,English,,"﻿on the Lancaster Turnpike, three miles from Philadelphia",,,,﻿West-Philadelphia,,﻿PA,,39.971123,-75.217482,,,,﻿apollonia_phi.pa_001,﻿Sr.,﻿Apollonia,,﻿Sup.,,﻿child,﻿Number of orphans 315,﻿under 14 Sisters of St. Joseph,,1864,﻿,﻿,﻿Philadelphia,Philadelphia
﻿phi.pa.0028_02,﻿asylum,﻿St. John's Male Orphan Asylum,English,,"﻿on the Lancaster Turnpike, three miles from Philadelphia",,,,﻿West-Philadelphia,,﻿PA,,39.971123,-75.217482,,,,﻿wil_kean_001,﻿Rev.,﻿Wm. Kean,,﻿Chaplain,,﻿child,﻿Number of orphans 315,﻿under 14 Sisters of St. Joseph,,1864,﻿,﻿,﻿Philadelphia,Philadelphia
﻿phi.pa.0253,﻿house,﻿St. Vincent's Home,English,"﻿80 destitute children, from 18 months to 5 years old, are supported by public charity. Cared for by 6 Sisters of Charity.",﻿corner of 18th and Wood streets,,,,﻿Philadelphia,,﻿PA,,39.958191,-75.157013,,,,﻿m-joseph_phi.pa_001,﻿Sr.,﻿Mary Joseph,,﻿Sister-servant,,﻿child,"﻿80 destitute children, from 18 months to 5 years old",﻿Cared for by 6 Sisters of Charity,,1864,﻿,﻿,﻿Philadelphia,Philadelphia
﻿phi.pa.0257,﻿asylum,﻿St. Vincent's Orphan Asylum,English,"﻿for Catholic German Orphans; there is also a day school taught by the Sisters, and attended by 12 children from Tacony",﻿at Tacony,,,,﻿Philadelphia,,﻿PA,,40.02518,-75.044722,,,,﻿m-gabriel_phi.pa_001,﻿Sr.,﻿M. Gabriel,,﻿Sup.,,﻿child,﻿75 orphan children,﻿under the care of 4 Sisters of Notre Dame; day school taught by the Sisters,,1864,﻿,﻿,﻿Philadelphia,Philadelphia
﻿phi.pa.0257,﻿asylum,﻿St. Vincent's Orphan Asylum,English,"﻿for Catholic German Orphans; there is also a day school taught by the Sisters, and attended by 12 children from Tacony",﻿at Tacony,,,,﻿Philadelphia,,﻿PA,,40.02518,-75.044722,,,,﻿mat_j_meurer_001,﻿Rev.,﻿Mat. Meurer,,﻿Chaplain,,﻿religious,﻿3 Candidates,﻿under the care of 4 Sisters of Notre Dame; day school taught by the Sisters,,1864,﻿,﻿,﻿Philadelphia,Philadelphia
﻿phi.pa.0257,﻿asylum,﻿St. Vincent's Orphan Asylum,English,"﻿for Catholic German Orphans; there is also a day school taught by the Sisters, and attended by 12 children from Tacony",﻿at Tacony,,,,﻿Philadelphia,,﻿PA,,40.02518,-75.044722,,,,,,,,,,﻿religious,﻿3 Domestics,﻿under the care of 4 Sisters of Notre Dame; day school taught by the Sisters,,1864,﻿,﻿,﻿Philadelphia,Philadelphia
﻿phi.pa.0257,﻿asylum,﻿St. Vincent's Orphan Asylum,English,"﻿for Catholic German Orphans; there is also a day school taught by the Sisters, and attended by 12 children from Tacony",﻿at Tacony,,,,﻿Philadelphia,,﻿PA,,40.02518,-75.044722,,,,,,,,,,﻿child,﻿12 children attending day school,﻿under the care of 4 Sisters of Notre Dame; day school taught by the Sisters,,1864,﻿,﻿,﻿Philadelphia,Philadelphia
