instID,church_type,instName,language,instNote,placeName,region,county_orig,county_reg,city_orig,city_reg,state_orig,state_reg,latitude,longitude,attendingInstID,attendingChurch,attendingChurchFrequency,persID,persTitle,persName,persSuffix,persRole,persNote,memberType,member,affiliated,order,year,attendingPersID,attendingChurchNote,diocese,diocese_reg
﻿phi.pa.0001,﻿cathedral,﻿Cathedral of St. Peter and St. Paul,English,"﻿Residence of Right Reverend Bishop and Reverend Clergy, No. 225 North Eighteenth street, adjoining the Cathedral","﻿Eighteenth street, opposite Logan Square",,,,﻿Philadelphia,﻿Philadelphia,﻿PA,,﻿39.959049,-75.17614,,,,﻿jam_f_wood_001,﻿Rt. Rev.,﻿James F. Wood,﻿D.D.,,,,,,,1866,﻿,﻿,﻿Philadelphia,Philadelphia
﻿phi.pa.0001,﻿cathedral,﻿Cathedral of St. Peter and St. Paul,English,"﻿Residence of Right Reverend Bishop and Reverend Clergy, No. 225 North Eighteenth street, adjoining the Cathedral","﻿Eighteenth street, opposite Logan Square",,,,﻿Philadelphia,﻿Philadelphia,﻿PA,,﻿39.959049,-75.17614,,,,﻿aug_j_mcconomy_001,﻿Rev.,﻿Augustin J. McConomy,,﻿Chancellor and Secretary,,,,,,1866,﻿,﻿,﻿Philadelphia,Philadelphia
﻿phi.pa.0001,﻿cathedral,﻿Cathedral of St. Peter and St. Paul,English,"﻿Residence of Right Reverend Bishop and Reverend Clergy, No. 225 North Eighteenth street, adjoining the Cathedral","﻿Eighteenth street, opposite Logan Square",,,,﻿Philadelphia,﻿Philadelphia,﻿PA,,﻿39.959049,-75.17614,,,,﻿jam_oreilly_002,﻿Rev.,﻿James O'Reilly,,,,,,,,1866,﻿,﻿,﻿Philadelphia,Philadelphia
﻿phi.pa.0001,﻿cathedral,﻿Cathedral of St. Peter and St. Paul,English,"﻿Residence of Right Reverend Bishop and Reverend Clergy, No. 225 North Eighteenth street, adjoining the Cathedral","﻿Eighteenth street, opposite Logan Square",,,,﻿Philadelphia,﻿Philadelphia,﻿PA,,﻿39.959049,-75.17614,,,,﻿joh_j_elcock_001,﻿Rev.,﻿John J. Elcock,,,,,,,,1866,﻿,﻿,﻿Philadelphia,Philadelphia
﻿phi.pa.0001,﻿cathedral,﻿Cathedral of St. Peter and St. Paul,English,"﻿Residence of Right Reverend Bishop and Reverend Clergy, No. 225 North Eighteenth street, adjoining the Cathedral","﻿Eighteenth street, opposite Logan Square",,,,﻿Philadelphia,﻿Philadelphia,﻿PA,,﻿39.959049,-75.17614,,,,﻿joh_j_byrne_001,﻿Rev.,﻿John J. Byrne,,,,,,,,1866,﻿,﻿,﻿Philadelphia,Philadelphia
﻿phi.pa.0001_02,﻿chapel,﻿Cathedral Chapel,English,,﻿Sumner street,,,,﻿Philadelphia,﻿Philadelphia,﻿PA,,﻿39.959049,-75.17614,﻿phi.pa.0001,﻿Attended by the Rev. Clergy of the Cathedral,,,,,,,,,,,,1866,﻿,﻿,﻿Philadelphia,Philadelphia
﻿phi.pa.0004,﻿church,﻿St. John the Evangelist,English,﻿Mass is said in basement on Sundays and Holy days for children,"﻿Thirteenth street, above Chestnut",,,,﻿Philadelphia,﻿Philadelphia,﻿PA,,﻿39.951217,-75.161413,,,,﻿joh_p_dunn_001,﻿Rev.,﻿John Patrick Dunn,,﻿Pastor,,,,,,1866,﻿,﻿,﻿Philadelphia,Philadelphia
﻿phi.pa.0004,﻿church,﻿St. John the Evangelist,English,﻿Mass is said in basement on Sundays and Holy days for children,"﻿Thirteenth street, above Chestnut",,,,﻿Philadelphia,﻿Philadelphia,﻿PA,,﻿39.951217,-75.161413,,,,﻿pat_r_oreilly_001,﻿Rev.,﻿Patrick R. O'Reilly,,,,,,,,1866,﻿,﻿,﻿Philadelphia,Philadelphia
﻿phi.pa.0004,﻿church,﻿St. John the Evangelist,English,﻿Mass is said in basement on Sundays and Holy days for children,"﻿Thirteenth street, above Chestnut",,,,﻿Philadelphia,﻿Philadelphia,﻿PA,,﻿39.951217,-75.161413,,,,﻿tho_w_power_001,﻿Rev.,﻿Thomas Walter Powers,,,,,,,,1866,﻿,﻿,﻿Philadelphia,Philadelphia
﻿phi.pa.0005,﻿church,﻿St. Mary's,English,﻿Residence 264 South-Fourth street,"﻿Fourth street, above Spruce",,,,﻿Philadelphia,﻿Philadelphia,﻿PA,,﻿39.94551,-75.148423,,,,﻿geo_strobel_001,﻿Rev.,﻿George Strobel,,﻿Pastor,,,,,,1866,﻿,﻿,﻿Philadelphia,Philadelphia
﻿phi.pa.0005,﻿church,﻿St. Mary's,English,﻿Residence 264 South-Fourth street,"﻿Fourth street, above Spruce",,,,﻿Philadelphia,﻿Philadelphia,﻿PA,,﻿39.94551,-75.148423,,,,﻿edw_j_connelly_001,﻿Rev.,﻿Edward J. Connelly,,,,,,,,1866,﻿,﻿,﻿Philadelphia,Philadelphia
﻿phi.pa.0006,﻿church,﻿St. Joseph's,English,,"﻿Willing's alley, between Third and Fourth streets",,,,﻿Philadelphia,﻿Philadelphia,﻿PA,,﻿39.972826,-75.165064,,,,﻿fel_j_barbelin_001,﻿Rev.,﻿Felix J. Barbelin,﻿S.J.,﻿Superior,,,,,﻿Society of Jesus,1866,﻿,﻿,﻿Philadelphia,Philadelphia
﻿phi.pa.0006,﻿church,﻿St. Joseph's,English,,"﻿Willing's alley, between Third and Fourth streets",,,,﻿Philadelphia,﻿Philadelphia,﻿PA,,﻿39.972826,-75.165064,,,,﻿pet_j_blenkinsop_001,﻿Rev.,﻿Peter J. Blenkinsop,﻿S.J.,,,,,,,1866,﻿,﻿,﻿Philadelphia,Philadelphia
﻿phi.pa.0006,﻿church,﻿St. Joseph's,English,,"﻿Willing's alley, between Third and Fourth streets",,,,﻿Philadelphia,﻿Philadelphia,﻿PA,,﻿39.972826,-75.165064,,,,﻿fra_di-maria_001,﻿Rev.,﻿Francis Di Maria,﻿S.J.,,,,,,,1866,﻿,﻿,﻿Philadelphia,Philadelphia
﻿phi.pa.0006,﻿church,﻿St. Joseph's,English,,"﻿Willing's alley, between Third and Fourth streets",,,,﻿Philadelphia,﻿Philadelphia,﻿PA,,﻿39.972826,-75.165064,,,,﻿joh_mcelroy_002,﻿Rev.,﻿John McElroy,﻿S.J.,,,,,,,1866,﻿,﻿,﻿Philadelphia,Philadelphia
﻿phi.pa.0006,﻿church,﻿St. Joseph's,English,,"﻿Willing's alley, between Third and Fourth streets",,,,﻿Philadelphia,﻿Philadelphia,﻿PA,,﻿39.972826,-75.165064,,,,﻿jos_ardia_001,﻿Rev.,﻿Joseph Ardia,﻿S.J.,,,,,,,1866,﻿,﻿,﻿Philadelphia,Philadelphia
﻿phi.pa.0007,﻿church,﻿St. Augustine's,English,"﻿Residence, No. 243 Crown street","﻿Fourth street, below Vine",,,,﻿Philadelphia,﻿Philadelphia,﻿PA,,﻿39.955545,-75.146738,,,,﻿p_a_stanton_001,﻿Very Rev.,﻿Patrick A. Stanton,﻿O.S.A.,﻿C.G.,,,,,﻿Order of St. Augustine,1866,﻿,﻿,﻿Philadelphia,Philadelphia
﻿phi.pa.0007,﻿church,﻿St. Augustine's,English,"﻿Residence, No. 243 Crown street","﻿Fourth street, below Vine",,,,﻿Philadelphia,﻿Philadelphia,﻿PA,,﻿39.955545,-75.146738,,,,﻿mar_crane_001,﻿Rev.,﻿Mark Crane,﻿O.S.A.,﻿Pastor,,,,,,1866,﻿,﻿,﻿Philadelphia,Philadelphia
﻿phi.pa.0007,﻿church,﻿St. Augustine's,English,"﻿Residence, No. 243 Crown street","﻿Fourth street, below Vine",,,,﻿Philadelphia,﻿Philadelphia,﻿PA,,﻿39.955545,-75.146738,,,,﻿geo_a_meagher_001,﻿Rev.,﻿George A. Meagher,﻿O.S.A.,,,,,,,1866,﻿,﻿,﻿Philadelphia,Philadelphia
﻿phi.pa.0007,﻿church,﻿St. Augustine's,English,"﻿Residence, No. 243 Crown street","﻿Fourth street, below Vine",,,,﻿Philadelphia,﻿Philadelphia,﻿PA,,﻿39.955545,-75.146738,,,,﻿pet_crane_001,﻿Rev.,﻿Peter Crane,﻿O.S.A.,,,,,,,1866,﻿,﻿,﻿Philadelphia,Philadelphia
﻿phi.pa.0009,﻿church,﻿Holy Trinity,English,﻿Residence No. 617 Spruce street,﻿corner Sixth and Spruce streets,,,,﻿Philadelphia,,﻿PA,,﻿39.945571,-75.151949,,,,﻿pet_m_carbon_001,﻿Rev.,﻿Peter M. Carbon,,﻿Pastor,﻿Secretary for the Germans,,,,,1866,﻿,﻿,﻿Philadelphia,Philadelphia
﻿phi.pa.0010,﻿church,﻿St. Michael's,English,﻿Residence No. 1425 North Second street,"﻿Second street, above Master, Kensington",,,,﻿Philadelphia,,﻿PA,,﻿39.973891,-75.13849,,,,﻿mau_a_walsh_001,﻿Rev.,﻿Maurice A. Walsh,,﻿Pastor,,,,,,1866,﻿,﻿,﻿Philadelphia,Philadelphia
﻿phi.pa.0010,﻿church,﻿St. Michael's,English,﻿Residence No. 1425 North Second street,"﻿Second street, above Master, Kensington",,,,﻿Philadelphia,,﻿PA,,﻿39.973891,-75.13849,,,,﻿jam_j_russell_001,﻿Rev.,﻿James J. Russel,,,,,,,,1866,﻿,﻿,﻿Philadelphia,Philadelphia
﻿phi.pa.0010,﻿church,﻿St. Michael's,English,﻿Residence No. 1425 North Second street,"﻿Second street, above Master, Kensington",,,,﻿Philadelphia,,﻿PA,,﻿39.973891,-75.13849,,,,﻿tho_toner_001,﻿Rev.,﻿Thomas Toner,,,,,,,,1866,﻿,﻿,﻿Philadelphia,Philadelphia
﻿phi.pa.0011,﻿church,﻿St. Francis Xavier's,English,"﻿Residence Twenty-fifth street, near Biddle",﻿Twenty-fifth and Biddle streets,,,,﻿Philadelphia,﻿Philadelphia,﻿PA,,﻿39.966111,-75.176701,,,,﻿jam_f_maginn_001,﻿Rev.,﻿James Maginn,,﻿Pastor,,,,,,1866,﻿,﻿,﻿Philadelphia,Philadelphia
﻿phi.pa.0011,﻿church,﻿St. Francis Xavier's,English,"﻿Residence Twenty-fifth street, near Biddle",﻿Twenty-fifth and Biddle streets,,,,﻿Philadelphia,﻿Philadelphia,﻿PA,,﻿39.966111,-75.176701,,,,﻿joh_monahan_001,﻿Rev.,﻿John Monahan,,,,,,,,1866,﻿,﻿,﻿Philadelphia,Philadelphia
﻿phi.pa.0012,﻿church,﻿St. Philip Neri's,English,﻿Residence 228 Queen street.,"﻿Queen street, below Third",,,,﻿Philadelphia,﻿Philadelphia,﻿PA,,﻿39.937035,-75.147524,,,,﻿nic_cantwell_001,﻿Rev.,﻿Nicholas Cantwell,,﻿Pastor,,,,,,1866,﻿,﻿,﻿Philadelphia,Philadelphia
﻿phi.pa.0012,﻿church,﻿St. Philip Neri's,English,﻿Residence 228 Queen street.,"﻿Queen street, below Third",,,,﻿Philadelphia,﻿Philadelphia,﻿PA,,﻿39.937035,-75.147524,,,,﻿mic_l_hennessey_001,﻿Rev.,﻿Michael Hennessy,,,,,,,,1866,﻿,﻿,﻿Philadelphia,Philadelphia
﻿phi.pa.0012,﻿church,﻿St. Philip Neri's,English,﻿Residence 228 Queen street.,"﻿Queen street, below Third",,,,﻿Philadelphia,﻿Philadelphia,﻿PA,,﻿39.937035,-75.147524,,,,﻿tho_f_hopkins_001,﻿Rev.,﻿Thomas F. Hopkins,,,,,,,,1866,﻿,﻿,﻿Philadelphia,Philadelphia
﻿phi.pa.0013,﻿church,﻿St. Patrick's,English,﻿Residence Twentieth and Locust street,"﻿Twentieth street, below Locust",,,,﻿Philadelphia,﻿Philadelphia,﻿PA,,﻿39.948982,-75.174306,,,,﻿wil_ohara_001,﻿Very Rev.,﻿William O'Hara,"﻿D.D., V.G.",﻿Pastor,,,,,,1866,﻿,﻿,﻿Philadelphia,Philadelphia
﻿phi.pa.0013,﻿church,﻿St. Patrick's,English,﻿Residence Twentieth and Locust street,"﻿Twentieth street, below Locust",,,,﻿Philadelphia,﻿Philadelphia,﻿PA,,﻿39.948982,-75.174306,,,,﻿pet_p_mcgrane_001,﻿Rev.,﻿P. P. McGrane,,,,,,,,1866,﻿,﻿,﻿Philadelphia,Philadelphia
﻿phi.pa.0013,﻿church,﻿St. Patrick's,English,﻿Residence Twentieth and Locust street,"﻿Twentieth street, below Locust",,,,﻿Philadelphia,﻿Philadelphia,﻿PA,,﻿39.948982,-75.174306,,,,﻿wil_kean_001,﻿Rev.,﻿Wm. Kean,,,,,,,,1866,﻿,﻿,﻿Philadelphia,Philadelphia
﻿phi.pa.0013,﻿church,﻿St. Patrick's,English,﻿Residence Twentieth and Locust street,"﻿Twentieth street, below Locust",,,,﻿Philadelphia,﻿Philadelphia,﻿PA,,﻿39.948982,-75.174306,,,,﻿jam_e_mulholland_001,﻿Rev.,﻿James E. Mulholland,,,,,,,,1866,﻿,﻿,﻿Philadelphia,Philadelphia
﻿phi.pa.0014,﻿church,﻿St. Paul's,English,﻿Residence 808 Lebanon street,"﻿Christian street, above Ninth",,,,﻿Philadelphia,﻿Philadelphia,﻿PA,,﻿39.939273,-75.158792,,,,﻿pat_f_sheridan_001,﻿Rev.,﻿Patrick F. Sheridan,,﻿Pastor,,,,,,1866,﻿,﻿,﻿Philadelphia,Philadelphia
﻿phi.pa.0014,﻿church,﻿St. Paul's,English,﻿Residence 808 Lebanon street,"﻿Christian street, above Ninth",,,,﻿Philadelphia,﻿Philadelphia,﻿PA,,﻿39.939273,-75.158792,,,,﻿joh_a_mullen_001,﻿Rev.,﻿John A. Mullin,,,,,,,,1866,﻿,﻿,﻿Philadelphia,Philadelphia
﻿phi.pa.0015,﻿church,﻿St. Peter's,English,﻿Residence Fifth and Girard Avenue,﻿Fifth and Girard avenue,,,,﻿Philadelphia,﻿Philadelphia,﻿PA,,﻿39.969953,-75.144842,,,,﻿joh_de-dyker_001,﻿Very Rev.,﻿John De Dycker,﻿C.SS.R.,﻿Rector,,,,,﻿Congregation of the Most Holy Redeemer,1866,﻿,﻿,﻿Philadelphia,Philadelphia
﻿phi.pa.0015,﻿church,﻿St. Peter's,English,﻿Residence Fifth and Girard Avenue,﻿Fifth and Girard avenue,,,,﻿Philadelphia,﻿Philadelphia,﻿PA,,﻿39.969953,-75.144842,,,,﻿joh_hespelin_001,﻿Rev.,﻿John Hespelin,﻿C.SS.R.,,,,,,,1866,﻿,﻿,﻿Philadelphia,Philadelphia
﻿phi.pa.0015,﻿church,﻿St. Peter's,English,﻿Residence Fifth and Girard Avenue,﻿Fifth and Girard avenue,,,,﻿Philadelphia,﻿Philadelphia,﻿PA,,﻿39.969953,-75.144842,,,,﻿joh_b_hotz_001,﻿Rev.,﻿John B. Hotz,﻿C.SS.R.,,,,,,,1866,﻿,﻿,﻿Philadelphia,Philadelphia
﻿phi.pa.0015,﻿church,﻿St. Peter's,English,﻿Residence Fifth and Girard Avenue,﻿Fifth and Girard avenue,,,,﻿Philadelphia,﻿Philadelphia,﻿PA,,﻿39.969953,-75.144842,,,,﻿mic_rosenbauer_001,﻿Rev.,﻿Michael Rosenbauer,﻿C.SS.R.,,,,,,,1866,﻿,﻿,﻿Philadelphia,Philadelphia
﻿phi.pa.0015,﻿church,﻿St. Peter's,English,﻿Residence Fifth and Girard Avenue,﻿Fifth and Girard avenue,,,,﻿Philadelphia,﻿Philadelphia,﻿PA,,﻿39.969953,-75.144842,,,,﻿fra_x_schnüttgen_001,﻿Rev.,﻿Francis X. Schnuettgen,﻿C.SS.R.,,,,,,,1866,﻿,﻿,﻿Philadelphia,Philadelphia
﻿phi.pa.0015,﻿church,﻿St. Peter's,English,﻿Residence Fifth and Girard Avenue,﻿Fifth and Girard avenue,,,,﻿Philadelphia,﻿Philadelphia,﻿PA,,﻿39.969953,-75.144842,,,,﻿geo_sniet_001,﻿Rev.,﻿George Sniet,﻿C.SS.R.,,,,,,,1866,﻿,﻿,﻿Philadelphia,Philadelphia
﻿phi.pa.0015,﻿church,﻿St. Peter's,English,﻿Residence Fifth and Girard Avenue,﻿Fifth and Girard avenue,,,,﻿Philadelphia,﻿Philadelphia,﻿PA,,﻿39.969953,-75.144842,,,,﻿hub_bove_001,﻿Rev.,﻿Hubert Bove,﻿C.SS.R.,,,,,,,1866,﻿,﻿,﻿Philadelphia,Philadelphia
﻿phi.pa.0016,﻿church,﻿Church of the Assumption,English,"﻿Residence, 1121 Spring Garden street","﻿Spring Garden street, above Eleventh",,,,﻿Philadelphia,﻿Philadelphia,﻿PA,,﻿39.962049,-75.157089,,,,﻿cha_j_carter_001,﻿Very Rev.,﻿Charles J. H. Carter,,﻿Pastor,,,,,,1866,﻿,﻿,﻿Philadelphia,Philadelphia
﻿phi.pa.0016,﻿church,﻿Church of the Assumption,English,"﻿Residence, 1121 Spring Garden street","﻿Spring Garden street, above Eleventh",,,,﻿Philadelphia,﻿Philadelphia,﻿PA,,﻿39.962049,-75.157089,,,,﻿geo_bornemann_001,﻿Rev.,﻿George Bornemann,,,,,,,,1866,﻿,﻿,﻿Philadelphia,Philadelphia
﻿phi.pa.0016,﻿church,﻿Church of the Assumption,English,"﻿Residence, 1121 Spring Garden street","﻿Spring Garden street, above Eleventh",,,,﻿Philadelphia,﻿Philadelphia,﻿PA,,﻿39.962049,-75.157089,,,,﻿jam_mchugh_001,﻿Rev.,﻿James McHugh,,,,,,,,1866,﻿,﻿,﻿Philadelphia,Philadelphia
﻿phi.pa.0017,﻿church,﻿St. Malachy's,English,﻿Residence 1426 Warnock street,﻿Eleventh street above Master,,,,﻿Philadelphia,﻿Philadelphia,﻿PA,,﻿39.974476,-75.153229,,,,﻿joh_b_kelly_001,﻿Rev.,﻿John Kelly,,﻿Pastor,,,,,,1866,﻿,﻿,﻿Philadelphia,Philadelphia
﻿phi.pa.0017,﻿church,﻿St. Malachy's,English,﻿Residence 1426 Warnock street,﻿Eleventh street above Master,,,,﻿Philadelphia,﻿Philadelphia,﻿PA,,﻿39.974476,-75.153229,,,,﻿tho_oneill_002,﻿Rev.,﻿Thomas O'Neill,,,,,,,,1866,﻿,﻿,﻿Philadelphia,Philadelphia
﻿phi.pa.0018,﻿church,﻿St. Ann's,English,,﻿Port Richmond,,,,﻿Philadelphia,﻿Philadelphia,﻿PA,,﻿39.982417,-75.118492,,,,﻿tho_kieran_001,﻿Rev.,﻿Thomas Kiernan,,﻿Pastor,,,,,,1866,﻿,﻿,﻿Philadelphia,Philadelphia
﻿phi.pa.0018,﻿church,﻿St. Ann's,English,,﻿Port Richmond,,,,﻿Philadelphia,﻿Philadelphia,﻿PA,,﻿39.982417,-75.118492,,,,﻿cha_mcmonigle_002,﻿Rev.,﻿Charles McMonigle,,,,,,,,1866,﻿,﻿,﻿Philadelphia,Philadelphia
﻿phi.pa.0018,﻿church,﻿St. Ann's,English,,﻿Port Richmond,,,,﻿Philadelphia,﻿Philadelphia,﻿PA,,﻿39.982417,-75.118492,,,,﻿hug_mcglinn_001,﻿Rev.,﻿Hugh McGlinn,,,,,,,,1866,﻿,﻿,﻿Philadelphia,Philadelphia
﻿phi.pa.0019,﻿church,﻿St. Mary Magdalen de Pazzi's,﻿Italian,,"﻿Marriot street, above Seventh",,,,﻿Philadelphia,﻿Philadelphia,﻿PA,,﻿39.937449,-75.155547,,,,﻿caj_mariani_001,﻿Rev.,﻿Cajetan Mariani,,,,,,,,1866,﻿,﻿,﻿Philadelphia,Philadelphia
﻿phi.pa.0020,﻿church,﻿St. Alphonsus,English,﻿Residence 410 Reed street,﻿Fourth and Reed streets,,,,﻿Philadelphia,﻿Philadelphia,﻿PA,,﻿39.932895,-75.168897,,,,﻿ant_m_grundner_001,﻿Rev.,﻿Anthony M. Grundner,﻿Ord. Serv. B.V.M.,﻿Pastor,,,,,﻿Order of Servants of Mary,1866,﻿,﻿,﻿Philadelphia,Philadelphia
﻿phi.pa.0021,﻿church,﻿St. Theresa's,English,"﻿Residence Catharine street, below Broad",﻿Broad and Catharine streets,,,,﻿Philadelphia,﻿Philadelphia,﻿PA,,﻿39.940825,-75.166177,,,,﻿hug_lane_001,﻿Rev.,﻿Hugh Lane,,﻿Pastor,,,,,,1866,﻿,﻿,﻿Philadelphia,Philadelphia
﻿phi.pa.0021,﻿church,﻿St. Theresa's,English,"﻿Residence Catharine street, below Broad",﻿Broad and Catharine streets,,,,﻿Philadelphia,﻿Philadelphia,﻿PA,,﻿39.940825,-75.166177,,,,﻿joh_p_mackin_001,﻿Rev.,﻿John P. Mackin,,,,,,,,1866,﻿,﻿,﻿Philadelphia,Philadelphia
﻿phi.pa.0022,﻿church,﻿Church of the Annunciation,English,,﻿Tenth and Dickerson streets,,,,﻿Philadelphia,﻿Philadelphia,﻿PA,,﻿39.93068,-75.161158,,,,﻿joh_mcanany_001,﻿Rev.,﻿John McAnany,,﻿Pastor,,,,,,1866,﻿,﻿,﻿Philadelphia,Philadelphia
﻿phi.pa.0022,﻿church,﻿Church of the Annunciation,English,,﻿Tenth and Dickerson streets,,,,﻿Philadelphia,﻿Philadelphia,﻿PA,,﻿39.93068,-75.161158,,,,﻿pat_mcswiggan_001,﻿Rev.,﻿Patrick McSwiggan,,,,,,,,1866,﻿,﻿,﻿Philadelphia,Philadelphia
﻿phi.pa.0023,﻿church,﻿St. Edward's the Confessor,English,﻿Residence 2417 Germantown Road,﻿Eighth and York streets,,,,﻿Philadelphia,﻿Philadelphia,﻿PA,,﻿39.988311,-75.145921,,,,﻿edw_mcmahon_001,﻿Very Rev.,﻿Edward McMahon,,﻿Pastor,,,,,,1866,﻿,﻿,﻿Philadelphia,Philadelphia
﻿phi.pa.0028,﻿church,﻿St. Gregory's,English,,"﻿P.O. address, Cathedral Cemetery, West-Philadelphia",,,,﻿Philadelphia,﻿Philadelphia,﻿PA,,﻿39.971123,-75.217482,,,,﻿fra_a_sharkey_001,﻿Rev.,﻿Francis A. Sharkey,,﻿Pastor,,,,,,1866,﻿,﻿,﻿Philadelphia,Philadelphia
﻿phi.pa.0029,﻿church,﻿St. James,English,"﻿Residence, Thirty-eighth street, below Chestnut","﻿Thirty-eighth and Chestnut streets, West Philadelphia",,,,﻿Philadelphia,﻿Philadelphia,﻿PA,,﻿39.954839,-75.198182,,,,﻿mic_f_martin_001,﻿Rev.,﻿Michael F. Martin,,﻿Pastor,,,,,,1866,﻿,﻿,﻿Philadelphia,Philadelphia
﻿phi.pa.0029,﻿church,﻿St. James,English,"﻿Residence, Thirty-eighth street, below Chestnut","﻿Thirty-eighth and Chestnut streets, West Philadelphia",,,,﻿Philadelphia,﻿Philadelphia,﻿PA,,﻿39.954839,-75.198182,,,,﻿pat_a_lynch_001,﻿Rev.,﻿P. A. Lynch,,,﻿Visits Blockley Almshouse twice a week,,,,,1866,﻿,﻿,﻿Philadelphia,Philadelphia
﻿phi.pa.0030,﻿church,﻿St. Agatha's,English,"﻿Residence, Thirty-sixth and Grape streets, West Philadelphia",﻿Thirty-sixth and Sycamore streets,,,,﻿Philadelphia,﻿Philadelphia,﻿PA,,﻿39.964259,-75.194811,,,,﻿joh_fitzmaurice_001,﻿Rev.,﻿John Fitzmaurice,,﻿Pastor,,,,,,1866,﻿,﻿,﻿Philadelphia,Philadelphia
﻿phi.pa.0031,﻿church,﻿St. Bridget's,English,,﻿Falls of Schuylkill,,,,﻿Philadelphia,﻿Philadelphia,﻿PA,,﻿40.010832,-75.193484,,,,﻿tho_fox_001,﻿Rev.,﻿Thomas Fox,,﻿Pastor,,,,,,1866,﻿,﻿,﻿Philadelphia,Philadelphia
﻿phi.pa.0032,﻿church,﻿St. Dominic's,English,,﻿Holmesburgh,,,,﻿Philadelphia,﻿Philadelphia,﻿PA,,﻿40.045681,-75.016899,,,,﻿mat_a_mcgrane_002,﻿Rev.,﻿Matthew A. McGrane,,﻿Pastor,,,,,,1866,﻿,﻿,﻿Philadelphia,Philadelphia
﻿phi.pa.0033,﻿church,﻿St. Joachim's,English,,﻿Frankford,,,,﻿Philadelphia,﻿Philadelphia,﻿PA,,﻿40.011811,-75.089745,,,,﻿joh_mcgovern_001,﻿Rev.,﻿John McGovern,,﻿Pastor,,,,,,1866,﻿,﻿,﻿Philadelphia,Philadelphia
﻿phi.pa.0033,﻿church,﻿St. Joachim's,English,,﻿Frankford,,,,﻿Philadelphia,﻿Philadelphia,﻿PA,,﻿40.011811,-75.089745,,,,﻿joh_j_oreilly_001,﻿Rev.,﻿John J. O'Reilly,,,,,,,,1866,﻿,﻿,﻿Philadelphia,Philadelphia
﻿phi.pa.0034,﻿church,﻿St. Vincent de Paul's,English,,﻿Germantown,,,,﻿Philadelphia,﻿Philadelphia,﻿PA,,﻿40.037963,-75.174409,,,,﻿d_d_leyden_001,﻿Rev.,﻿D. D. Leyden,﻿C.M.,﻿Superior,,,,,﻿Congregation of the Mission,1866,﻿,﻿,﻿Philadelphia,Philadelphia
﻿phi.pa.0034,﻿church,﻿St. Vincent de Paul's,English,,﻿Germantown,,,,﻿Philadelphia,﻿Philadelphia,﻿PA,,﻿40.037963,-75.174409,,,,﻿ric_j_fitzgerald_001,﻿Rev.,﻿Richard Fitzgerald,﻿C.M.,,,,,,,1866,﻿,﻿,﻿Philadelphia,Philadelphia
﻿phi.pa.0035,﻿church,﻿St. Stephen's,English,,﻿Nicetown,,,,﻿Philadelphia,﻿Philadelphia,﻿PA,,﻿40.01526,-75.15167,,,,﻿mat_cobbin_001,﻿Rev.,﻿Matthias Cobbin,,﻿Pastor,,,,,,1866,﻿,﻿,﻿Philadelphia,Philadelphia
﻿phi.pa.0036,﻿church,﻿St. John the Baptist,English,,﻿Manayunk,,,,﻿Philadelphia,﻿Philadelphia,﻿PA,,﻿40.025046,-75.220084,,,,﻿pat_a_nugent_001,﻿Rev.,﻿Patrick Aloysius Nugent,,﻿Pastor,,,,,,1866,﻿,﻿,﻿Philadelphia,Philadelphia
﻿phi.pa.0037,﻿church,﻿Immaculate Conception,English,,﻿Manayunk,,,,﻿Philadelphia,﻿Philadelphia,﻿PA,,﻿40.026002,-75.223111,,,,﻿rud_e_kuenzer_001,﻿Rev.,﻿Rudolph Kuenzer,,﻿Pastor,,,,,,1866,﻿,﻿,﻿Philadelphia,Philadelphia
﻿phi.pa.0038,﻿church,"﻿St. Mary, of Our Lady of Consolation",English,,﻿Chestnut Hill,,,,﻿Philadelphia,﻿Philadelphia,﻿PA,,﻿40.078901,-75.210277,,,,﻿p_e_moriarty_001,﻿Very Rev.,﻿P. E. Moriarty,"﻿D.D., O.S.A.",﻿Pastor,,,,﻿Order of St. Augustine,﻿Order of St. Augustine,1866,﻿,﻿,﻿Philadelphia,Philadelphia
﻿phi.pa.0038,﻿church,"﻿St. Mary, of Our Lady of Consolation",English,,﻿Chestnut Hill,,,,﻿Philadelphia,﻿Philadelphia,﻿PA,,﻿40.078901,-75.210277,,,,﻿wil_harnett_001,﻿Rev.,﻿William Harnett,﻿O.S.A.,,,,,﻿Order of St. Augustine,,1866,﻿,﻿,﻿Philadelphia,Philadelphia
﻿phi.pa.0040,﻿church,﻿All Saints',English,,﻿Bridesburgh,,,,﻿Philadelphia,﻿Philadelphia,﻿PA,,﻿40.001444,-75.069779,,,,﻿mat_j_meurer_001,﻿Rev.,﻿Matthew Joseph Meurer,,,,,,,,1866,﻿,﻿,﻿Philadelphia,Philadelphia
﻿phi.pa.0088_01,﻿church,﻿St. Thomas of Villanova,English,,"﻿West Haverford, P.O.",,﻿Delaware County,﻿Delaware County,,﻿Villanova,﻿PA,,﻿40.037583,-75.349181,,,,﻿amb_a_mullen_001,﻿Rev.,﻿Ambrose A. Mullen,﻿O.S.A.,﻿Pastor,,,,,﻿Order of St. Augustine,1866,﻿,﻿,﻿Philadelphia,Philadelphia
﻿phi.pa.0089,﻿church,﻿St. Denis's,English,,,,﻿Delaware County,﻿Delaware County,﻿West-Haverford,﻿Haverford,﻿PA,,﻿39.991634,-75.304282,,,,﻿jam_d_waldron_001,﻿Rev.,﻿James D. Waldron,﻿O.S.A.,﻿Pastor,,,,,﻿Order of St. Augustine,1866,﻿,﻿,﻿Philadelphia,Philadelphia
﻿phi.pa.0084,﻿church,﻿St. Michael's,English,,,,﻿Delaware County,﻿Delaware County,﻿Chester,﻿Chester,﻿PA,,﻿39.849557,-75.355746,,,,﻿art_p_haviland_001,﻿Rev.,﻿Arthur Peter Haviland,,﻿Pastor,,,,,,1866,﻿,﻿,﻿Philadelphia,Philadelphia
﻿phi.pa.0084,﻿church,﻿St. Michael's,English,,,,﻿Delaware County,﻿Delaware County,﻿Chester,﻿Chester,﻿PA,,﻿39.849557,-75.355746,,,,﻿wil_f_cook_001,﻿Rev.,﻿William F. Cook,,,,,,,,1866,﻿,﻿,﻿Philadelphia,Philadelphia
﻿phi.pa.0086,﻿church,﻿St. Thomas the Apostle,English,,,,﻿Delaware County,﻿Delaware County,﻿Ivy Mills,,﻿PA,,﻿39.885806,-75.484868,,,,﻿hen_l_wright_001,﻿Rev.,﻿Henry L. Wright,,﻿Pastor,,,,,,1866,﻿,﻿,﻿Philadelphia,Philadelphia
﻿phi.pa.0087,﻿church,﻿The Nativity of B. V. M.,English,,,,﻿Delaware County,﻿Delaware County,﻿Media,﻿Media,﻿PA,,﻿39.916778,-75.387693,﻿phi.pa.0086,﻿visited from Ivy Mills,﻿every other Sunday,,,,,,,,,,,1866,﻿,﻿,﻿Philadelphia,Philadelphia
﻿phi.pa.0085,﻿church,﻿St. Charles Borromeo,English,,,,﻿Delaware County,﻿Delaware County,﻿Kellyville,﻿Drexel Hill,﻿PA,,﻿39.935989,-75.288907,,,,﻿ric_oconnor_001,﻿Rev.,﻿Richard O'Connor,,﻿Pastor,,,,,,1866,﻿,﻿,﻿Philadelphia,Philadelphia
﻿phi.pa.0039,﻿church,﻿St. Cecelia's,English,,"﻿P.O., Paschallville, West-Philadelphia",,﻿Delaware County,﻿Delaware County,﻿Darby,,﻿PA,,﻿39.927414,-75.240733,,,,﻿and_j_gallagher_001,﻿Rev.,﻿Andrew J. Gallagher,,﻿Pastor,,,,,,1866,﻿,﻿,﻿Philadelphia,Philadelphia
﻿phi.pa.0070,﻿church,﻿St. Agnes',English,,,,﻿Chester County,﻿Chester County,﻿Westchester,﻿West Chester,﻿PA,,﻿39.959294,-75.608831,,,,﻿joh_f_prendergast_001,﻿Rev.,﻿John F. Prendergast,,﻿Pastor,,,,,,1866,﻿,﻿,﻿Philadelphia,Philadelphia
﻿phi.pa.0071,﻿church,﻿St. Joseph's,English,,,,﻿Chester County,﻿Chester County,﻿Downingtown,﻿Downingtown,﻿PA,,﻿40.006496,-75.703274,﻿phi.pa.0070,﻿Attended from Westchester,﻿once a month,,,,,,,,,,,1866,﻿,﻿,﻿Philadelphia,Philadelphia
﻿phi.pa.0072,﻿church,﻿St. Mary's,English,,,,﻿Chester County,﻿Chester County,﻿Phoenixville,﻿Phoenixville,﻿PA,,﻿40.138335,-75.520094,,,,﻿phi_a_ofarrell_001,﻿Rev.,﻿Philip A. O'Farrel,,﻿Pastor,,,,,,1866,﻿,﻿,﻿Philadelphia,Philadelphia
﻿phi.pa.0073,﻿church,﻿Our Lady of Seven Dolors,English,,,,﻿Chester County,﻿Chester County,﻿Parkesburg,﻿Parkesburg,﻿PA,,﻿39.963197,-75.931428,,,,﻿cha_a_mcfadden_001,﻿Rev.,﻿Charles A. McFadden,,﻿Pastor,,,,,,1866,﻿,﻿,﻿Philadelphia,Philadelphia
﻿phi.pa.0074,﻿church,﻿St. Malachy's,English,,,,﻿Chester County,﻿Chester County,﻿Doe Run,﻿Doe Run,﻿PA,,﻿39.896597,-75.849642,﻿phi.pa.0073,﻿Attended from Parkesburgh,﻿every third Sunday,,,,,,,,,,,1866,﻿,﻿,﻿Philadelphia,Philadelphia
﻿phi.pa.0075,﻿station,[Unnamed Institution],English,,,,﻿Chester County,﻿Chester County,﻿Coatesville,﻿Coatesville,﻿PA,,﻿39.983162,-75.823835,﻿phi.pa.0073,﻿Attended from Parkesburg,﻿once every six weeks,,,,,,,,,,,1866,﻿,﻿,﻿Philadelphia,Philadelphia
﻿phi.pa.0078,﻿station,[Unnamed Institution],English,,,,﻿Chester County,﻿Chester County,﻿Baker's Quarries,﻿London Grove,﻿PA,,﻿39.85136,-75.818531,﻿phi.pa.0073,﻿Attended from Parkesburg,﻿once every six weeks,,,,,,,,,,,1866,﻿,﻿,﻿Philadelphia,Philadelphia
﻿phi.pa.0083,﻿station,[Unnamed Institution],English,,,,﻿Chester County,﻿Chester County,﻿Oxford,﻿Oxford,﻿PA,,﻿39.785386,-75.978835,﻿phi.pa.0073,﻿Attended from Parkesburg,﻿once every six weeks,,,,,,,,,,,1866,﻿,﻿,﻿Philadelphia,Philadelphia
﻿phi.pa.0341,﻿station,[Unnamed Institution],English,,,,﻿Chester County,﻿Chester County,﻿Chrome Pits,,﻿PA,,,,﻿phi.pa.0073,﻿Attended from Parkesburg,﻿once every six weeks,,,,,,,,,,,1866,﻿,﻿,﻿Philadelphia,Philadelphia
﻿phi.pa.0077,﻿station,[Unnamed Institution],English,,,,﻿Chester County,﻿Chester County,﻿New London,﻿New London Township,﻿PA,,﻿39.779256,-75.888251,﻿phi.pa.0073,﻿Attended from Parkesburg,﻿once every six weeks,,,,,,,,,,,1866,﻿,﻿,﻿Philadelphia,Philadelphia
﻿phi.pa.0262,﻿station,[Unnamed Institution],English,,,,﻿Chester County,﻿Chester County,﻿Copper Mines,,﻿PA,,,,﻿phi.pa.0073,﻿Attended from Parkesburg,﻿once every six weeks,,,,,,,,,,,1866,﻿,﻿,﻿Philadelphia,Philadelphia
﻿phi.pa.0081,﻿church,[Unnamed Institution],English,,,,﻿Chester County,﻿Chester County,﻿Kennett Square,﻿Kennett Square,﻿PA,,﻿39.846777,-75.711603,﻿wil.de.0005,"﻿attended by the Rev. J. S. Walsh from Brandywine, Del.",,,,,,,,,,,,1866,﻿,﻿,﻿Philadelphia,Philadelphia
﻿phi.pa.0082,﻿church,[Unnamed Institution],English,,,,﻿Chester County,﻿Chester County,﻿Hammerton,﻿Hamorton,﻿PA,,﻿39.868443,-75.655489,﻿wil.de.0005,"﻿attended by the Rev. J. S. Walsh from Brandywine, Del.",,,,,,,,,,,,1866,﻿,﻿,﻿Philadelphia,Philadelphia
﻿phi.pa.0102,﻿church,﻿St. Patrick's,English,,,,﻿Montgomery County,﻿Montgomery County,﻿Norristown,﻿Norristown,﻿PA,,﻿40.117192,-75.339178,,,,﻿den_oharan_002,﻿Rev.,﻿Denis O'Haran,,﻿Pastor,,,,,,1866,﻿,﻿,﻿Philadelphia,Philadelphia
﻿phi.pa.0106,﻿church,[Unnamed Institution],English,,,,﻿Montgomery County,﻿Montgomery County,﻿Port Kennedy,﻿Port Kennedy,﻿PA,,﻿40.229008,-75.387852,﻿phi.pa.0102,﻿Attended from Norristown,,,,,,,,,,,,1866,﻿,﻿,﻿Philadelphia,Philadelphia
﻿phi.pa.0103,﻿church,﻿St. Matthew's,English,,,,﻿Montgomery County,﻿Montgomery County,﻿Conshohocken,﻿Conschohocken,﻿PA,,﻿40.075097,-75.304378,,,,﻿ric_kinahan_001,﻿Rev.,﻿Richard Kinahan,,﻿Pastor,,,,,,1866,﻿,﻿,﻿Philadelphia,Philadelphia
﻿phi.pa.0104,﻿church,﻿St. Aloysius's,English,,,,﻿Montgomery County,﻿Montgomery County,﻿Pottstown,﻿Pottstown,﻿PA,,﻿40.249718,-75.64926,,,,﻿jam_a_miller_001,﻿Rev.,﻿James A. Miller,,﻿Pastor,,,,,,1866,﻿,﻿,﻿Philadelphia,Philadelphia
﻿phi.pa.0105,﻿church,[Unnamed Institution],English,,,,﻿Montgomery County,﻿Montgomery County,﻿Jenkintown,﻿Jenkintown,﻿PA,,﻿40.095944,-75.125174,﻿phi.pa.0033,"﻿Visited from Frankford, Philadelphia",﻿twice a month,,,,,,,,,,,1866,﻿,﻿,﻿Philadelphia,Philadelphia
﻿phi.pa.0107,﻿church,[Unnamed Institution],English,,,,﻿Montgomery County,﻿Montgomery County,﻿Hatborough,﻿Hatboro,﻿PA,,﻿40.174276,-75.106839,﻿phi.pa.0054,"﻿Attended from Doylestown, Bucks County",﻿occasionally,,,,,,,,,,,1866,﻿,﻿,﻿Philadelphia,Philadelphia
﻿har.pa.0008,﻿church,﻿St. Mary of the Assumption,English,,,,﻿Lancaster County,﻿Lancaster County,﻿Lancaster City,﻿Lancaster,﻿PA,,﻿40.037876,-76.305514,,,,﻿ber_keenan_001,﻿Very Rev.,﻿Bernard Keenan,,﻿Pastor,,,,,,1866,﻿,﻿,﻿Philadelphia,Philadelphia
﻿har.pa.0008,﻿church,﻿St. Mary of the Assumption,English,,,,﻿Lancaster County,﻿Lancaster County,﻿Lancaster City,﻿Lancaster,﻿PA,,﻿40.037876,-76.305514,,,,﻿tho_marron_001,﻿Rev.,﻿Thomas Marron,,,,,,,,1866,﻿,﻿,﻿Philadelphia,Philadelphia
﻿har.pa.0009,﻿church,﻿St. Joseph's,﻿German,,,,﻿Lancaster County,﻿Lancaster County,﻿Lancaster City,﻿Lancaster,﻿PA,,﻿40.037876,-76.305514,,,,﻿ant_schwarze_001,﻿Rev.,﻿Anthony Schwartze,,﻿Pastor,,,,,,1866,﻿,﻿,﻿Philadelphia,Philadelphia
﻿har.pa.0010,﻿church,﻿St. Peter's,English,,,,﻿Lancaster County,﻿Lancaster County,﻿Columbia,﻿Columbia,﻿PA,,﻿40.033709,-76.50441,,,,﻿art_mcginnis_001,﻿Rev.,﻿Arthur M. McGinnis,,﻿Pastor,,,,,,1866,﻿,﻿,﻿Philadelphia,Philadelphia
﻿har.pa.0011,﻿church,﻿Holy Trinity,﻿German,,,,﻿Lancaster County,﻿Lancaster County,﻿Columbia,﻿Columbia,﻿PA,,﻿40.033709,-76.50441,,,,﻿wil_pieper_001,﻿Rev.,﻿William Pieper,,﻿Pastor,,,,,,1866,﻿,﻿,﻿Philadelphia,Philadelphia
﻿har.pa.0012,﻿church,[Unnamed Institution],English,,,,﻿Lancaster County,﻿Lancaster County,﻿Safe Harbor,﻿Safe Harbor,﻿PA,,﻿39.9301,-76.379406,﻿har.pa.0008,"﻿visited from St. Mary's, Lancaster",﻿once a month,,,,,,,,,,,1866,﻿,﻿,﻿Philadelphia,Philadelphia
﻿har.pa.0013,﻿church,﻿St. Catharine's,English,,,,﻿Lancaster County,﻿Lancaster County,﻿Drumore,﻿Drumore,﻿PA,,﻿39.79177,-76.264957,﻿har.pa.0008,"﻿visited from Parkesburg, Chester County",﻿once every six weeks,,,,,,,,,,,1866,﻿,﻿,﻿Philadelphia,Philadelphia
﻿har.pa.0015,﻿church,﻿St. Peter's,English,,,,﻿Lancaster County,﻿Lancaster County,﻿Elizabethtown,﻿Elizabethtown,﻿PA,,﻿40.150171,-76.603932,,,,﻿joh_j_mcilvaine_001,﻿Rev.,﻿John Joseph McIlvane,,﻿Pastor,,,,,,1866,﻿,﻿,﻿Philadelphia,Philadelphia
﻿phi.pa.0055,﻿church,﻿St. John the Baptist,English,,"﻿(Bucksville P.O.,)",,﻿Bucks County,﻿Berks County,﻿Haycock,﻿Haycock Township,﻿PA,,﻿40.345157,-75.992765,,,,﻿fra_l_neufeld_001,﻿Rev.,﻿Francis L. Neufeld,,﻿Pastor,,,,,,1866,﻿,﻿,﻿Philadelphia,Philadelphia
﻿phi.pa.0054,﻿church,﻿Our Lady of Mount Carmel,English,,,,﻿Bucks County,﻿Berks County,﻿Doylestown,﻿Doylestown,﻿PA,,﻿40.312438,-75.124419,,,,﻿fra_x_george_001,﻿Rev.,﻿Francis Xavier George,,﻿Pastor,,,,,,1866,﻿,﻿,﻿Philadelphia,Philadelphia
﻿phi.pa.0057,﻿church,[Unnamed Institution],English,,,,﻿Bucks County,﻿Berks County,﻿Durham Furnace,,﻿PA,,﻿40.576669,-75.223955,﻿phi.pa.0055,﻿Visited from Haycock,﻿monthly,,,,,,,,,,,1866,﻿,﻿,﻿Philadelphia,Philadelphia
﻿phi.pa.0056,﻿church,[Unnamed Institution],English,﻿church to be built,,,﻿Bucks County,﻿Berks County,﻿Sellersville,﻿Sellersville,﻿PA,,﻿40.345157,-75.992765,﻿phi.pa.0055,﻿Attended from Haycock,﻿occasionally,,,,,,,,,,,1866,﻿,﻿,﻿Philadelphia,Philadelphia
﻿phi.pa.0053,﻿church,﻿St. Mark's,English,,,,﻿Bucks County,﻿Berks County,﻿Bristol,﻿Bristol,﻿PA,,﻿40.100666,-74.851831,,,,﻿jam_cullen_002,﻿Rev.,﻿James Cullen,,﻿Pastor,,,,,,1866,﻿,﻿,﻿Philadelphia,Philadelphia
﻿phi.pa.0058,﻿church,[Unnamed Institution],English,,,,﻿Bucks County,﻿Berks County,﻿Newtown,﻿Newtown,﻿PA,,﻿40.345157,-75.992765,﻿phi.pa.0053,﻿Attended from Bristol,﻿once a month,,,,,,,,,,,1866,﻿,﻿,﻿Philadelphia,Philadelphia
﻿har.pa.0001,﻿church,﻿St. Patrick's,English,,,,﻿Dauphin County,﻿Dauphin County,﻿Harrisburgh,﻿Harrisburg,﻿PA,,﻿40.273191,-76.886701,,,,﻿pie_maher_001,﻿Rev.,﻿Pierce Maher,,﻿Pastor,,,,,,1866,﻿,﻿,﻿Philadelphia,Philadelphia
﻿har.pa.0002,﻿church,﻿St. Lawrence's,﻿German,,,,﻿Dauphin County,﻿Dauphin County,﻿Harrisburgh,﻿Harrisburg,﻿PA,,﻿40.273191,-76.886701,﻿har.pa.0010,"﻿Attended from Columbia, Lancaster County",﻿twice a month,,,,,,,,,,,1866,﻿,﻿,﻿Philadelphia,Philadelphia
﻿har.pa.0003,﻿church,﻿St. Mary Help of Christians,English,,,,﻿Dauphin County,﻿Dauphin County,﻿Lykenstown,﻿Lykenstown,﻿PA,,﻿40.566753,-76.700522,﻿har.pa.0015,"﻿Attended from Elizabethtown, Lancaster County",﻿the first Sunday of every month,,,,,,,,,,,1866,﻿,﻿,﻿Philadelphia,Philadelphia
﻿har.pa.0004,﻿church,﻿Our Lady of Seven Dolors,English,,,,﻿Dauphin County,﻿Dauphin County,﻿Middletown,﻿Middletown,﻿PA,,﻿40.199814,-76.731081,﻿har.pa.0015,"﻿Attended from Elizabethtown, Lancaster County",﻿the first Sunday of every month,,,,,,,,,,,1866,﻿,﻿,﻿Philadelphia,Philadelphia
﻿phi.pa.0043,﻿church,﻿St. Peter's,English,,,,﻿Berks County,﻿Berks County,﻿Reading,﻿Reading,﻿PA,,﻿40.330063,-75.928511,,,,﻿fra_oconnor_001,﻿Rev.,﻿Francis O'Connor,,﻿Pastor,,,,,,1866,﻿,﻿,﻿Philadelphia,Philadelphia
﻿phi.pa.0044,﻿church,﻿St. Paul's,English,,,,﻿Berks County,﻿Berks County,﻿Reading,﻿Reading,﻿PA,,﻿40.338104,-75.919816,,,,﻿ger_w_wallmeyer_001,﻿Rev.,﻿Gerhard W. Wallmeyer,,﻿Pastor,,,,,,1866,﻿,﻿,﻿Philadelphia,Philadelphia
﻿phi.pa.0045,﻿church,[Unnamed Institution],English,,,,﻿Berks County,﻿Berks County,﻿Hamburg,﻿Hamburg,﻿PA,,﻿40.541129,-75.999087,﻿phi.pa.0044,"﻿Visited from St. Paul's, Reading",﻿once a month,,,,,,,,,,,1866,﻿,﻿,﻿Philadelphia,Philadelphia
﻿phi.pa.0046,﻿church,﻿St. Henry's,English,,,,﻿Berks County,﻿Berks County,﻿Meuslem,,﻿PA,,﻿40.345157,-75.992765,﻿phi.pa.0044,"﻿Visited from St. Paul's, Reading",﻿once a month,,,,,,,,,,,1866,﻿,﻿,﻿Philadelphia,Philadelphia
﻿phi.pa.0047,﻿church,﻿St. Paul's,English,,,,﻿Berks County,﻿Berks County,﻿Douglasville,﻿Douglassville,﻿PA,,﻿40.258112,-75.726292,﻿phi.pa.0104,"﻿Visited from Pottstown, Montgomery County",﻿every other Sunday,,,,,,,,,,,1866,﻿,﻿,﻿Philadelphia,Philadelphia
﻿phi.pa.0048,﻿church,﻿Church of the Blessed Sacrament,English,,﻿Colebrookdale P.O.,,﻿Berks County,﻿Berks County,﻿Churchville,﻿Bally,﻿PA,,﻿40.203064,-74.996854,,,,﻿aug_bally_001,﻿Rev.,﻿Augustin Bally,﻿S.J.,﻿Superior,,,,,﻿Society of Jesus,1866,﻿,﻿,﻿Philadelphia,Philadelphia
﻿phi.pa.0050,﻿church,[Unnamed Institution],English,,,,﻿Berks County,﻿Berks County,﻿Rockland,﻿Rockland Township,﻿PA,,﻿40.444806,-75.748778,﻿phi.pa.0048,﻿Visited from Churchville,﻿occasionally,,,,,,,,,,,1866,﻿,﻿,﻿Philadelphia,Philadelphia
﻿phi.pa.0049,﻿church,[Unnamed Institution],English,,,,﻿Berks County,﻿Berks County,﻿Spunktown,,﻿PA,,﻿40.316527,-75.639233,﻿phi.pa.0048,﻿Visited from Churchville,﻿occasionally,,,,,,,,,,,1866,﻿,﻿,﻿Philadelphia,Philadelphia
﻿phi.pa.0295,﻿church,[Unnamed Institution],English,,,,﻿Berks County,﻿Berks County,﻿Shamrock,﻿Shamrock Station,﻿PA,,﻿40.50297,-75.64863,﻿phi.pa.0048,﻿Visited from Churchville,﻿occasionally,,,,,,,,,,,1866,﻿,﻿,﻿Philadelphia,Philadelphia
﻿har.pa.0017,﻿church,﻿St. Patrick's,English,,,,﻿York County,﻿York County,﻿York,﻿York,﻿PA,,﻿39.962598,-76.727745,,,,﻿syl_eagle_001,﻿Rev.,﻿Sylvester Eagle,,﻿Pastor,,,,,,1866,﻿,﻿,﻿Philadelphia,Philadelphia
﻿har.pa.0018,﻿church,﻿Immaculate Conception,﻿German,,,,﻿York County,﻿York County,﻿York,﻿York,﻿PA,,﻿39.962598,-76.727745,,,,﻿jos_hamm_001,﻿Rev.,﻿Joseph Hamm,,﻿Pastor,,,,,,1866,﻿,﻿,﻿Philadelphia,Philadelphia
﻿har.pa.0074,﻿church,﻿St. John the Baptist,English,,,,﻿York County,﻿York County,﻿Strasburgh,﻿Strasburgh,﻿PA,,﻿39.982871,-76.184038,﻿har.pa.0018,"﻿attended from Church of the Immaculate Conception, York",﻿once a month,,,,,,,,,,,1866,﻿,﻿,﻿Philadelphia,Philadelphia
﻿har.pa.0020,﻿church,﻿St. Joseph's,English,,,,﻿York County,﻿York County,﻿Dallastown,﻿Dallastown,﻿PA,,﻿39.899544,-76.640245,﻿har.pa.0018,"﻿attended from Church of the Immaculate Conception, York",﻿occasionally,,,,,,,,,,,1866,﻿,﻿,﻿Philadelphia,Philadelphia
﻿har.pa.0021,﻿church,﻿Sacred Heart of B. V. Mary,English,,,,﻿York County,﻿York County,﻿Paradise,﻿Paradise,﻿PA,,﻿40.009823,-76.128565,﻿har.pa.0023,﻿attended from Conewago,﻿twice a month,,,,,,,,,,,1866,﻿,﻿,﻿Philadelphia,Philadelphia
﻿har.pa.0022,﻿church,﻿St. Joseph's,English,,,,﻿York County,﻿York County,﻿Hanover,﻿Hanover,﻿PA,,﻿39.800655,-76.983036,﻿har.pa.0023,﻿attended from Conewago,﻿twice a month,,,,,,,,,,,1866,﻿,﻿,﻿Philadelphia,Philadelphia
﻿har.pa.0005,﻿church,﻿St. Mary's,English,,,,﻿Lebanon County,﻿Lebanon County,﻿Lebanon,﻿Lebanon,﻿PA,,﻿40.339432,-76.42411,,,,﻿j_m_boetzkes_001,﻿Rev.,﻿J. Boetzkes,,﻿Pastor,,,,,,1866,﻿,﻿,﻿Philadelphia,Philadelphia
﻿har.pa.0006,﻿church,﻿St. Lawrence's,English,,,,﻿Lebanon County,﻿Lebanon County,﻿Colebrook Furnace,﻿Colebrook,﻿PA,,﻿40.238149,-76.511079,﻿har.pa.0015,"﻿attended from Elizabethtown, Lancaster County",﻿every fifth Sunday,,,,,,,,,,,1866,﻿,﻿,﻿Philadelphia,Philadelphia
﻿har.pa.0023,﻿church,﻿Church of the Sacred Heart of Jesus,English,,﻿McSherrytown P. O.,,﻿Adams County,﻿Adams County,﻿Conewago,﻿Conewago,﻿PA,,﻿39.807322,-77.01137,,,,﻿fra_x_de-neckere_001,﻿Rev.,﻿Francis X. De Neckere,﻿S.J.,,,,,,﻿Society of Jesus,1866,﻿,﻿,﻿Philadelphia,Philadelphia
﻿har.pa.0023,﻿church,﻿Church of the Sacred Heart of Jesus,English,,﻿McSherrytown P. O.,,﻿Adams County,﻿Adams County,﻿Conewago,﻿Conewago,﻿PA,,﻿39.807322,-77.01137,,,,﻿sim_p_dompieri_001,﻿Rev.,﻿Simon P. Dompieri,﻿S.J.,,,,,,,1866,﻿,﻿,﻿Philadelphia,Philadelphia
﻿har.pa.0023,﻿church,﻿Church of the Sacred Heart of Jesus,English,,﻿McSherrytown P. O.,,﻿Adams County,﻿Adams County,﻿Conewago,﻿Conewago,﻿PA,,﻿39.807322,-77.01137,,,,﻿pat_duddy_001,﻿Rev.,﻿P. Duddy,﻿S.J.,,,,,,,1866,﻿,﻿,﻿Philadelphia,Philadelphia
﻿har.pa.0023,﻿church,﻿Church of the Sacred Heart of Jesus,English,,﻿McSherrytown P. O.,,﻿Adams County,﻿Adams County,﻿Conewago,﻿Conewago,﻿PA,,﻿39.807322,-77.01137,,,,﻿joh_barrister_001,﻿Rev.,﻿John Barrister,﻿S.J.,,,,,,,1866,﻿,﻿,﻿Philadelphia,Philadelphia
﻿har.pa.0024,﻿church,﻿Immaculate Conception,English,,,,﻿Adams County,﻿Adams County,﻿Oxford,﻿Oxford,﻿PA,,﻿39.852242,-77.286488,﻿har.pa.0023,﻿visited from Conewago,﻿on a week-day,,,,,,,,,,,1866,﻿,﻿,﻿Philadelphia,Philadelphia
﻿har.pa.0025,﻿church,﻿St. Aloysius',English,,,,﻿Adams County,﻿Adams County,﻿Littlestown,﻿Littlestown,﻿PA,,﻿39.74354,-77.087977,﻿har.pa.0023,﻿visited from Conewago,﻿twice a month,,,,,,,,,,,1866,﻿,﻿,﻿Philadelphia,Philadelphia
﻿har.pa.0026_02,﻿chapel,﻿Chapel of St. Joseph,English,,,,﻿Adams County,﻿Adams County,﻿McSherrystown,﻿McSherrystown,﻿PA,,﻿39.807322,-77.01137,﻿har.pa.0023,﻿attended from Conewago,,,,,,,,,,,,1866,﻿,﻿,﻿Philadelphia,Philadelphia
﻿har.pa.0028,﻿church,﻿St. Joseph's,English,,﻿Square Corner P.O.,,﻿Adams County,﻿Adams County,﻿Bonaghtown,﻿Bonneauville,﻿PA,,﻿39.809543,-77.106094,,,,﻿bas_a_shorb_001,﻿Rev.,﻿Basil A. Shorb,,﻿Pastor,,,,,,1866,﻿,﻿,﻿Philadelphia,Philadelphia
﻿har.pa.0029,﻿church,﻿St. Francis Xavier's,English,,,,﻿Adams County,﻿Adams County,﻿Gettysburgh,﻿Gettysburg,﻿PA,,﻿39.830929,-77.231095,,,,﻿jos_a_boll_001,﻿Rev.,﻿Joseph A. Boll,,﻿Pastor,,,,,,1866,﻿,﻿,﻿Philadelphia,Philadelphia
﻿har.pa.0030,﻿church,﻿St. Ignatius,English,,,,﻿Adams County,﻿Adams County,﻿Mountain,﻿Mountain,﻿PA,,﻿39.852242,-77.286488,﻿har.pa.0029,﻿attended from Gettysburgh,﻿every second Sunday,,,,,,,,,,,1866,﻿,﻿,﻿Philadelphia,Philadelphia
﻿har.pa.0031,﻿church,﻿Immaculate Conception,English,,,,﻿Adams County,﻿Adams County,﻿Millerstown,﻿Gettysburg,﻿PA,,﻿39.832383,-77.246224,﻿har.pa.0029,﻿attended from Gettysburgh,﻿every fourth Sunday of the month,,,,,,,,,,,1866,﻿,﻿,﻿Philadelphia,Philadelphia
﻿har.pa.0032,﻿church,﻿Christ Church,English,,,,﻿Franklin County,﻿Franklin County,﻿Chambersburgh,﻿Chambersburgh,﻿PA,,﻿39.937591,-77.661102,,,,﻿joh_w_gerdemann_001,﻿Rev.,﻿John Gerdemann,,﻿Pastor,,,,,,1866,﻿,﻿,﻿Philadelphia,Philadelphia
﻿har.pa.0033,﻿church,﻿St. Andrew the Apostle,English,,,,﻿Franklin County,﻿Franklin County,﻿Waynesborough,﻿Waynesboro,﻿PA,,﻿39.755927,-77.577769,﻿har.pa.0032,﻿visited from Chambersburgh,﻿four times a year,,,,,,,,,,,1866,﻿,﻿,﻿Philadelphia,Philadelphia
﻿har.pa.0034,﻿church,"﻿St. Mary, Refuge of Sinners",English,,"﻿(Doylesburgh P. O.,)",,﻿Franklin County,﻿Franklin County,﻿Path Valley,﻿Willow Hill,﻿PA,,﻿40.10453,-77.821481,﻿pit.pa.0054,"﻿attended from Shade Valley, Huntingdon Co.",,,,,,,,,,,,1866,﻿,﻿,﻿Philadelphia,Philadelphia
﻿har.pa.0035,﻿church,[Unnamed Institution],English,,,,﻿Franklin County,﻿Franklin County,﻿Anderson's Valley,﻿Amberson,﻿PA,,﻿40.172133,-77.686268,﻿har.pa.0032,﻿visited from Chambersburgh,﻿occasionally,,,,,,,,,,,1866,﻿,﻿,﻿Philadelphia,Philadelphia
﻿har.pa.0038,﻿church,﻿St. Patrick's,English,,,,﻿Cumberland County,﻿Cumberland County,﻿Carlisle,﻿Carlisle,﻿PA,,﻿40.201024,-77.200274,﻿har.pa.0032,﻿attended from Chambersburgh,﻿every second Sunday,,,,,,,,,,,1866,﻿,﻿,﻿Philadelphia,Philadelphia
﻿har.pa.0039,﻿church,﻿All Saints,English,,,,﻿Mifflin County,﻿Mifflin County,﻿Lewistown,﻿Lewistown,﻿PA,,﻿40.652279,-77.607786,﻿pit.pa.0054,"﻿attended from Bellefonte, Centre Co.",﻿the fifth Sunday of the month,,,,,,,,,,,1866,﻿,﻿,﻿Philadelphia,Philadelphia
﻿har.pa.0040,﻿church,[Unnamed Institution],English,,,,﻿Mifflin County,﻿Mifflin County,﻿Reedsville,﻿Reedsville,﻿PA,,﻿40.663959,-77.595828,﻿pit.pa.0054,"﻿visited from Bellefonte, Centre Co.",﻿occasionally,,,,,,,,,,,1866,﻿,﻿,﻿Philadelphia,Philadelphia
﻿phi.pa.0110,﻿church,﻿St. Bernard's,English,,,,﻿Northampton County,﻿Northampton County,﻿Easton,﻿Easton,﻿PA,,﻿40.688432,-75.220732,,,,﻿tho_reardon_001,﻿Rev.,﻿Thomas Reardon,,﻿Pastor,,,,,,1866,﻿,﻿,﻿Philadelphia,Philadelphia
﻿phi.pa.0111,﻿church,﻿St. Joseph's,English,,﻿Easton P.O.,,﻿Northampton County,﻿Northampton County,﻿South-Easton,﻿Easton,﻿PA,,﻿40.688432,-75.220732,,,,﻿joh_b_frisch_002,﻿Rev.,﻿John B. Frisch,,﻿Pastor,,,,,,1866,﻿,﻿,﻿Philadelphia,Philadelphia
﻿phi.pa.0116,﻿church,[Unnamed Institution],English,,,,﻿Northampton County,﻿Northampton County,﻿Freemansburgh,﻿Freemansburg,﻿PA,,﻿40.626488,-75.345735,﻿phi.pa.0091,"﻿Attended from Allentown, Lehigh Co.",,,,,,,,,,,,1866,﻿,﻿,﻿Philadelphia,Philadelphia
﻿phi.pa.0112,﻿church,﻿Church of the Holy Infancy,English,,,,﻿Northampton County,﻿Northampton County,﻿South Bethlehem,,﻿PA,,﻿40.610435,-75.374275,﻿phi.pa.0091,﻿Attended from Allentown,﻿every Sunday,,,,,,,,,,,1866,﻿,﻿,﻿Philadelphia,Philadelphia
﻿phi.pa.0113,﻿church,﻿Nativity of Our Lord,﻿German,,,,﻿Northampton County,﻿Northampton County,﻿Bethlehem,﻿Bethlehem,﻿PA,,﻿40.625932,-75.370458,﻿phi.pa.0091,﻿Attended from Allentown,﻿once a month,,,,,,,,,,,1866,﻿,﻿,﻿Philadelphia,Philadelphia
﻿phi.pa.0114,﻿church,﻿St. Nicholas',English,,,,﻿Northampton County,﻿Northampton County,﻿Berlinsville,﻿Berlinsville,﻿PA,,﻿40.768706,-75.573797,﻿phi.pa.0091,﻿Attended from Allentown,﻿once a month,,,,,,,,,,,1866,﻿,﻿,﻿Philadelphia,Philadelphia
﻿phi.pa.0091,﻿church,﻿Immaculate Conception,English,,,,﻿Lehigh County,﻿Lehigh County,﻿Allentown,﻿Allentown,﻿PA,,﻿40.602294,-75.47141,,,,﻿mic_c_mcenroe_001,﻿Rev.,﻿Michael McEnroe,,﻿Pastor,,,,,,1866,﻿,﻿,﻿Philadelphia,Philadelphia
﻿phi.pa.0091,﻿church,﻿Immaculate Conception,English,,,,﻿Lehigh County,﻿Lehigh County,﻿Allentown,﻿Allentown,﻿PA,,﻿40.602294,-75.47141,,,,﻿jos_kaelin_002,﻿Rev.,﻿Joseph Kaelin,,,,,,,,1866,﻿,﻿,﻿Philadelphia,Philadelphia
﻿phi.pa.0093,﻿church,﻿St. Lawrence's,English,,,,﻿Lehigh County,﻿Lehigh County,﻿Catasauqua,﻿Catasauqua,﻿PA,,﻿40.654819,-75.474627,,,,﻿edw_mckee_001,﻿Rev.,﻿Edward McKee,,﻿Pastor,,,,,,1866,﻿,﻿,﻿Philadelphia,Philadelphia
﻿phi.pa.0263,﻿church,﻿Annunciation of the B. V. M.,﻿German,,,,﻿Lehigh County,﻿Lehigh County,﻿Catasauqua,,﻿PA,,﻿39.725,-75.866389,﻿phi.pa.0091,﻿Attended from Allentown,﻿every two weeks,,,,,,,,,,,1866,﻿,﻿,﻿Philadelphia,Philadelphia
﻿phi.pa.0095,﻿church,[Unnamed Institution],English,,,,﻿Lehigh County,﻿Lehigh County,﻿Friedensville,﻿Friedensville,﻿PA,,﻿40.559266,-75.394625,﻿phi.pa.0091,﻿Attended from Allentown,,,,,,,,,,,,1866,﻿,﻿,﻿Philadelphia,Philadelphia
﻿phi.pa.0096,﻿station,[Unnamed Institution],English,,,,﻿Lehigh County,﻿Lehigh County,﻿Trexlertown,﻿Trexlertown,﻿PA,,﻿40.547914,-75.605918,﻿phi.pa.0091,﻿Attended from Allentown,,,,,,,,,,,,1866,﻿,﻿,﻿Philadelphia,Philadelphia
﻿phi.pa.0097,﻿station,[Unnamed Institution],English,,,,﻿Lehigh County,﻿Lehigh County,﻿Guthville,﻿Orefield,﻿PA,,﻿40.634951,-75.584928,﻿phi.pa.0091,﻿Attended from Allentown,,,,,,,,,,,,1866,﻿,﻿,﻿Philadelphia,Philadelphia
﻿phi.pa.0100,﻿church,[Unnamed Institution],English,,,,﻿Lehigh County,﻿Lehigh County,﻿Slatington,﻿Slatington,﻿PA,,﻿40.752612,-75.60621,﻿phi.pa.0093,﻿Visited from Catasauqua,﻿monthly,,,,,,,,,,,1866,﻿,﻿,﻿Philadelphia,Philadelphia
﻿phi.pa.0101,﻿church,[Unnamed Institution],English,,,,﻿Lehigh County,﻿Lehigh County,﻿Laury's Station,﻿Laurys Station,﻿PA,,﻿40.723151,-75.530184,﻿phi.pa.0093,﻿Visited from Catasauqua,﻿monthly,,,,,,,,,,,1866,﻿,﻿,﻿Philadelphia,Philadelphia
﻿phi.pa.0059,﻿church,﻿Immaculate Conception,English,,,,﻿Carbon County,﻿Carbon County,﻿Mauch Chunk,﻿Jim Thorpe,﻿PA,,﻿40.875924,-75.732413,,,,﻿mic_j_blacker_001,﻿Rev.,﻿Michael J. Blacker,,﻿Pastor,,,,,,1866,﻿,﻿,﻿Philadelphia,Philadelphia
﻿phi.pa.0060,﻿church,﻿St. Patrick's,English,,,,﻿Carbon County,﻿Carbon County,﻿Nesquahoning,﻿Nesquehoning,﻿PA,,﻿40.864534,-75.811028,﻿phi.pa.0059,﻿Attended from Mauch Chunk,﻿every other Sunday,,,,,,,,,,,1866,﻿,﻿,﻿Philadelphia,Philadelphia
﻿phi.pa.0061,﻿church,﻿Church of the Holy Cross,English,,,,﻿Carbon County,﻿Carbon County,﻿Parryville,﻿Parryville,﻿PA,,﻿40.818148,-75.672688,﻿phi.pa.0059,﻿Attended from Mauch Chunk,﻿once a month,,,,,,,,,,,1866,﻿,﻿,﻿Philadelphia,Philadelphia
﻿phi.pa.0294,﻿station,[Unnamed Institution],English,,,,﻿Carbon County,﻿Carbon County,﻿Turnhole,﻿Jim Thorpe,﻿PA,,﻿40.231503,-74.840088,﻿phi.pa.0059,﻿Attended from Mauch Chunk,,,,,,,,,,,,1866,﻿,﻿,﻿Philadelphia,Philadelphia
﻿phi.pa.0295,﻿station,[Unnamed Institution],English,,,,﻿Carbon County,﻿Carbon County,﻿Pine Swamps,﻿Shamrock Station,﻿PA,,﻿40.50297,-75.64863,﻿phi.pa.0059,﻿Attended from Mauch Chunk,,,,,,,,,,,,1866,﻿,﻿,﻿Philadelphia,Philadelphia
﻿phi.pa.0064,﻿church,﻿St. Mary's,English,,,,﻿Carbon County,﻿Carbon County,﻿Beaver Meadows,﻿Beaver Meadows,﻿PA,,﻿40.928142,-75.914644,﻿phi.pa.0063,"﻿Attended from Hazleton, Luzerne Co.",﻿every other Sunday,,,,,,,,,,,1866,﻿,﻿,﻿Philadelphia,Philadelphia
﻿phi.pa.0261,﻿church,﻿St. Joseph's,English,,,,﻿Carbon County,,﻿Rockport,,﻿PA,,﻿40.916667,-75.791389,,,,﻿pat_j_nunan_001,﻿Rev.,﻿Patrick J. Nunan,,﻿Pastor,,,,,,1866,﻿,﻿,﻿Philadelphia,Philadelphia
﻿phi.pa.0066,﻿church,[Unnamed Institution],English,,,,﻿Carbon County,﻿Carbon County,﻿Penn Haven,﻿Penn Haven Junction,﻿PA,,﻿40.945088,-75.746858,﻿phi.pa.0261,﻿Visited from Rockport,﻿once a month,,,,,,,,,,,1866,﻿,﻿,﻿Philadelphia,Philadelphia
﻿phi.pa.0068,﻿church,﻿St. Joseph's,English,,,,﻿Carbon County,﻿Carbon County,﻿Summit Hill,﻿Summit Hill,﻿PA,,﻿40.824472,-75.880603,,,,﻿jam_kelly_001,﻿Rev.,﻿James Kelly,,﻿Pastor,,,,,,1866,﻿,﻿,﻿Philadelphia,Philadelphia
﻿phi.pa.0119,﻿church,﻿St. Patrick's,English,,,,﻿Schuylkill County,﻿Schuylkill County,﻿Pottsville,﻿Pottsville,﻿PA,,﻿40.685646,-76.195499,,,,﻿nic_j_walsh_001,﻿Rev.,﻿Nicholas J. Walsh,,﻿Pastor,,,,,,1866,﻿,﻿,﻿Philadelphia,Philadelphia
﻿phi.pa.0120,﻿church,﻿St. John the Baptist's,﻿German,,,,﻿Schuylkill County,﻿Schuylkill County,﻿Pottsville,﻿Pottsville,﻿PA,,﻿40.680729,-76.201355,,,,﻿fra_j_wachter_001,﻿Rev.,﻿Francis Joseph Wachter,,﻿Pastor,,,,,,1866,﻿,﻿,﻿Philadelphia,Philadelphia
﻿phi.pa.0121,﻿church,﻿St. Ambrose's,English,,,,﻿Schuylkill County,﻿Schuylkill County,﻿Schuylkill Haven,﻿Schuylkill Haven,﻿PA,,﻿40.635111,-76.160938,﻿phi.pa.0119,"﻿attended from St. Patrick's, Pottsville",﻿weekly,,,,,,,,,,,1866,﻿,﻿,﻿Philadelphia,Philadelphia
﻿phi.pa.0121,﻿church,﻿St. Ambrose's,English,,,,﻿Schuylkill County,﻿Schuylkill County,﻿Port Clinton,﻿Schuylkill Haven,﻿PA,,﻿40.5822,-76.0244,﻿phi.pa.0119,"﻿attended from St. Patrick's, Pottsville",﻿once every four months,,,,,,,,,,,1866,﻿,﻿,﻿Philadelphia,Philadelphia
﻿phi.pa.0124,﻿church,﻿St. Vincent de Paul's,English,,,,﻿Schuylkill County,﻿Schuylkill County,﻿Minersville,﻿Minersville,﻿PA,,﻿40.690645,-76.26217,,,,﻿mic_malone_001,﻿Rev.,﻿Michael Malone,,﻿Pastor,,,,,,1866,﻿,﻿,﻿Philadelphia,Philadelphia
﻿phi.pa.0125,﻿church,﻿Our Lady of Mount Carmel,﻿German,,,,﻿Schuylkill County,﻿Schuylkill County,﻿Minersville,﻿Minersville,﻿PA,,﻿40.690645,-76.26217,﻿phi.pa.0120,"﻿attended from St. John's, Pottsville",﻿every second Sunday,,,,,,,,,,,1866,﻿,﻿,﻿Philadelphia,Philadelphia
﻿phi.pa.0126,﻿church,﻿Immaculate Conception,English,,,,﻿Schuylkill County,﻿Schuylkill County,﻿Fremont,﻿Tremont,﻿PA,,﻿40.628422,-76.387177,,,,﻿wil_c_mcloughlin_001,﻿Rev.,﻿William C. McLoughlin,,﻿Pastor,,,,,,1866,﻿,﻿,﻿Philadelphia,Philadelphia
﻿phi.pa.0127,﻿church,﻿St. Stephen's,English,,,,﻿Schuylkill County,﻿Schuylkill County,﻿Port Carbon,﻿Port Carbon,﻿PA,,﻿40.696604,-76.164048,,,,﻿dan_magorien_001,﻿Rev.,﻿Daniel Magorien,,﻿Pastor,,,,,,1866,﻿,﻿,﻿Philadelphia,Philadelphia
﻿phi.pa.0129,﻿church,﻿St. Jerome's,English,,,,﻿Schuylkill County,﻿Schuylkill County,﻿Tamauqua,﻿Tamaqua,﻿PA,,﻿40.797311,-75.969371,,,,﻿tho_quinn_002,﻿Rev.,﻿Thomas Quinn,,﻿Pastor,,,,,,1866,﻿,﻿,﻿Philadelphia,Philadelphia
﻿phi.pa.0130,﻿church,[Unnamed Institution],English,,,,﻿Schuylkill County,﻿Schuylkill County,﻿Tuscarora,﻿Tuscarora,﻿PA,,﻿40.770089,-76.037431,﻿phi.pa.0129,﻿Attended from Tamaqua,﻿monthly,,,,,,,,,,,1866,﻿,﻿,﻿Philadelphia,Philadelphia
﻿phi.pa.0131,﻿church,﻿St. Patrick's,English,,,,﻿Schuylkill County,﻿Schuylkill County,﻿Patterson,﻿Brockton,﻿PA,,﻿40.749252,-76.069106,﻿phi.pa.0129,﻿Visited from Tamaqua,﻿occasionally,,,,,,,,,,,1866,﻿,﻿,﻿Philadelphia,Philadelphia
﻿phi.pa.0132,﻿church,﻿St. Bartholomew's,﻿German,,,,﻿Schuylkill County,﻿Schuylkill County,﻿Patterson,﻿Brockton,﻿PA,,﻿40.749252,-76.069106,﻿phi.pa.0241,﻿Attended from St. Clair,﻿monthly,,,,,,,,,,,1866,﻿,﻿,﻿Philadelphia,Philadelphia
﻿phi.pa.0241,﻿church,﻿St. Boniface's,﻿German,,,,﻿Schuylkill County,,﻿St. Clair,,﻿PA,,﻿40.715991,-76.201017,,,,﻿her_a_depmann_001,﻿Rev.,﻿Hermann Depmann,,﻿Pastor,,,,,,1866,﻿,﻿,﻿Philadelphia,Philadelphia
﻿phi.pa.0141,﻿church,﻿Immaculate Conception,English,,,,﻿Schuylkill County,,﻿St. Clair,,﻿PA,,﻿40.720645,-76.191054,,,,﻿jam_a_brehony_001,﻿Rev.,﻿James A. Brehony,,﻿Pastor,,,,,,1866,﻿,﻿,﻿Philadelphia,Philadelphia
﻿phi.pa.0133,﻿church,﻿St. Joseph's,English,,,,﻿Schuylkill County,﻿Schuylkill County,﻿Ashland,﻿Ashland,﻿PA,,﻿40.781754,-76.345782,,,,﻿mic_sheridan_001,﻿Rev.,﻿Michael Sheridan,,﻿Pastor,,,,,,1866,﻿,﻿,﻿Philadelphia,Philadelphia
﻿phi.pa.0134,﻿church,﻿St. Maurice's,﻿German,,,,﻿Schuylkill County,﻿Schuylkill County,﻿Ashland,﻿Ashland,﻿PA,,﻿40.781754,-76.345782,,,,﻿joh_b_bach_002,﻿Rev.,﻿John B. Bach,,﻿Pastor,,,,,,1866,﻿,﻿,﻿Philadelphia,Philadelphia
﻿phi.pa.0128,﻿station,[Unnamed Institution],English,,,,﻿Schuylkill County,,﻿New Philadelphia,,﻿PA,,﻿40.719534,-76.115771,﻿phi.pa.0127,﻿Attended from Port Carbon,,,,,,,,,,,,1866,﻿,﻿,﻿Philadelphia,Philadelphia
﻿phi.pa.0315,﻿station,[Unnamed Institution],English,,,,﻿Schuylkill County,,﻿Middleport,,﻿PA,,﻿40.730278,-76.085556,﻿phi.pa.0127,﻿Attended from Port Carbon,,,,,,,,,,,,1866,﻿,﻿,﻿Philadelphia,Philadelphia
﻿phi.pa.0137,﻿church,﻿St. Canicus',English,,,,﻿Schuylkill County,﻿Schuylkill County,﻿Mahanoy City,﻿Mahanoy City,﻿PA,,﻿40.812588,-76.141603,,,,﻿mic_mcevoy_001,﻿Rev.,﻿Michael McEvoy,,﻿Pastor,,,,,,1866,﻿,﻿,﻿Philadelphia,Philadelphia
﻿phi.pa.0139,﻿station,[Unnamed Institution],English,,,,﻿Schuylkill County,﻿Schuylkill County,﻿Shanandoe,﻿Shenandoah,﻿PA,,﻿40.820366,-76.200773,﻿phi.pa.0137,﻿Visited from Mahanoy City,﻿occasionally,,,,,,,,,,,1866,﻿,﻿,﻿Philadelphia,Philadelphia
﻿phi.pa.0140,﻿church,﻿St. Kyran's,English,,﻿Woodside P.O.,,﻿Schuylkill County,﻿Schuylkill County,﻿Heckscherville,﻿Heckscherville,﻿PA,,﻿40.719492,-76.273294,,,,﻿joh_scanlan_001,﻿Rev.,﻿John Scanlan,,﻿Pastor,,,,,,1866,﻿,﻿,﻿Philadelphia,Philadelphia
﻿scr.pa.0076,﻿church,﻿St. Boniface's,﻿German,,,,﻿Lycoming County,﻿Lycoming County,﻿Williamsport,﻿Williamsport,﻿PA,,﻿41.248349,-76.997221,﻿scr.pa.0077,"﻿Attended from Bastross, in Nippenose Valley",,,,,,,,,,,,1866,﻿,﻿,﻿Philadelphia,Philadelphia
﻿scr.pa.0075,﻿church,[Unnamed Institution],English,﻿English church to be built,,,﻿Lycoming County,﻿Lycoming County,﻿Williamsport,﻿Williamsport,﻿PA,,﻿41.24119,-77.001079,,,,﻿pet_f_sullivan_001,﻿Rev.,﻿Peter F. Sullivan,,﻿Pastor,,,,,,1866,﻿,﻿,﻿Philadelphia,Philadelphia
﻿scr.pa.0077,﻿church,﻿Immaculate Conception,English,,﻿in Nippenose Valley; Bastross P.O.,,﻿Lycoming County,﻿Lycoming County,﻿Bastross,﻿Bastress Township,﻿PA,,﻿41.184327,-77.113998,,,,﻿joh_h_lenfert_001,﻿Rev.,﻿John Lenfert,,﻿Pastor,,,,,,1866,﻿,﻿,﻿Philadelphia,Philadelphia
﻿scr.pa.0078,﻿church,﻿St. Mary of the Assumption,English,,,,﻿Lycoming County,﻿Lycoming County,﻿Cascade,﻿Cascade Township,﻿PA,,﻿41.465155,-76.895155,﻿scr.pa.0075,﻿Visited from Williamsport,,,,,,,,,,,,1866,﻿,﻿,﻿Philadelphia,Philadelphia
﻿har.pa.0041,﻿church,﻿St. John the Evangelist's,English,,,,﻿Centre County,﻿Centre County,﻿Bellefonte,﻿Bellefonte,﻿PA,,﻿40.910678,-77.776185,,,,﻿tho_mcgovern_001,﻿Rev.,﻿Thomas McGovern,,﻿Pastor,,,,,,1866,﻿,﻿,﻿Philadelphia,Philadelphia
﻿har.pa.0043,﻿church,[Unnamed Institution],English,﻿church to be built,,,﻿Centre County,﻿Centre County,﻿Snow Shoe,﻿Snow Shoe,﻿PA,,﻿41.030891,-77.949449,﻿har.pa.0041,﻿attended from Bellefonte,﻿the second Sunday of each month,,,,,,,,,,,1866,﻿,﻿,﻿Philadelphia,Philadelphia
﻿har.pa.0044,﻿church,[Unnamed Institution],English,,,,﻿Centre County,﻿Centre County,﻿Howardville,﻿Howard,﻿PA,,﻿41.014229,-77.658053,﻿har.pa.0041,﻿Visited from Bellefonte,﻿occasionally,,,,,,,,,,,1866,﻿,﻿,﻿Philadelphia,Philadelphia
﻿har.pa.0045,﻿church,[Unnamed Institution],English,,,,﻿Centre County,﻿Centre County,﻿Washington Furnace,﻿Porter Township,﻿PA,,﻿41.022277,-77.541187,﻿har.pa.0041,﻿Visited from Bellefonte,﻿occasionally,,,,,,,,,,,1866,﻿,﻿,﻿Philadelphia,Philadelphia
﻿har.pa.0046,﻿church,[Unnamed Institution],English,,,,﻿Centre County,﻿Centre County,﻿Heckla Furnace,﻿Zion,﻿PA,,﻿40.921161,-77.667839,﻿har.pa.0041,﻿Visited from Bellefonte,﻿occasionally,,,,,,,,,,,1866,﻿,﻿,﻿Philadelphia,Philadelphia
﻿har.pa.0048,﻿church,﻿Immaculate Conception,English,,,,﻿Clinton County,﻿Clinton County,﻿Lockhaven,﻿Lockhaven,﻿PA,,﻿41.333194,-77.653612,,,,﻿joh_c_gilligan_001,﻿Rev.,﻿John C. Gilligan,,﻿Pastor,,,,,,1866,﻿,﻿,﻿Philadelphia,Philadelphia
﻿har.pa.0049,﻿church,[Unnamed Institution],English,,,,﻿Clinton County,﻿Clinton County,﻿Renova,﻿Renovo,﻿PA,,﻿41.326456,-77.75082,﻿har.pa.0048,﻿attended from Lockhaven,﻿once a month,,,,,,,,,,,1866,﻿,﻿,﻿Philadelphia,Philadelphia
﻿phi.pa.0298,﻿church,[Unnamed Institution],English,,,,﻿Clinton County,﻿Clinton County,﻿Rock Cabin Mines,,﻿PA,,﻿41.132326,-77.635265,﻿har.pa.0048,﻿visited from Lockhaven,﻿four times a year,,,,,,,,,,,1866,﻿,﻿,﻿Philadelphia,Philadelphia
﻿har.pa.0050,﻿church,[Unnamed Institution],English,,,,﻿Clinton County,﻿Clinton County,﻿Keating Station,﻿Keating,﻿PA,,﻿41.270624,-77.944526,﻿har.pa.0048,﻿visited from Lockhaven,﻿four times a year,,,,,,,,,,,1866,﻿,﻿,﻿Philadelphia,Philadelphia
﻿scr.pa.0092,﻿church,﻿St. Anthony of Padua,English,,,,﻿Wyoming County,﻿Wyoming County,﻿Mahoopeny,﻿Mehoopany,﻿PA,,﻿41.56341,-76.060481,﻿scr.pa.0079,"﻿Attended from Dushore, Sullivan co.",﻿once every second month,,,,,,,,,,,1866,﻿,﻿,﻿Philadelphia,Philadelphia
﻿scr.pa.0093,﻿church,[Unnamed Institution],English,,,,﻿Wyoming County,﻿Wyoming County,﻿Tunkhannock,﻿Tunkhannock,﻿PA,,﻿41.538688,-75.946588,﻿scr.pa.0080,"﻿Visited from St. Joseph's, Susquehanna Co.",﻿occasionally,,,,,,,,,,,1866,﻿,﻿,﻿Philadelphia,Philadelphia
﻿scr.pa.0094,﻿church,[Unnamed Institution],English,,,,﻿Wyoming County,﻿Wyoming County,﻿Meshoppen,﻿Meshoppen,﻿PA,,﻿41.614243,-76.046592,﻿scr.pa.0080,"﻿Visited from St. Joseph's, Susquehanna Co.",﻿occasionally,,,,,,,,,,,1866,﻿,﻿,﻿Philadelphia,Philadelphia
﻿scr.pa.0079,﻿church,﻿St. Basil's,English,,,,﻿Sullivan County,﻿Sullivan County,﻿Dushore,﻿Dushore,﻿PA,,﻿41.525644,-76.402556,,,,﻿xav_a_kaier_001,﻿Rev.,﻿Xavier Al. Kaier,,﻿Pastor,,,,,,1866,﻿,﻿,﻿Philadelphia,Philadelphia
﻿har.pa.0058,﻿church,﻿St. Joseph's,English,,,,﻿Northumberland County,﻿Northumberland,﻿Milton,﻿Milton,﻿PA,,﻿41.01203,-76.847741,,,,﻿jos_koch_001,﻿Rev.,﻿Joseph Koch,,﻿Pastor,,,,,,1866,﻿,﻿,﻿Philadelphia,Philadelphia
﻿har.pa.0060,﻿church,﻿St. Patrick's,English,,,,﻿Northumberland County,﻿Northumberland,﻿Treverton,﻿Trevorton,﻿PA,,﻿40.781196,-76.673018,﻿har.pa.0058,﻿attended from Milton,﻿every three weeks,,,,,,,,,,,1866,﻿,﻿,﻿Philadelphia,Philadelphia
﻿har.pa.0062,﻿church,[Unnamed Institution],English,,,,﻿Northumberland County,﻿Northumberland,﻿Sunbury,﻿Sunbury,﻿PA,,﻿40.867434,-76.68747,﻿har.pa.0058,﻿visited from Milton,﻿occasionally,,,,,,,,,,,1866,﻿,﻿,﻿Philadelphia,Philadelphia
﻿har.pa.0059,﻿church,﻿St. Edward's,English,,,,﻿Northumberland County,﻿Northumberland,﻿Shamokin,﻿Shamokin,﻿PA,,﻿40.788975,-76.558847,﻿har.pa.0064,"﻿visited from Danville, Montour Co.",﻿the third Sunday of each month,,,,,,,,,,,1866,﻿,﻿,﻿Philadelphia,Philadelphia
﻿har.pa.0061,﻿church,[Unnamed Institution],English,,,,﻿Northumberland County,﻿Northumberland,﻿Locust Gap,﻿Locust Gap,﻿PA,,﻿40.771699,-76.441331,﻿har.pa.0064,"﻿attended from St. Joseph's, Danville, Montour Co.",,,,,,,,,,,,1866,﻿,﻿,﻿Philadelphia,Philadelphia
﻿har.pa.0064,﻿church,﻿St. Joseph's,English,,,,﻿Montour County,﻿Montour County,﻿Danville,﻿Danville,﻿PA,,﻿40.96342,-76.612733,,,,﻿edw_murray_001,﻿Rev.,﻿Edward Murray,,﻿Pastor,,,,,,1866,﻿,﻿,﻿Philadelphia,Philadelphia
﻿har.pa.0065,﻿church,﻿St. Hubert's,﻿German,﻿vacant,,,﻿Montour County,﻿Montour County,﻿Danville,﻿Danville,﻿PA,,﻿40.96342,-76.612733,,,,,,,,,,,,,,1866,﻿,﻿,﻿Philadelphia,Philadelphia
﻿har.pa.0067,﻿church,﻿St. Columbkill's,English,,,,﻿Columbia County,﻿Columbia County,﻿Bloomsburgh,﻿Bloomsburg,﻿PA,,﻿41.003698,-76.454946,﻿har.pa.0064,"﻿attended from Danville, Montour Co.",,,,,,,,,,,,1866,﻿,﻿,﻿Philadelphia,Philadelphia
﻿phi.pa.0304,﻿church,[Unnamed Institution],English,,,,﻿Union County,﻿Union County,﻿Dry Valley,,﻿PA,,﻿40.891936,-76.914583,﻿har.pa.0058,"﻿attended from Milton, Northumberland Co.",﻿occasionally,,,,,,,,,,,1866,﻿,﻿,﻿Philadelphia,Philadelphia
﻿scr.pa.0080,﻿church,﻿Church of the Holy Family,English,,"﻿(P.O.,)",,﻿Susquehanna County,﻿Susquehanna County,﻿St. Joseph's,,﻿PA,,﻿41.921745,-75.992724,,,,﻿hug_garvey_001,﻿Rev.,﻿Hugh Garvey,,﻿Pastor,,,,,,1866,﻿,﻿,﻿Philadelphia,Philadelphia
﻿scr.pa.0081,﻿church,﻿St. Augustine's,English,,,,﻿Susquehanna County,,﻿Silver Lake,,﻿PA,,﻿41.96547,-75.953735,﻿scr.pa.0080,"﻿Attended from St. Joseph's, (P.O.)",﻿three Sundays of every month,,,,,,,,,,,1866,﻿,﻿,﻿Philadelphia,Philadelphia
﻿scr.pa.0082,﻿church,﻿Holy Name of Mary,English,,,,﻿Susquehanna County,﻿Susquehanna County,﻿Montrose,﻿Montrose,﻿PA,,﻿41.829996,-75.880545,﻿scr.pa.0080,"﻿Attended from St. Joseph's, (P.O.)",﻿one Sunday every month,,,,,,,,,,,1866,﻿,﻿,﻿Philadelphia,Philadelphia
﻿scr.pa.0085,﻿church,[Unnamed Institution],English,,,,﻿Susquehanna County,﻿Susquehanna County,﻿New-Milford,﻿New Milford,﻿PA,,﻿41.872578,-75.727132,﻿scr.pa.0080,"﻿Visited from St. Joseph's, (P.O.)",﻿occasionally,,,,,,,,,,,1866,﻿,﻿,﻿Philadelphia,Philadelphia
﻿scr.pa.0096,﻿church,[Unnamed Institution],English,﻿chuch in course of erection,,,﻿Susquehanna County,﻿Susquehanna County,﻿Nicholson,﻿Nicholson,﻿PA,,﻿41.626188,-75.78047,﻿scr.pa.0080,"﻿Attended from St. Joseph, (P.O.)",,,,,,,,,,,,1866,﻿,﻿,﻿Philadelphia,Philadelphia
﻿scr.pa.0083,﻿church,﻿St. John Nepomucene's,English,,,,﻿Susquehanna County,,﻿Susquehanna,﻿Susquehanna Depot?,﻿PA,,﻿41.943607,-75.599179,,,,﻿joh_oreilly_001,﻿Very Rev.,﻿John V. O'Reilly,,﻿Pastor,,,,,,1866,﻿,﻿,﻿Philadelphia,Philadelphia
﻿scr.pa.0084,﻿church,﻿St. Vincent de Paul's,English,,,,﻿Susquehanna County,﻿Susquehanna County,﻿Great Bend,﻿Great Bend,﻿PA,,﻿41.974694,-75.744406,﻿scr.pa.0083,﻿Visited from Susquehanna,﻿occasionally,,,,,,,,,,,1866,﻿,﻿,﻿Philadelphia,Philadelphia
﻿scr.pa.0088,﻿church,﻿St. Francis Xavier's,English,,,,﻿Susquehanna County,﻿Susquehanna County,﻿Friendsville,﻿Friendsville,﻿PA,,﻿41.917019,-76.045479,,,,﻿a_d_filan_001,﻿Rev.,﻿A. D. Filan,,﻿Pastor,,,,,,1866,﻿,﻿,﻿Philadelphia,Philadelphia
﻿scr.pa.0089,﻿church,﻿St. Bonaventure's,English,,,,﻿Susquehanna County,﻿Susquehanna County,﻿Auburn,﻿Auburn Township,﻿PA,,﻿41.679645,-76.062398,﻿scr.pa.0088,﻿Attended from Friendsville,,,,,,,,,,,,1866,﻿,﻿,﻿Philadelphia,Philadelphia
﻿scr.pa.0090,﻿church,﻿St. Patrick's,English,,,,﻿Susquehanna County,﻿Susquehanna County,﻿Middletown,﻿Middletown Township,﻿PA,,﻿41.880602,-76.1088,﻿scr.pa.0088,﻿Attended from Friendsville,﻿once a month,,,,,,,,,,,1866,﻿,﻿,﻿Philadelphia,Philadelphia
﻿scr.pa.0091,﻿church,[Unnamed Institution],English,,,,﻿Susquehanna County,﻿Susquehanna County,﻿Herrick's Centre,﻿Herrick Center,﻿PA,,﻿41.742027,-75.489351,﻿scr.pa.0035,"﻿Attended from Mount Pleasant, Wayne Co.",﻿four times a year,,,,,,,,,,,1866,﻿,﻿,﻿Philadelphia,Philadelphia
﻿scr.pa.0105,﻿church,﻿Immaculate Conception,English,,,,﻿Luzerne County,,﻿Wilkesbarre,,﻿PA,,﻿41.24114,-75.884236,,,,﻿hen_fitzsimmons_001,﻿Rev.,﻿Henry Fitzsimons,,﻿Pastor,,,,,,1866,﻿,﻿,﻿Philadelphia,Philadelphia
﻿scr.pa.0009,﻿church,﻿St. Nicholas',﻿German,,,,﻿Luzerne County,﻿Luzerne County,﻿Wilkesbarre,﻿Wilkes-Barre,﻿PA,,﻿41.24114,-75.884236,,,,﻿pet_c_nagel_001,﻿Rev.,﻿Peter C. Nagel,,﻿Pastor,,,,,,1866,﻿,﻿,﻿Philadelphia,Philadelphia
﻿scr.pa.0011,﻿church,[Unnamed Institution],English,,,,﻿Luzerne County,﻿Luzerne County,﻿Nanticoke,﻿Nanticoke,﻿PA,,﻿41.20536,-76.004923,,"﻿Attended from Immaculate Conception, Wilkesbarre",﻿every third Sunday,,,,,,,,,,,1866,﻿,﻿,﻿Philadelphia,Philadelphia
﻿scr.pa.0020,﻿church,﻿St. Rose of Lima,English,,,,﻿Luzerne County,﻿Lackawanna County,﻿Carbondale,﻿Carbondale,﻿PA,,﻿41.573694,-75.501851,,,,﻿fra_carew_001,﻿Rev.,﻿Francis Carew,,﻿Pastor,,,,,,1866,﻿,﻿,﻿Philadelphia,Philadelphia
﻿scr.pa.0018,﻿church,﻿St. Thomas of Aquin,English,,,,﻿Luzerne County,﻿Lackawanna County,﻿Archibald,﻿Archbald,﻿PA,,﻿41.494804,-75.536852,,,,﻿joh_h_loughran_001,﻿Rev.,﻿John Loughran,,﻿Pastor,,,,,,1866,﻿,﻿,﻿Philadelphia,Philadelphia
﻿scr.pa.0019,﻿church,﻿St. Patrick's,English,,,,﻿Luzerne County,﻿Lackawanna County,﻿Olyphant,﻿Olyphant,﻿PA,,﻿41.468414,-75.602966,﻿scr.pa.0018,﻿Attended from Archibald,﻿every two weeks,,,,,,,,,,,1866,﻿,﻿,﻿Philadelphia,Philadelphia
﻿scr.pa.0001,﻿church,﻿St. Vincent de Paul's,English,﻿New church in course of erection,,,﻿Luzerne County,﻿Lackawanna County,﻿Scranton,﻿Scranton,﻿PA,,﻿41.408969,-75.662412,,,,﻿mos_whitty_001,﻿Rev.,﻿Moses Whitty,,﻿Pastor,,,,,,1866,﻿,﻿,﻿Philadelphia,Philadelphia
﻿scr.pa.0001,﻿church,﻿St. Vincent de Paul's,English,﻿New church in course of erection,,,﻿Luzerne County,﻿Lackawanna County,﻿Scranton,﻿Scranton,﻿PA,,﻿41.408969,-75.662412,,,,﻿joh_m_cox_001,﻿Rev.,﻿John M. Cox,,,,,,,,1866,﻿,﻿,﻿Philadelphia,Philadelphia
﻿scr.pa.0005,﻿church,﻿St. Bonaventure's,﻿German,,,,﻿Luzerne County,﻿Luzerne County,﻿Scranton,﻿Pittston,﻿PA,,﻿41.325913,-75.78936,﻿scr.pa.0009,"﻿Attended from St. Nicholas', Wilkesbarre",﻿every third Sunday,,,,,,,,,,,1866,﻿,﻿,﻿Philadelphia,Philadelphia
﻿phi.pa.0215,﻿church,﻿St. Thaddeus',English,,,,﻿Luzerne County,,﻿Providence,,﻿PA,,﻿41.44371,-75.663703,﻿scr.pa.0001,"﻿attended from St. Vincent's, Scranton",﻿every second Sunday,,,,,,,,,,,1866,﻿,﻿,﻿Philadelphia,Philadelphia
﻿scr.pa.0002,﻿church,﻿St. Simon the Apostle's,English,,,,﻿Luzerne County,,﻿Dunmore,,﻿PA,,﻿41.408969,-75.662412,,,,﻿edm_w_fitzmaurice_001,﻿Rev.,﻿Edmund W. Fitzmaurice,,﻿Pastor,,,,,,1866,﻿,﻿,﻿Philadelphia,Philadelphia
﻿scr.pa.0017,﻿church,﻿St. Catherine of Sienna,English,,,,﻿Luzerne County,﻿Lackawanna County,﻿Moscow,﻿Moscow,﻿PA,,﻿41.337035,-75.521696,﻿scr.pa.0002,﻿visited from Dunmore,﻿the last Sunday of every month,,,,,,,,,,,1866,﻿,﻿,﻿Philadelphia,Philadelphia
﻿scr.pa.0006,﻿church,﻿St. John the Evangelist,English,,,,﻿Luzerne County,﻿Luzerne County,﻿Pittston,﻿Pittston,﻿PA,,﻿41.322732,-75.788943,,,,﻿joh_finnan_001,﻿Rev.,﻿John Finnen,,﻿Pastor,,,,,,1866,﻿,﻿,﻿Philadelphia,Philadelphia
﻿scr.pa.0007,﻿church,﻿St. Mary's,﻿German,,,,﻿Luzerne County,﻿Luzerne County,﻿Pittston,﻿Pittston,﻿PA,,﻿41.337916,-75.786236,﻿scr.pa.0009,"﻿Attended from St. Nicholas', Wilkesbarre",﻿the fourth Sunday of every month,,,,,,,,,,,1866,﻿,﻿,﻿Philadelphia,Philadelphia
﻿scr.pa.0012,﻿church,﻿St. Gabriel's,English,,,,﻿Luzerne County,﻿Luzerne County,﻿Hazelton,﻿Hazleton,﻿PA,,﻿40.950892,-75.975941,,,,﻿mic_murphy_001,﻿Rev.,﻿Michael Murphy,,,,,,,,1866,﻿,﻿,﻿Philadelphia,Philadelphia
﻿phi.pa.0280,﻿church,"﻿St. Mary, Help of Christians",English,,,,﻿Luzerne County,﻿Luzerne County,﻿Frenchtown,,﻿PA,,﻿41.611944,-80.021667,﻿scr.pa.0012,﻿Attended from Hazelton,﻿every second Sunday,,,,,,,,,,,1866,﻿,﻿,﻿Philadelphia,Philadelphia
﻿scr.pa.0013,﻿church,﻿Immaculate Conception,English,,,,﻿Luzerne County,﻿Luzerne County,﻿Eckley,,﻿PA,,﻿40.995238,-75.85601,﻿phi.pa.0261,"﻿Attended from Rockport, Carbon Co.",,,,,,,,,,,,1866,﻿,﻿,﻿Philadelphia,Philadelphia
﻿scr.pa.0014,﻿church,[Unnamed Institution],English,,,,﻿Luzerne County,﻿Luzerne County,﻿White Haven,﻿White Haven,﻿PA,,﻿41.06064,-75.774082,﻿phi.pa.0261,﻿Visited from Rockport,﻿once a month,,,,,,,,,,,1866,﻿,﻿,﻿Philadelphia,Philadelphia
﻿phi.pa.0282,﻿church,[Unnamed Institution],English,,,,﻿Luzerne County,,﻿Gouldsboro,,﻿PA,,﻿41.24468,-75.447785,﻿scr.pa.0002,﻿Visited from Dunmore,﻿once every six weeks,,,,,,,,,,,1866,﻿,﻿,﻿Philadelphia,Philadelphia
﻿scr.pa.0021,﻿church,﻿St. John the Evangelist's,English,,,,﻿Wayne County,﻿Wayne County,﻿Honesdale,﻿Honesdale,﻿PA,,﻿41.569375,-75.253112,,,,﻿joh_j_doherty_001,﻿Rev.,﻿John J. Doherty,,﻿Pastor,,,,,,1866,﻿,﻿,﻿Philadelphia,Philadelphia
﻿scr.pa.0022,﻿church,﻿St. Mary Magdalene's,﻿German,,,,﻿Wayne County,﻿Wayne County,﻿Honesdale,﻿Honesdale,﻿PA,,﻿41.576755,-75.258787,,,,﻿fra_büthe_001,﻿Rev.,﻿Francis Buthe,,﻿Pastor,,,,,,1866,﻿,﻿,﻿Philadelphia,Philadelphia
﻿scr.pa.0023,﻿church,﻿St. Patrick's,English,,,,﻿Wayne County,﻿Wayne County,﻿Canaan,﻿Canaan Township,﻿PA,,﻿41.560554,-75.352878,﻿scr.pa.0021,"﻿Attended from St. John's, Honesdale",﻿the fourth Sunday of every month,,,,,,,,,,,1866,﻿,﻿,﻿Philadelphia,Philadelphia
﻿scr.pa.0026,﻿church,﻿St. Philomena's,English,,,,﻿Wayne County,﻿Wayne County,﻿Hawley,﻿Hawley,﻿PA,,﻿41.475922,-75.182119,,,,﻿ber_mccollum_001,﻿Rev.,﻿Bernard McCollum,,﻿Pastor,,,,,,1866,﻿,﻿,﻿Philadelphia,Philadelphia
﻿scr.pa.0028,﻿church,﻿St. Juliana of Falconieri,English,,,,﻿Wayne County,﻿Wayne County,﻿Rock Lake,,﻿PA,,﻿41.782318,-75.34357,,,,﻿tho_j_brehony_001,﻿Rev.,﻿Thomas J. Brehony,,﻿Pastor,,,,,,1866,﻿,﻿,﻿Philadelphia,Philadelphia
﻿scr.pa.0029,﻿church,﻿St. Cecilia's,English,,,,﻿Wayne County,﻿Wayne County,﻿South Pleasant Mountain,﻿Pleasant Mount,﻿PA,,﻿41.74004,-75.434571,﻿scr.pa.0028,﻿Attended from Rocklake,﻿once a month,,,,,,,,,,,1866,﻿,﻿,﻿Philadelphia,Philadelphia
﻿scr.pa.0030,﻿church,[Unnamed Institution],English,,,,﻿Wayne County,﻿Wayne County,﻿Equinunc,﻿Equinunk,﻿PA,,﻿41.855921,-75.223783,﻿scr.pa.0028,﻿Visited from Rocklake,﻿four times a year,,,,,,,,,,,1866,﻿,﻿,﻿Philadelphia,Philadelphia
﻿scr.pa.0031,﻿church,[Unnamed Institution],English,,,,﻿Wayne County,﻿Wayne County,﻿Little Equinunc,,﻿PA,,﻿41.823115,-75.114569,﻿scr.pa.0028,﻿Visited from Rocklake,﻿four times a year,,,,,,,,,,,1866,﻿,﻿,﻿Philadelphia,Philadelphia
﻿scr.pa.0032,﻿church,[Unnamed Institution],English,,,,﻿Wayne County,﻿Wayne County,﻿Starucca,﻿Starrucca,﻿PA,,﻿41.899806,-75.470735,﻿scr.pa.0028,﻿Visited from Rocklake,﻿four times a year,,,,,,,,,,,1866,﻿,﻿,﻿Philadelphia,Philadelphia
﻿scr.pa.0033,﻿church,[Unnamed Institution],English,,,,﻿Wayne County,﻿Wayne County,﻿Aldenville,﻿Aldenville,﻿PA,,﻿41.646753,-75.36379,﻿scr.pa.0028,﻿Visited from Rocklake,﻿four times a year,,,,,,,,,,,1866,﻿,﻿,﻿Philadelphia,Philadelphia
﻿scr.pa.0034,﻿church,[Unnamed Institution],English,,,,﻿Wayne County,﻿Wayne County,﻿Lake Como,﻿Lake Como,﻿PA,,﻿41.849808,-75.336843,﻿scr.pa.0028,﻿Visited from Rocklake,﻿four times a year,,,,,,,,,,,1866,﻿,﻿,﻿Philadelphia,Philadelphia
﻿phi.pa.0329,﻿church,[Unnamed Institution],English,,,,﻿Wayne County,﻿Wayne County,﻿Damascus,,﻿PA,,﻿41.703144,-75.068224,﻿scr.pa.0028,﻿Visited from Rocklake,﻿four times a year,,,,,,,,,,,1866,﻿,﻿,﻿Philadelphia,Philadelphia
﻿scr.pa.0036,﻿church,[Unnamed Institution],English,,,,﻿Wayne County,﻿Wayne County,﻿Lebanon,﻿Lebanon Township,﻿PA,,﻿41.735454,-75.271239,﻿scr.pa.0028,﻿Visited from Rocklake,﻿twice a year,,,,,,,,,,,1866,﻿,﻿,﻿Philadelphia,Philadelphia
﻿scr.pa.0035,﻿church,[Unnamed Institution],English,,,,﻿Wayne County,﻿Wayne County,﻿Mount Pleasant,﻿Mount Pleasant Township,﻿PA,,﻿41.739636,-75.398292,﻿scr.pa.0028,﻿Visited from Rocklake,﻿twice a year,,,,,,,,,,,1866,﻿,﻿,﻿Philadelphia,Philadelphia
﻿scr.pa.0037,﻿church,[Unnamed Institution],English,,,,﻿Wayne County,﻿Wayne County,﻿Waymart,﻿Waymart,﻿PA,,﻿41.580363,-75.408237,﻿scr.pa.0020,"﻿Visited from Carbondale, Luzerne Co.",﻿four times a year,,,,,,,,,,,1866,﻿,﻿,﻿Philadelphia,Philadelphia
﻿scr.pa.0038,﻿church,﻿St. Mary of the Assumption,English,,,,﻿Pike County,﻿Pike County,﻿Lackawaxen,﻿Lackawaxen,﻿PA,,﻿41.482034,-74.986002,﻿scr.pa.0026,"﻿Attended from Hawley, Wayne Co.",﻿once a month,,,,,,,,,,,1866,﻿,﻿,﻿Philadelphia,Philadelphia
﻿scr.pa.0027,﻿station,[Unnamed Institution],English,,,,﻿Pike County,﻿Pike County,﻿Ledgedale,,﻿PA,,﻿41.36705,-75.319306,﻿scr.pa.0026,"﻿Attended from Hawley, Wayne Co.",﻿every two months,,,,,,,,,,,1866,﻿,﻿,﻿Philadelphia,Philadelphia
﻿scr.pa.0039,﻿station,[Unnamed Institution],English,,,,﻿Pike County,﻿Pike County,﻿Shohola,,﻿PA,,﻿41.47509,-74.915167,﻿scr.pa.0026,"﻿Attended from Hawley, Wayne Co.",﻿every two months,,,,,,,,,,,1866,﻿,﻿,﻿Philadelphia,Philadelphia
﻿phi.pa.0331,﻿station,[Unnamed Institution],English,,,,﻿Pike County,﻿Pike County,﻿Mast Hope,﻿Masthope,﻿PA,,﻿41.533056,-75.031389,﻿scr.pa.0026,"﻿Attended from Hawley, Wayne Co.",﻿every two months,,,,,,,,,,,1866,﻿,﻿,﻿Philadelphia,Philadelphia
﻿scr.pa.0043,﻿church,[Unnamed Institution],English,,,,﻿Monroe County,﻿Monroe County,﻿Coolbough,﻿Coolbaugh Township,﻿PA,,﻿41.182303,-75.387852,﻿scr.pa.0002,"﻿Attended from Dunmore, Luzerne Co.",﻿once every three months,,,,,,,,,,,1866,﻿,﻿,﻿Philadelphia,Philadelphia
﻿scr.pa.0042,﻿church,[Unnamed Institution],English,,,,﻿Monroe County,﻿Monroe County,﻿Stroudsburgh,﻿Stroudsburg,﻿PA,,﻿40.986761,-75.194625,﻿scr.pa.0002,"﻿Visited from Dunmore, Luzerne Co.",﻿once every six weeks,,,,,,,,,,,1866,﻿,﻿,﻿Philadelphia,Philadelphia
﻿scr.pa.0044,﻿church,[Unnamed Institution],English,,,,﻿Monroe County,﻿Monroe County,﻿Oakland,﻿Mountainhome,﻿PA,,﻿41.173702,-75.271015,﻿scr.pa.0002,"﻿Visited from Dunmore, Luzerne Co.",﻿once every six weeks,,,,,,,,,,,1866,﻿,﻿,﻿Philadelphia,Philadelphia
﻿scr.pa.0045,﻿church,[Unnamed Institution],English,,,,﻿Monroe County,﻿Monroe County,﻿Pocono,﻿Pocono Township,﻿PA,,﻿41.063296,-75.306233,﻿scr.pa.0002,"﻿Visited from Dunmore, Luzerne Co.",﻿once every six weeks,,,,,,,,,,,1866,﻿,﻿,﻿Philadelphia,Philadelphia
﻿scr.pa.0041,﻿church,[Unnamed Institution],English,,,,﻿Monroe County,﻿Monroe County,﻿Tobyhanna,﻿Tobyhanna,﻿PA,,﻿41.179787,-75.417899,﻿scr.pa.0002,"﻿Visited from Dunmore, Luzerne Co.",﻿once every six weeks,,,,,,,,,,,1866,﻿,﻿,﻿Philadelphia,Philadelphia
﻿scr.pa.0049,﻿church,﻿St. Peter and St. Paul's,English,,,,﻿Bradford County,﻿Bradford County,﻿Towanda,﻿Towanda,﻿PA,,﻿41.770512,-76.445547,,,,﻿pat_toner_002,﻿Rev.,﻿Patrick Toner,,﻿Pastor,,,,,,1866,﻿,﻿,﻿Philadelphia,Philadelphia
﻿scr.pa.0050,﻿church,﻿St. Joseph's,English,,,,﻿Bradford County,﻿Bradford County,﻿Ridgebury,﻿Ridgebury,﻿PA,,﻿41.973407,-76.721619,﻿scr.pa.0049,﻿Visited from Towanda,﻿once a month,,,,,,,,,,,1866,﻿,﻿,﻿Philadelphia,Philadelphia
﻿scr.pa.0051,﻿church,﻿Church of the Holy Ghost,English,,,,﻿Bradford County,﻿Bradford County,﻿Athens,﻿Athens,﻿PA,,﻿41.957297,-76.517999,﻿scr.pa.0049,﻿Visited from Towanda,﻿once a month,,,,,,,,,,,1866,﻿,﻿,﻿Philadelphia,Philadelphia
﻿scr.pa.0052,﻿church,﻿St. Patrick's,English,,,,﻿Bradford County,,﻿Coalbeds,,﻿PA,,﻿41.83625,-76.548823,﻿scr.pa.0049,﻿Visited from Towanda,﻿once a month,,,,,,,,,,,1866,﻿,﻿,﻿Philadelphia,Philadelphia
﻿scr.pa.0053,﻿church,[Unnamed Institution],English,,,,﻿Bradford County,﻿Bradford County,﻿Standing Stone,﻿Standing Stone,﻿PA,,﻿41.73952,-76.361327,﻿scr.pa.0049,﻿Attended from Towanda,﻿once every six weeks,,,,,,,,,,,1866,﻿,﻿,﻿Philadelphia,Philadelphia
﻿scr.pa.0054,﻿church,[Unnamed Institution],English,,,,﻿Bradford County,﻿Bradford County,﻿Durell,,﻿PA,,﻿41.72078,-76.371371,﻿scr.pa.0049,﻿Attended from Towanda,﻿once every six weeks,,,,,,,,,,,1866,﻿,﻿,﻿Philadelphia,Philadelphia
﻿scr.pa.0055,﻿church,[Unnamed Institution],English,,,,﻿Bradford County,,﻿Pond Hill,,﻿PA,,﻿41.805397,-76.40263,﻿scr.pa.0049,﻿Attended from Towanda,﻿once every six weeks,,,,,,,,,,,1866,﻿,﻿,﻿Philadelphia,Philadelphia
﻿scr.pa.0056,﻿church,[Unnamed Institution],English,,,,﻿Bradford County,,﻿State Road,,﻿PA,,﻿41.758124,-76.276767,﻿scr.pa.0049,﻿Attended from Towanda,﻿once every six weeks,,,,,,,,,,,1866,﻿,﻿,﻿Philadelphia,Philadelphia
﻿scr.pa.0057,﻿church,[Unnamed Institution],English,,,,﻿Bradford County,﻿Bradford County,﻿Windham,﻿Windham,﻿PA,,﻿41.971741,-76.291323,﻿scr.pa.0049,﻿Attended from Towanda,﻿once every six weeks,,,,,,,,,,,1866,﻿,﻿,﻿Philadelphia,Philadelphia
﻿scr.pa.0058,﻿church,﻿St. John Nepomucene's,English,,,,﻿Bradford County,﻿Bradford County,﻿Troy,﻿Troy,﻿PA,,﻿41.785908,-76.788011,﻿scr.pa.0075,"﻿Attended from Williamsport, Lycoming Co.",,,,,,,,,,,,1866,﻿,﻿,﻿Philadelphia,Philadelphia
﻿scr.pa.0059,﻿church,[Unnamed Institution],English,,,,﻿Bradford County,﻿Bradford County,﻿Canton,﻿Canton,﻿PA,,﻿41.656464,-76.853293,﻿scr.pa.0075,"﻿Attended from Blossburgh, Tioga Co.",,,,,,,,,,,,1866,﻿,﻿,﻿Philadelphia,Philadelphia
﻿scr.pa.0060,﻿church,[Unnamed Institution],English,,,,﻿Bradford County,﻿Bradford County,﻿Sugar Ridge,,﻿PA,,﻿41.562939,-76.549712,﻿scr.pa.0079,"﻿Visited from Dushore, Sullivan Co.",﻿monthly,,,,,,,,,,,1866,﻿,﻿,﻿Philadelphia,Philadelphia
﻿scr.pa.0061,﻿church,﻿St. Francis',English,,,,﻿Bradford County,,﻿Paine Road,,﻿PA,,﻿41.83625,-76.548823,﻿scr.pa.0079,"﻿Attended from Dushore, Sullivan Co.",,,,,,,,,,,,1866,﻿,﻿,﻿Philadelphia,Philadelphia
﻿scr.pa.0062,﻿church,﻿St. Patrick's,English,,,,﻿Bradford County,﻿Bradford County,﻿Overton,﻿Overton,﻿PA,,﻿41.570075,-76.503001,﻿scr.pa.0079,"﻿Visited from Dushore, Sullivan Co.",﻿every fourth Sunday,,,,,,,,,,,1866,﻿,﻿,﻿Philadelphia,Philadelphia
﻿scr.pa.0063,﻿church,[Unnamed Institution],English,,,,﻿Bradford County,﻿Bradford County,﻿Wilmot,﻿Wilmot,﻿PA,,﻿41.584862,-76.247912,﻿scr.pa.0079,"﻿Visited from Dushore, Sullivan Co.",﻿once every six weeks,,,,,,,,,,,1866,﻿,﻿,﻿Philadelphia,Philadelphia
﻿scr.pa.0065,﻿church,[Unnamed Institution],English,,,,﻿Bradford County,﻿Bradford County,﻿Browntown,﻿Browntown,﻿PA,,﻿41.652893,-76.239769,﻿scr.pa.0079,﻿Visited from Dushore,﻿once every six weeks,,,,,,,,,,,1866,﻿,﻿,﻿Philadelphia,Philadelphia
﻿scr.pa.0064,﻿church,[Unnamed Institution],English,,,,﻿Bradford County,﻿Bradford County,﻿Warren,﻿Warren Township,﻿PA,,﻿41.930933,-76.201557,﻿scr.pa.0088,"﻿Visited from Friendsville, Susquehanna Co.",﻿occasionally,,,,,,,,,,,1866,﻿,﻿,﻿Philadelphia,Philadelphia
﻿scr.pa.0066,﻿church,﻿St. Andrew's,English,,,,﻿Tioga County,﻿Tioga County,﻿Blossburgh,﻿Blossburg,﻿PA,,﻿41.679519,-77.063857,,,,﻿joh_laughran_001,﻿Rev.,﻿John Hugh Loughran,,﻿Pastor,,,,,,1866,﻿,﻿,﻿Philadelphia,Philadelphia
﻿scr.pa.0067,﻿church,﻿St. Louis',English,,,,﻿Tioga County,﻿Tioga County,﻿Tioga,﻿Tioga,﻿PA,,﻿41.908685,-77.133026,﻿scr.pa.0066,﻿Visited from Blossburgh,﻿monthly,,,,,,,,,,,1866,﻿,﻿,﻿Philadelphia,Philadelphia
﻿scr.pa.0068,﻿church,﻿Church of the Holy Cross,English,,,,﻿Tioga County,﻿Tioga County,﻿Union,﻿Union Township,﻿PA,,﻿41.627682,-76.94126,﻿scr.pa.0066,﻿Visited from Blossburgh,﻿monthly,,,,,,,,,,,1866,﻿,﻿,﻿Philadelphia,Philadelphia
﻿phi.pa.0334,﻿church,[Unnamed Institution],English,,,,﻿Tioga County,﻿Tioga County,﻿Wellsboro,,﻿PA,,﻿41.7475,-77.298056,﻿scr.pa.0066,﻿Visited from Blossburgh,﻿occasionally,,,,,,,,,,,1866,﻿,﻿,﻿Philadelphia,Philadelphia
﻿phi.pa.0333,﻿church,[Unnamed Institution],English,,,,﻿Tioga County,﻿Tioga County,﻿Southmountain,,﻿PA,,,,﻿scr.pa.0066,﻿Visited from Blossburgh,﻿occasionally,,,,,,,,,,,1866,﻿,﻿,﻿Philadelphia,Philadelphia
﻿phi.pa.0352,﻿church,[Unnamed Institution],English,,,,﻿Tioga County,﻿Tioga County,﻿Rolston,,﻿PA,,﻿41.506389,-76.954167,﻿scr.pa.0066,﻿Visited from Blossburgh,﻿occasionally,,,,,,,,,,,1866,﻿,﻿,﻿Philadelphia,Philadelphia
﻿phi.pa.0353,﻿church,[Unnamed Institution],English,,,,﻿Tioga County,﻿Tioga County,﻿Fall Brook,,﻿PA,,﻿41.677222,-76.985833,﻿scr.pa.0066,﻿Visited from Blossburgh,﻿occasionally,,,,,,,,,,,1866,﻿,﻿,﻿Philadelphia,Philadelphia
﻿phi.pa.0335,﻿church,[Unnamed Institution],English,,,,﻿Tioga County,﻿Tioga County,﻿Laurenceville,,﻿PA,,﻿41.995833,-77.129167,﻿scr.pa.0066,﻿Visited from Blossburgh,﻿occasionally,,,,,,,,,,,1866,﻿,﻿,﻿Philadelphia,Philadelphia
﻿phi.pa.0347,﻿church,[Unnamed Institution],English,,,,﻿Tioga County,﻿Tioga County,﻿Mansfield,,﻿PA,,﻿41.806111,-77.075556,﻿scr.pa.0066,﻿Visited from Blossburgh,﻿occasionally,,,,,,,,,,,1866,﻿,﻿,﻿Philadelphia,Philadelphia
﻿phi.pa.0355,﻿church,[Unnamed Institution],English,,,,﻿Tioga County,﻿Tioga County,﻿Morris Run,,﻿PA,,﻿41.677222,-77.018056,﻿scr.pa.0066,﻿Visited from Blossburgh,﻿occasionally,,,,,,,,,,,1866,﻿,﻿,﻿Philadelphia,Philadelphia
﻿wil.de.0001,﻿church,﻿St. Peter's,English,,,,,,﻿Wilmington,,﻿DE,,﻿39.744655,-75.548391,,,,﻿pat_r_obrien_001,﻿Rev.,﻿Patrick R. O'Brien,,﻿Pastor,,,,,,1866,﻿,﻿,﻿Philadelphia,Philadelphia
﻿wil.de.0002,﻿church,﻿St. Mary of the Immaculate Conception,English,,,,,,﻿Wilmington,,﻿DE,,﻿39.744655,-75.548391,,,,﻿pat_reilly_002,﻿Rev.,﻿Patrick Reilly,,﻿Pastor,,,,,,1866,﻿,﻿,﻿Philadelphia,Philadelphia
﻿wil.de.0005,﻿church,﻿St. Joseph's,English,,﻿(H. Clay P.O.),,,,﻿Brandywine,,﻿DE,,﻿39.829556,-75.534368,,,,﻿joh_s_walsh_001,﻿Rev.,﻿John S. Walsh,,﻿Pastor,,,,,,1866,﻿,﻿,﻿Philadelphia,Philadelphia
﻿wil.de.0006,﻿church,﻿St. Mary's,English,,,,,,﻿Coffee Run,,﻿DE,,﻿39.769081,-75.661697,﻿wil.de.0005,﻿Attended from Brandywine,﻿every second Sunday,,,,,,,,,,,1866,﻿,﻿,﻿Philadelphia,Philadelphia
﻿wil.de.0007,﻿church,﻿St. Peter's,English,,,,,,﻿Newcastle,,﻿DE,,﻿39.662515,-75.564684,,,,﻿gae_sorrentini_001,﻿Rev.,﻿Gaetano Sorrentini,,﻿Pastor,,,,,,1866,﻿,﻿,﻿Philadelphia,Philadelphia
﻿wil.de.0008,﻿church,﻿St. Paul's,English,,,,,,﻿Delaware City,,﻿DE,,﻿39.57615,-75.592281,﻿wil.de.0007,﻿Attended from Newcastle,﻿every Sunday,,,,,,,,,,,1866,﻿,﻿,﻿Philadelphia,Philadelphia
﻿wil.de.0009,﻿church,[Unnamed Institution],English,,,,,,﻿Newark,,﻿DE,,﻿39.664419,-75.727369,﻿wil.de.0007,﻿Attended from Newcastle,﻿every month,,,,,,,,,,,1866,﻿,﻿,﻿Philadelphia,Philadelphia
﻿phi.pa.0287,﻿church,[Unnamed Institution],English,,,,,,﻿Fort Delaware,,﻿DE,,﻿39.59,-75.571944,﻿wil.de.0007,﻿Attended from Newcastle,﻿every month,,,,,,,,,,,1866,﻿,﻿,﻿Philadelphia,Philadelphia
﻿phi.pa.0283,﻿church,[Unnamed Institution],English,,,,,,﻿Smyrna,,﻿DE,,﻿39.299722,-75.604722,﻿wil.de.0007,﻿Attended from Newcastle,﻿every month,,,,,,,,,,,1866,﻿,﻿,﻿Philadelphia,Philadelphia
﻿wil.de.0010,﻿church,[Unnamed Institution],English,,,,,,﻿Dover,,﻿DE,,﻿39.158168,-75.524368,﻿wil.de.0007,﻿Attended from Newcastle,﻿every month,,,,,,,,,,,1866,﻿,﻿,﻿Philadelphia,Philadelphia
﻿phi.pa.0356,﻿church,[Unnamed Institution],English,,,,,,﻿Finn's Farm,,﻿DE,,,,﻿wil.de.0007,﻿Attended from Newcastle,﻿every month,,,,,,,,,,,1866,﻿,﻿,﻿Philadelphia,Philadelphia
﻿phi.pa.0144_02,﻿seminary,﻿Theological Seminary of St. Charles Borromeo,English,"﻿Number of volumes in library, 9,000",﻿North-east corner Eighteenth and Race streets,,,,﻿Philadelphia,,﻿PA,,﻿39.99210279,-75.25608726,,,,﻿jam_oconnor_001,﻿Very Rev.,﻿James O'Connor,,"﻿Rector, and Professor of Philosophy and Sacred Eloquence",,﻿priest,"﻿Number of Seminarians, 64",,﻿Society of Jesus,1866,﻿,﻿,﻿Philadelphia,Philadelphia
﻿phi.pa.0144_02,﻿seminary,﻿Theological Seminary of St. Charles Borromeo,English,﻿Six students from this Diocese are in the American College at Rome.,﻿North-east corner Eighteenth and Race streets,,,,﻿Philadelphia,,﻿PA,,﻿39.99210279,-75.25608726,,,,﻿jos_balfe_001,﻿Rev.,﻿Joseph Balfe,﻿D.D.,﻿Professor of Dogmatic Theology and Ecclesiastical History,,﻿priest,"﻿Number of Seminarians, 64",,,1866,﻿,﻿,﻿Philadelphia,Philadelphia
﻿phi.pa.0144_02,﻿seminary,﻿Theological Seminary of St. Charles Borromeo,English,﻿Six students from this Diocese are in the American College at Rome.,﻿North-east corner Eighteenth and Race streets,,,,﻿Philadelphia,,﻿PA,,﻿39.99210279,-75.25608726,,,,﻿wil_ohara_001,﻿Very Rev.,﻿William O'Hara,"﻿D.D., V.G.",﻿Professor of Moral Theology,,﻿priest,"﻿Number of Seminarians, 64",,,1866,﻿,﻿,﻿Philadelphia,Philadelphia
﻿phi.pa.0144_02,﻿seminary,﻿Theological Seminary of St. Charles Borromeo,English,﻿Six students from this Diocese are in the American College at Rome.,﻿North-east corner Eighteenth and Race streets,,,,﻿Philadelphia,,﻿PA,,﻿39.99210279,-75.25608726,,,,﻿jam_keogh_001,﻿Rev.,﻿James Keogh,﻿D.D.,"﻿Professor of Dogmatic Theology, Scripture, Hebrew, and Rubrics",,﻿priest,"﻿Number of Seminarians, 64",,,1866,﻿,﻿,﻿Philadelphia,Philadelphia
﻿phi.pa.0144_02,﻿seminary,﻿Theological Seminary of St. Charles Borromeo,English,﻿Six students from this Diocese are in the American College at Rome.,﻿North-east corner Eighteenth and Race streets,,,,﻿Philadelphia,,﻿PA,,﻿39.99210279,-75.25608726,,,,﻿j_clave_phi.pa_001,,﻿J. Clave,﻿Esq.,﻿Professor of French,,﻿priest,"﻿Number of Seminarians, 64",,,1866,﻿,﻿,﻿Philadelphia,Philadelphia
﻿phi.pa.0144_02,﻿seminary,﻿Theological Seminary of St. Charles Borromeo,English,﻿Six students from this Diocese are in the American College at Rome.,﻿North-east corner Eighteenth and Race streets,,,,﻿Philadelphia,,﻿PA,,﻿39.99210279,-75.25608726,,,,﻿fra_di-maria_001,﻿Rev.,﻿Francis De Maria,﻿S.J.,﻿Spiritual Director,,﻿priest,"﻿Number of Seminarians, 64",,,1866,﻿,﻿,﻿Philadelphia,Philadelphia
﻿phi.pa.0144_02,﻿seminary,﻿Theological Seminary of St. Charles Borromeo,English,﻿Six students from this Diocese are in the American College at Rome.,﻿North-east corner Eighteenth and Race streets,,,,﻿Philadelphia,,﻿PA,,﻿39.99210279,-75.25608726,,,,﻿ber_a_baumeister_001,﻿Rev.,﻿Bernard Baumeister,,﻿Professor of German,,﻿priest,"﻿Number of Seminarians, 64",,,1866,﻿,﻿,﻿Philadelphia,Philadelphia
﻿phi.pa.0144_02,﻿seminary,﻿Theological Seminary of St. Charles Borromeo,English,﻿Six students from this Diocese are in the American College at Rome.,﻿North-east corner Eighteenth and Race streets,,,,﻿Philadelphia,,﻿PA,,﻿39.99210279,-75.25608726,,,,﻿j_mellon_001,﻿Mr.,﻿J. Mellon,,﻿Professor of Gregorian Chant,,﻿priest,"﻿Number of Seminarians, 64",,,1866,﻿,﻿,﻿Philadelphia,Philadelphia
﻿phi.pa.0144_02.01,﻿chapel,﻿Chapel of St. Charles Borromeo,English,,,,,,,,﻿PA,,﻿39.99210279,-75.25608726,﻿phi.pa.0144_02,﻿Attended by the Reverend Professors of the Seminary,,,,,,,,,,,,1866,﻿,﻿,﻿Philadelphia,Philadelphia
﻿phi.pa.0144_03,﻿seminary,﻿Preparatory Seminary of St. Charles Borromeo,English,"﻿Chapel of St. Charles Borromeo, attended by the Rev. Professors of the Seminary; this Institution is intended for youths who manifest signs of vocation to the priesthood; they are instructed in ""The Humanities,"" and are prepared for entering the ""Theological Seminary"" of this Diocese.","﻿Post-Office address, Glen Riddle P.O., Delaware County, Pa.",,﻿Delaware Co.,,,,﻿PA,,﻿39.87545359,-75.44086602,,,,﻿j_f_shanahan_002,﻿Rev.,﻿J. F. Shanahan,,﻿Director,,﻿student,"﻿Number of Students, 36",,,1866,﻿,﻿,﻿Philadelphia,Philadelphia
﻿phi.pa.0144_03,﻿seminary,﻿Preparatory Seminary of St. Charles Borromeo,English,"﻿Chapel of St. Charles Borromeo, attended by the Rev. Professors of the Seminary; this Institution is intended for youths who manifest signs of vocation to the priesthood; they are instructed in ""The Humanities,"" and are prepared for entering the ""Theological Seminary"" of this Diocese.","﻿Post-Office address, Glen Riddle P.O., Delaware County, Pa.",,﻿Delaware Co.,,,,﻿PA,,﻿39.87545359,-75.44086602,,,,﻿jos_bridgman_001,﻿Rev.,﻿Joseph Bridgeman,,﻿Professor,,﻿student,"﻿Number of Students, 36",,,1866,﻿,﻿,﻿Philadelphia,Philadelphia
﻿phi.pa.0144_03,﻿seminary,﻿Preparatory Seminary of St. Charles Borromeo,English,"﻿Chapel of St. Charles Borromeo, attended by the Rev. Professors of the Seminary; this Institution is intended for youths who manifest signs of vocation to the priesthood; they are instructed in ""The Humanities,"" and are prepared for entering the ""Theological Seminary"" of this Diocese.","﻿Post-Office address, Glen Riddle P.O., Delaware County, Pa.",,﻿Delaware Co.,,,,﻿PA,,﻿39.87545359,-75.44086602,,,,﻿hen_l_wright_001,﻿Rev.,﻿Hervey L. Wright,,﻿Spiritual Director,,﻿student,"﻿Number of Students, 36",,,1866,﻿,﻿,﻿Philadelphia,Philadelphia
﻿phi.pa.0144_03.01,﻿chapel,﻿Chapel of St. Charles Borromeo,English,,,,,,,,﻿PA,,﻿39.87545359,-75.44086602,﻿phi.pa.0144_02,﻿Attended by the Rev. Professors of the Seminary,,,,,,,,,,,,1866,﻿,﻿,﻿Philadelphia,Philadelphia
﻿phi.pa.0088_03,﻿monastery,﻿Augustinian Monastery,English,"﻿Number of the community, 22","﻿West-Haverford P.O., Delaware Co.",﻿West-Haverford P.O.,﻿Delaware Co.,,,,﻿PA,,﻿40.037583,-75.349181,,,,,,,,,,﻿religious,"﻿Number of the community, 22",,,1866,﻿,﻿,﻿Philadelphia,Philadelphia
﻿phi.pa.0088_03,﻿monastery,﻿Augustinian Monastery,English,"﻿Number of the community, 22","﻿West-Haverford P.O., Delaware Co.",﻿West-Haverford P.O.,﻿Delaware Co.,,,,﻿PA,,﻿40.037583,-75.349181,,,,,,,,,,﻿student,"﻿ecclesiastical students, 6",,,1866,﻿,﻿,﻿Philadelphia,Philadelphia
﻿phi.pa.0088_03,﻿monastery,﻿Augustinian Monastery,English,"﻿Number of the community, 22","﻿West-Haverford P.O., Delaware Co.",﻿West-Haverford P.O.,﻿Delaware Co.,,,,﻿PA,,﻿40.037583,-75.349181,,,,,,,,,,﻿religious,"﻿professed brothers, 12",,,1866,﻿,﻿,﻿Philadelphia,Philadelphia
﻿wil.de.0027,﻿college,﻿St. Mary's College,English,,,,﻿Delaware Co.,,﻿Wilmington,,﻿DE,﻿DE,﻿39.744655,-75.548391,,,,﻿pat_reilly_002,﻿Rev.,﻿Patrick Reilly,,﻿President,,﻿student,"﻿Number of boarders, 40",,,1866,﻿,﻿,﻿Philadelphia,Philadelphia
﻿wil.de.0027,﻿college,﻿St. Mary's College,English,,,,﻿Delaware Co.,,﻿Wilmington,,﻿DE,,﻿39.744655,-75.548391,,,,,,,,,,﻿student,"﻿day-scholars, 30",,,1866,﻿,﻿,﻿Philadelphia,Philadelphia
﻿wil.de.0027,﻿college,﻿St. Mary's College,English,,,,﻿Delaware Co.,,﻿Wilmington,,﻿DE,,﻿39.744655,-75.548391,,,,,,,,,,﻿teacher,"﻿number of Professors, 7",,,1866,﻿,﻿,﻿Philadelphia,Philadelphia
﻿wil.de.0027_02,﻿chapel,﻿St. Mary's Chapel,English,,,,﻿Delaware Co.,,﻿Wilmington,,﻿DE,﻿DE,﻿39.744655,-75.548391,,,,﻿pat_reilly_002,﻿Rev.,﻿P. Reilly,,,,,,,,1866,﻿,﻿,﻿Philadelphia,Philadelphia
﻿phi.pa.0006_02,﻿college,﻿St. Joseph's College,English,"﻿Incorporated in 1852, and is under the charge of the Rev. Jesuit Fathers, Willing's Alley",,,,,﻿Philadelphia,,﻿PA,,﻿39.972826,-75.165064,,,,﻿fel_j_barbelin_001,﻿Rev.,﻿F. J. Barbelin,﻿S.J.,﻿President,,﻿teacher,"﻿number of professors, 4",﻿Rev. Jesuit Fathers,﻿Society of Jesus,1866,﻿,﻿,﻿Philadelphia,Philadelphia
﻿phi.pa.0006_02,﻿college,﻿St. Joseph's College,English,"﻿Incorporated in 1852, and is under the charge of the Rev. Jesuit Fathers, Willing's Alley",,,,,﻿Philadelphia,,﻿PA,,﻿39.972826,-75.165064,,,,﻿pet_j_blenkinsop_001,﻿Rev.,﻿P. J. Blenkinsop,﻿S.J.,﻿Treasurer,,﻿student,"﻿number of day-scholars, 98",﻿Rev. Jesuit Fathers,,1866,﻿,﻿,﻿Philadelphia,Philadelphia
﻿phi.pa.0088_02,﻿college,﻿College of St. Thomas of Villanova,English,,"﻿West-Haverford, P.O.",,﻿Delaware Co.,,,,﻿PA,,﻿40.037583,-75.349181,,,,﻿amb_a_mullen_001,﻿Rev.,﻿Ambrose A. Mullen,﻿O.S.A.,﻿President,,﻿teacher,"﻿number of professors, 6",,﻿Order of St. Augustine,1866,﻿,﻿,﻿Philadelphia,Philadelphia
﻿phi.pa.0088_02,﻿college,﻿College of St. Thomas of Villanova,English,,"﻿West-Haverford, P.O.",,﻿Delaware Co.,,,,﻿PA,,﻿40.037583,-75.349181,,,,,,,,,,﻿student,"﻿Number of boarders, 25",,,1866,﻿,﻿,﻿Philadelphia,Philadelphia
﻿phi.pa.0153_02,﻿convent,﻿Convent of the Good Shepherd,English,﻿The Magdalen convent contains 29 Magdalens,﻿Twenty-second street above Walnut,,,,﻿Philadelphia,,﻿PA,,﻿40.037583,-75.349181,,,,﻿m-of-st-boniface_phi.pa_001,﻿Mother,﻿Mary of St. Boniface,,﻿Superior,,﻿religious,"﻿Number of professed Sisters, 17",,,1866,﻿,﻿,﻿Philadelphia,Philadelphia
﻿phi.pa.0153_02,﻿convent,﻿Convent of the Good Shepherd,English,﻿The Magdalen convent contains 29 Magdalens,﻿Twenty-second street above Walnut,,,,﻿Philadelphia,,﻿PA,,﻿39.95401,-75.176665,,,,,,,,,,﻿religious,"﻿novices, 16",,,1866,﻿,﻿,﻿Philadelphia,Philadelphia
﻿phi.pa.0153_02,﻿convent,﻿Convent of the Good Shepherd,English,﻿The Magdalen convent contains 29 Magdalens,﻿Twenty-second street above Walnut,,,,﻿Philadelphia,,﻿PA,,﻿39.95401,-75.176665,,,,,,,,,,﻿religious,"﻿postulants, 3",,,1866,﻿,﻿,﻿Philadelphia,Philadelphia
﻿phi.pa.0153_02,﻿convent,﻿Convent of the Good Shepherd,English,﻿The Magdalen convent contains 29 Magdalens,﻿Twenty-second street above Walnut,,,,﻿Philadelphia,,﻿PA,,﻿39.95401,-75.176665,,,,,,,,,,﻿religious,"﻿out-door Sisters, 2",,,1866,﻿,﻿,﻿Philadelphia,Philadelphia
﻿phi.pa.0153_02,﻿convent,﻿Convent of the Good Shepherd,English,﻿The Magdalen convent contains 29 Magdalens,﻿Twenty-second street above Walnut,,,,﻿Philadelphia,,﻿PA,,﻿39.95401,-75.176665,,,,,,,,,,﻿patient,﻿The Magdalen Convent contains 29 Magdalens,,,1866,﻿,﻿,﻿Philadelphia,Philadelphia
﻿phi.pa.0153_02,﻿convent,﻿Convent of the Good Shepherd,English,﻿The Magdalen convent contains 29 Magdalens,﻿Twenty-second street above Walnut,,,,﻿Philadelphia,,﻿PA,,﻿39.95401,-75.176665,,,,,,,,,,﻿religious,"﻿total, 38",,,1866,﻿,﻿,﻿Philadelphia,Philadelphia
﻿phi.pa.0155_02,﻿convent,﻿Convent of the Good Shepherd,English,,"﻿Thirty-ninth and Pine streets, West Philadelphia",,,,﻿Philadelphia,,﻿PA,,﻿39.950462,-75.201338,,,,,,,,,,﻿religious,"﻿Number of professed Sisters, 16",,,1866,﻿,﻿,﻿Philadelphia,Philadelphia
﻿phi.pa.0157_03,﻿convent,﻿St. Joseph's Convent (Sisters of St. Joseph),English,"﻿Whole number of the community, 130",﻿Chestnut Hill,,,,﻿Philadelphia,,﻿PA,,﻿40.083098,-75.215941,,,,﻿wil_harnett_001,﻿Rev.,﻿William Harnett,﻿O.S.A.,﻿Chaplain,,﻿religious,"﻿Professed Sisters,",﻿Sisters of St. Joseph,﻿Order of St. Augustine,1866,﻿,﻿,﻿Philadelphia,Philadelphia
﻿phi.pa.0157_03,﻿convent,﻿St. Joseph's Convent (Sisters of St. Joseph),English,"﻿Whole number of the community, 130",﻿Chestnut Hill,,,,﻿Philadelphia,,﻿PA,,﻿40.083098,-75.215941,,,,,,,,,,﻿religious,"﻿novices,",﻿Sisters of St. Joseph,,1866,﻿,﻿,﻿Philadelphia,Philadelphia
﻿phi.pa.0157_03,﻿convent,﻿St. Joseph's Convent (Sisters of St. Joseph),English,"﻿Whole number of the community, 130",﻿Chestnut Hill,,,,﻿Philadelphia,,﻿PA,,﻿40.083098,-75.215941,,,,,,,,,,﻿religious,"﻿postulants,",﻿Sisters of St. Joseph,,1866,﻿,﻿,﻿Philadelphia,Philadelphia
﻿phi.pa.0159,﻿convent,﻿Convent of the Sisters,English,﻿Servants of the Immaculate Heart of Mary,,,﻿Susquehanna County,,﻿Reading,,﻿PA,,﻿40.335648,-75.926875,,,,﻿m-magdalen_phi.pa_001,﻿Mother,﻿M. Magdalen,,﻿Superioress,,﻿religious,"﻿Professed Sisters, 15",﻿Servants of the Immaculate Heart of Mary,"﻿Sisters, Servants of the Immaculate Heart of Mary",1866,﻿,﻿,﻿Philadelphia,Philadelphia
﻿phi.pa.0159,﻿convent,﻿Convent of the Sisters,English,﻿Servants of the Immaculate Heart of Mary,,,﻿Susquehanna County,,﻿Reading,,﻿PA,,﻿40.335648,-75.926875,,,,,,,,,,﻿religious,"﻿novices, 8",﻿Servants of the Immaculate Heart of Mary,,1866,﻿,﻿,﻿Philadelphia,Philadelphia
﻿phi.pa.0159,﻿convent,﻿Convent of the Sisters,English,﻿Servants of the Immaculate Heart of Mary,,,﻿Susquehanna County,,﻿Reading,,﻿PA,,﻿40.335648,-75.926875,,,,,,,,,,﻿religious,"﻿postulants, 6",﻿Servants of the Immaculate Heart of Mary,,1866,﻿,﻿,﻿Philadelphia,Philadelphia
﻿phi.pa.0300,﻿convent,﻿Convent of the Sisters,English,,,,﻿Susquehanna County,,﻿St. Joseph's,,﻿PA,,﻿41.921745,-75.992724,,,,﻿m-scholastica_phi.pa_001,﻿Mother,﻿Mary Scholastica,,﻿Superioress,,﻿religious,"﻿Professed Sisters, 6",﻿Servants of the Immaculate Heart of Mary,"﻿Sisters, Servants of the Immaculate Heart of Mary",1866,﻿,﻿,﻿Philadelphia,Philadelphia
﻿phi.pa.0300,﻿convent,﻿Convent of the Sisters,English,,,,﻿Susquehanna County,,﻿St. Joseph's,,﻿PA,,﻿41.921745,-75.992724,,,,,,,,,,﻿religious,"﻿novices, 4",﻿Servants of the Immaculate Heart of Mary,,1866,﻿,﻿,﻿Philadelphia,Philadelphia
﻿phi.pa.0161_02,﻿convent,﻿Convent of the Sacred Heart,English,,"﻿Eden Hall, P.O., Torresdale, Philadelphia",,,,﻿Philadelphia,,﻿PA,,﻿40.054579,-74.986458,,,,﻿tucker_phi.pa_001,﻿Madam,﻿Tucker,,﻿Superioress,,﻿religious,"﻿Professed Sisters, 33",,,1866,﻿,﻿,﻿Philadelphia,Philadelphia
﻿phi.pa.0161_02,﻿convent,﻿Convent of the Sacred Heart,English,,"﻿Eden Hall, P.O., Torresdale, Philadelphia",,,,﻿Philadelphia,,﻿PA,,﻿40.054579,-74.986458,,,,﻿mat_a_mcgrane_002,﻿Rev.,﻿M. McGrane,,﻿Chaplain,,﻿religious,"﻿Professed Sisters, 33",,,1866,﻿,﻿,﻿Philadelphia,Philadelphia
﻿phi.pa.0162_02,﻿convent,﻿Convent of the Sacred Heart,English,,﻿No. 1625 Walnut street,,,,﻿Philadelphia,,﻿PA,,﻿39.949159,-75.1636,,,,﻿mcnally_phi.pa_001,﻿Madame,﻿McNally,,﻿Superioress,,﻿religious,"﻿Professed Sisters, 6",,,1866,﻿,﻿,﻿Philadelphia,Philadelphia
﻿phi.pa.0162_02,﻿convent,﻿Convent of the Sacred Heart,English,,﻿No. 1625 Walnut street,,,,﻿Philadelphia,,﻿PA,,﻿39.949159,-75.1636,,,,,,,,,,﻿religious,"﻿novice, 1",,,1866,﻿,﻿,﻿Philadelphia,Philadelphia
﻿phi.pa.0162_02,﻿convent,﻿Convent of the Sacred Heart,English,,﻿No. 1625 Walnut street,,,,﻿Philadelphia,,﻿PA,,﻿39.949159,-75.1636,,,,,,,,,,﻿religious,"﻿postulant, 1",,,1866,﻿,﻿,﻿Philadelphia,Philadelphia
﻿phi.pa.0163_02,﻿convent,﻿Convent of the Sisters of Notre Dame,English,,﻿1321 Filbert street,,,,﻿Philadelphia,,﻿PA,,﻿39.949631,-75.172917,,,,﻿julia_phi.pa_001,﻿Sister,﻿Julia,,﻿Superioress,,﻿religious,"﻿Professed Sisters, 15",,,1866,﻿,﻿,﻿Philadelphia,Philadelphia
﻿phi.pa.0164_02,﻿convent,﻿Convent of the Sisters of Mercy,English,,﻿south-west corner of Broad and Columbia Avenue,,,,﻿Philadelphia,,﻿PA,,﻿40.088219,-75.258639,,,,﻿m-patricia_waldron_phi.pa_001,﻿Mother,﻿Mary Patricia Waldron,,﻿Superioress,,﻿religious,"﻿Professed Sisters, 8",,,1866,﻿,﻿,﻿Philadelphia,Philadelphia
﻿phi.pa.0164_02,﻿convent,﻿Convent of the Sisters of Mercy,English,,﻿south-west corner of Broad and Columbia Avenue,,,,﻿Philadelphia,,﻿PA,,﻿40.088219,-75.258639,,,,,,,,,,﻿religious,"﻿novices, 8",,,1866,﻿,﻿,﻿Philadelphia,Philadelphia
﻿phi.pa.0164_02,﻿convent,﻿Convent of the Sisters of Mercy,English,,﻿south-west corner of Broad and Columbia Avenue,,,,﻿Philadelphia,,﻿PA,,﻿40.088219,-75.258639,,,,,,,,,,﻿religious,"﻿postulant, 1",,,1866,﻿,﻿,﻿Philadelphia,Philadelphia
﻿phi.pa.0167_02,﻿convent,﻿Convent of the Sisters of Notre Dame,English,,﻿1054 Apple street,,,,﻿Philadelphia,,﻿PA,,﻿39.969282,-75.144375,,,,﻿m-aloysia_phi.pa_001,﻿Sister,﻿Mary Aloysia,,﻿Superioress,,﻿religious,"﻿Professed Sisters, 9",,,1866,﻿,﻿,﻿Philadelphia,Philadelphia
﻿phi.pa.0167_02,﻿convent,﻿Convent of the Sisters of Notre Dame,English,,﻿1054 Apple street,,,,﻿Philadelphia,,﻿PA,,﻿39.969282,-75.144375,,,,,,,,,,﻿religious,"﻿postulants, 5",,,1866,﻿,﻿,﻿Philadelphia,Philadelphia
﻿phi.pa.0169,﻿convent,﻿Convent of the Sisters of the Third Order of St. Francis Assisium,English,,"﻿Reed street, above Fifth",,,,﻿Philadelphia,,﻿PA,,﻿39.931146,-75.153411,,,,﻿m-agnes_phi.pa_001,﻿Mother,﻿Mary Agnes,,﻿Superioress,,﻿religious,"﻿Professed Sisters, 17",,,1866,﻿,﻿,﻿Philadelphia,Philadelphia
﻿phi.pa.0169,﻿convent,﻿Convent of the Sisters of the Third Order of St. Francis Assisium,English,,"﻿Reed street, above Fifth",,,,﻿Philadelphia,,﻿PA,,﻿39.931146,-75.153411,,,,,,,,,,﻿religious,"﻿novices, 6",,,1866,﻿,﻿,﻿Philadelphia,Philadelphia
﻿phi.pa.0169,﻿convent,﻿Convent of the Sisters of the Third Order of St. Francis Assisium,English,,"﻿Reed street, above Fifth",,,,﻿Philadelphia,,﻿PA,,﻿39.931146,-75.153411,,,,,,,,,,﻿religious,"﻿postulants, 4",,,1866,﻿,﻿,﻿Philadelphia,Philadelphia
﻿phi.pa.0200_03,﻿convent,﻿Convent of the Society of the Holy Child Jesus,English,,﻿1135 Spring Garden street,,,,﻿Philadelphia,,﻿PA,,﻿39.962038,-75.157293,,,,﻿m-walburga_phi.pa_001,﻿Mother,﻿Mary Walburga,,﻿Superioress,,﻿religious,"﻿Professed Sisters, 6",,,1866,﻿,﻿,﻿Philadelphia,Philadelphia
﻿phi.pa.0200_03,﻿convent,﻿Convent of the Society of the Holy Child Jesus,English,,﻿1135 Spring Garden street,,,,﻿Philadelphia,,﻿PA,,﻿39.962038,-75.157293,,,,,,,,,,﻿religious,"﻿novices, 3",,,1866,﻿,﻿,﻿Philadelphia,Philadelphia
﻿phi.pa.0200_03,﻿convent,﻿Convent of the Society of the Holy Child Jesus,English,,﻿1135 Spring Garden street,,,,﻿Philadelphia,,﻿PA,,﻿39.962038,-75.157293,,,,,,,,,,﻿religious,"﻿postulant, 1",,,1866,﻿,﻿,﻿Philadelphia,Philadelphia
﻿phi.pa.0166_02,﻿convent,﻿Convent of the Society of the Holy Child Jesus,English,,﻿Darby P.O.,,﻿Delaware Co.,,﻿Sharon,,﻿PA,,﻿41.233112,-80.493403,,,,﻿m-xavier_phi.pa_001,﻿Mother,﻿Mary Xavier,,﻿Superioress,,﻿religious,"﻿Professed Sisters, 5",,,1866,﻿,﻿,﻿Philadelphia,Philadelphia
﻿phi.pa.0166_02,﻿convent,﻿Convent of the Society of the Holy Child Jesus,English,,﻿Darby P.O.,,﻿Delaware Co.,,﻿Sharon,,﻿PA,,﻿41.233112,-80.493403,,,,,,,,,,﻿religious,"﻿novices, 7",,,1866,﻿,﻿,﻿Philadelphia,Philadelphia
﻿phi.pa.0166_02,﻿convent,﻿Convent of the Society of the Holy Child Jesus,English,,﻿Darby P.O.,,﻿Delaware Co.,,﻿Sharon,,﻿PA,,﻿41.233112,-80.493403,,,,,,,,,,﻿religious,"﻿postulants, 4",,,1866,﻿,﻿,﻿Philadelphia,Philadelphia
﻿phi.pa.0204_04,﻿convent,﻿Oblate Sisters of Providence,English,﻿Colored,﻿No. 430 Lombard street,,,,﻿Philadelphia,,﻿PA,,﻿39.942591,-75.149907,,,,﻿frances_phi.pa_001,﻿Sister,﻿Frances,,﻿Superioress,,﻿religious,"﻿Number of religious, 4",,,1866,﻿,﻿,﻿Philadelphia,Philadelphia
﻿phi.pa.0010_03,﻿academy,﻿Brothers of the Christian Schools,English,,﻿No. 1419 North-Second street,,,,﻿Philadelphia,,﻿PA,,﻿39.973891,-75.13849,,,,,,,,,,﻿religious,"﻿professed, 10",,,1866,﻿,﻿,﻿Philadelphia,Philadelphia
﻿phi.pa.0010_03,﻿academy,﻿Brothers of the Christian Schools,English,,﻿No. 1419 North-Second street,,,,﻿Philadelphia,,﻿PA,,﻿39.973891,-75.13849,,,,,,,,,,﻿religious,"﻿novices, 13",,,1866,﻿,﻿,﻿Philadelphia,Philadelphia
﻿phi.pa.0010_03,﻿academy,﻿Brothers of the Christian Schools,English,,﻿No. 1419 North-Second street,,,,﻿Philadelphia,,﻿PA,,﻿39.973891,-75.13849,,,,,,,,,,﻿teacher,"﻿scholars, 2,000",,,1866,﻿,﻿,﻿Philadelphia,Philadelphia
﻿phi.pa.0161_03,﻿academy,﻿Academy of the Sacred Heart,English,,"﻿Eden Hall, Torresdale P.O.",,,,﻿Philadelphia,,﻿PA,,﻿40.054579,-74.986458,,,,﻿tucker_phi.pa_001,﻿Madame,﻿Tucker,,﻿Superioress,,﻿religious,"﻿number of religious, 33",,,1866,﻿,﻿,﻿Philadelphia,Philadelphia
﻿phi.pa.0161_03,﻿academy,﻿Academy of the Sacred Heart,English,,"﻿Eden Hall, Torresdale P.O.",,,,﻿Philadelphia,,﻿PA,,﻿40.054579,-74.986458,,,,,,,,,,﻿student,"﻿number of pupils, 74",,,1866,﻿,﻿,﻿Philadelphia,Philadelphia
﻿phi.pa.0163_03,﻿academy,﻿Academy of the Sisters of Notre Dame,English,,﻿No. 1321 Filbert street,,,,﻿Philadelphia,,﻿PA,,﻿39.949631,-75.172917,,,,﻿julia_phi.pa_001,﻿Sister,﻿Julia,,﻿Superioress,,﻿religious,"﻿number of religious, 15",,,1866,﻿,﻿,﻿Philadelphia,Philadelphia
﻿phi.pa.0163_03,﻿academy,﻿Academy of the Sisters of Notre Dame,English,,﻿No. 1321 Filbert street,,,,﻿Philadelphia,,﻿PA,,﻿39.949631,-75.172917,,,,,,,,,,﻿student,"﻿number of pupils, 187",,,1866,﻿,﻿,﻿Philadelphia,Philadelphia
﻿phi.pa.0163_03,﻿academy,﻿Academy of the Sisters of Notre Dame,English,,﻿No. 1321 Filbert street,,,,﻿Philadelphia,,﻿PA,,﻿39.949631,-75.172917,,,,,,,,,,﻿student,﻿300 to 400 young women attending night school,,,1866,﻿,﻿,﻿Philadelphia,Philadelphia
﻿phi.pa.0157_02,﻿academy,﻿St. Joseph's Academy,English,,﻿Chestnut Hill,,,,﻿Philadelphia,,﻿PA,,﻿40.083098,-75.215941,,,,﻿st-john_phi.pa_001,﻿Mother,﻿St. John,,﻿Superioress,,﻿religious,"﻿number of religious, 23",﻿Sisters of St. Joseph,,1866,﻿,﻿,﻿Philadelphia,Philadelphia
﻿phi.pa.0157_02,﻿academy,﻿St. Joseph's Academy,English,,﻿Chestnut Hill,,,,﻿Philadelphia,,﻿PA,,﻿40.083098,-75.215941,,,,,,,,,,﻿student,"﻿boarders, 30",﻿Sisters of St. Joseph,,1866,﻿,﻿,﻿Philadelphia,Philadelphia
﻿phi.pa.0157_02,﻿academy,﻿St. Joseph's Academy,English,,﻿Chestnut Hill,,,,﻿Philadelphia,,﻿PA,,﻿40.083098,-75.215941,,,,,,,,,,﻿student,"﻿day-scholars, 46",﻿Sisters of St. Joseph,,1866,﻿,﻿,﻿Philadelphia,Philadelphia
﻿phi.pa.0175,﻿school,﻿Academy of the Immaculate Conception,English,﻿This is a school for the instruction of girls in the different branches of industry.,"﻿Thirty-ninth and Pine streets, Philadelphia",,,,﻿Philadelphia,,﻿PA,,﻿39.950427,-75.201155,,,,﻿m-of-st-boniface_phi.pa_001,﻿Mother,﻿Mary of St. Boniface,,﻿Superioress,,﻿religious,"﻿number of religious, 16",﻿Sisters of the Good Shepherd,﻿Congregation of Our Lady of Charity of the Good Shepherd,1866,﻿,﻿,﻿Philadelphia,Philadelphia
﻿phi.pa.0175,﻿school,﻿Academy of the Immaculate Conception,English,﻿This is a school for the instruction of girls in the different branches of industry.,"﻿Thirty-ninth and Pine streets, Philadelphia",,,,﻿Philadelphia,,﻿PA,,﻿39.950427,-75.201155,,,,,,,,,,﻿teacher,"﻿number of scholars, 57",﻿Sisters of the Good Shepherd,,1866,﻿,﻿,﻿Philadelphia,Philadelphia
﻿phi.pa.0164_03,﻿academy,﻿Academy of the Sisters of Mercy,English,"﻿The sisters visit the poor, sick, and dying; also the Moyamensing prison",﻿south-west corner of Broad street and Columbia Avenue,,,,﻿Philadelphia,,﻿PA,,﻿40.088219,-75.258639,,,,﻿patricia_waldron_phi.pa_001,﻿Mother,﻿Patricia Waldron,,﻿Superioress,,﻿religious,"﻿number of religious, 17",,,1866,﻿,﻿,﻿Philadelphia,Philadelphia
﻿phi.pa.0164_03,﻿academy,﻿Academy of the Sisters of Mercy,English,"﻿The sisters visit the poor, sick, and dying; also the Moyamensing prison",﻿south-west corner of Broad street and Columbia Avenue,,,,﻿Philadelphia,,﻿PA,,﻿40.088219,-75.258639,,,,,,,,,,﻿student,"﻿number of pupils, 58",,,1866,﻿,﻿,﻿Philadelphia,Philadelphia
﻿phi.pa.0167_03,﻿academy,﻿Academy of the School Sisters of Notre Dame,English,,﻿No. 1054 Apple street,,,,﻿Philadelphia,,﻿PA,,﻿39.969282,-75.144375,,,,,,,,,,﻿religious,"﻿number of religious, 14",,,1866,﻿,﻿,﻿Philadelphia,Philadelphia
﻿phi.pa.0167_03,﻿academy,﻿Academy of the School Sisters of Notre Dame,English,,﻿No. 1054 Apple street,,,,﻿Philadelphia,,﻿PA,,﻿39.969282,-75.144375,,,,,,,,,,﻿student,"﻿number of boarders, 12",,,1866,﻿,﻿,﻿Philadelphia,Philadelphia
﻿phi.pa.0202,﻿academy,﻿St. Joseph's Academy,English,,﻿Pottsville,,,,,,﻿PA,,﻿40.685646,-76.195499,,,,﻿m-salome_phi.pa_001,﻿Sister,﻿Mary Salome,,﻿Superioress,,﻿religious,"﻿number of religious, 6",﻿Sisters of St. Joseph,,1866,﻿,﻿,﻿Philadelphia,Philadelphia
﻿phi.pa.0202,﻿academy,﻿St. Joseph's Academy,English,,﻿Pottsville,,,,,,﻿PA,,﻿40.685646,-76.195499,,,,,,,,,,﻿student,"﻿number of day-scholars, 29",﻿Sisters of St. Joseph,,1866,﻿,﻿,﻿Philadelphia,Philadelphia
﻿phi.pa.0202,﻿academy,﻿St. Joseph's Academy,English,,﻿Pottsville,,,,,,﻿PA,,﻿40.685646,-76.195499,,,,,,,,,,﻿student,"﻿number of boarders, 6",﻿Sisters of St. Joseph,,1866,﻿,﻿,﻿Philadelphia,Philadelphia
﻿har.pa.0026_03,"﻿convent, academy",﻿St. Joseph's Academy,English,,,,﻿Adams Co.,﻿Adams County,﻿McSherrytown,﻿McSherrystown,﻿PA,,﻿39.807322,-77.01137,,,,﻿m-antoinette_phi.pa_001,﻿Sister,﻿Mary Antoinette,,﻿Superioress,,﻿religious,"﻿number of religious, 11",﻿under the direction of the Sisters of St. Joseph,,1866,﻿,﻿,﻿Philadelphia,Philadelphia
﻿har.pa.0026_03,"﻿convent, academy",﻿St. Joseph's Academy,English,,,,﻿Adams Co.,﻿Adams County,﻿McSherrytown,﻿McSherrystown,﻿PA,,﻿39.807322,-77.01137,,,,,,,,,,﻿student,"﻿number of boarders, 30",﻿under the direction of the Sisters of St. Joseph,,1866,﻿,﻿,﻿Philadelphia,Philadelphia
﻿har.pa.0026_03,"﻿convent, academy",﻿St. Joseph's Academy,English,,,,﻿Adams Co.,﻿Adams County,﻿McSherrytown,﻿McSherrystown,﻿PA,,﻿39.807322,-77.01137,,,,,,,,,,﻿student,"﻿number of day-scholars, 40",﻿under the direction of the Sisters of St. Joseph,,1866,﻿,﻿,﻿Philadelphia,Philadelphia
﻿scr.pa.0100,﻿academy,﻿Laurel Hill Academy,English,,,,﻿Susquehanna County,,﻿Susquehanna Depot,﻿Susquehanna,﻿PA,,﻿41.770152,-75.71381,,,,﻿m-theresa_har.pa_001,﻿Mother,﻿Mary Theresa,,﻿Superioress,,﻿religious,"﻿number of religious, 7",﻿under the direction of the Sisters of the Immaculate Heart of Mary,"﻿Sisters, Servants of the Immaculate Heart of Mary",1866,﻿,﻿,﻿Philadelphia,Philadelphia
﻿scr.pa.0100,﻿academy,﻿Laurel Hill Academy,English,,,,﻿Susquehanna County,,﻿Susquehanna Depot,﻿Susquehanna,﻿PA,,﻿41.770152,-75.71381,,,,,,,,,,﻿teacher,"﻿number of scholars, 70",﻿under the direction of the Sisters of the Immaculate Heart of Mary,,1866,﻿,﻿,﻿Philadelphia,Philadelphia
﻿phi.pa.0181,﻿academy,﻿Academy of the Immaculate Heart of Mary,English,,,,,,﻿Reading,,﻿PA,,﻿40.335648,-75.926875,,,,﻿m-magdalen_scr.pa_001,﻿Mother,﻿Mary Magdalen,,﻿Superioress,,﻿religious,"﻿number of the community, 29",﻿under the direction of the Sisters of the Immaculate Heart of Mary,"﻿Sisters, Servants of the Immaculate Heart of Mary",1866,﻿,﻿,﻿Philadelphia,Philadelphia
﻿phi.pa.0181,﻿academy,﻿Academy of the Immaculate Heart of Mary,English,,,,,,﻿Reading,,﻿PA,,﻿40.335648,-75.926875,,,,,,,,,,﻿student,"﻿number of day-scholars, 90",﻿under the direction of the Sisters of the Immaculate Heart of Mary,,1866,﻿,﻿,﻿Philadelphia,Philadelphia
﻿phi.pa.0181,﻿academy,﻿Academy of the Immaculate Heart of Mary,English,,,,,,﻿Reading,,﻿PA,,﻿40.335648,-75.926875,,,,,,,,,,﻿student,"﻿number of boarders, 45",﻿under the direction of the Sisters of the Immaculate Heart of Mary,,1866,﻿,﻿,﻿Philadelphia,Philadelphia
﻿phi.pa.0302,﻿academy,﻿St. Joseph's Academy,English,,﻿St. Joseph's P.O.,,﻿Susquehanna Co.,,,,﻿PA,,﻿41.921693,-75.992745,,,,﻿m-scholastica_phi.pa_001,﻿Mother,﻿Mary Scholastica,,﻿Superioress,,﻿religious,"﻿number of religious, 10",﻿under the care of ten Sisters of the Immaculate Heart of Mary,"﻿Sisters, Servants of the Immaculate Heart of Mary",1866,﻿,﻿,﻿Philadelphia,Philadelphia
﻿phi.pa.0302,﻿academy,﻿St. Joseph's Academy,English,,﻿St. Joseph's P.O.,,﻿Susquehanna Co.,,,,﻿PA,,﻿41.921693,-75.992745,,,,,,,,,,﻿student,"﻿number of day-scholars, 10",﻿under the care of ten Sisters of the Immaculate Heart of Mary,,1866,﻿,﻿,﻿Philadelphia,Philadelphia
﻿phi.pa.0302,﻿academy,﻿St. Joseph's Academy,English,,﻿St. Joseph's P.O.,,﻿Susquehanna Co.,,,,﻿PA,,﻿41.921693,-75.992745,,,,,,,,,,﻿student,"﻿number of boarders, 11",﻿under the care of ten Sisters of the Immaculate Heart of Mary,,1866,﻿,﻿,﻿Philadelphia,Philadelphia
﻿phi.pa.0001_03,﻿academy,﻿Cathedral Academy,English,,﻿No. 1708 Summer street,,,,﻿Philadelphia,,﻿PA,,﻿39.959049,-75.17614,,,,﻿ignatia_phi.pa_001,﻿Sister,﻿Ignatia,,﻿Superioress,,﻿religious,"﻿number of religious, 4",,,1866,﻿,﻿,﻿Philadelphia,Philadelphia
﻿phi.pa.0001_03,﻿academy,﻿Cathedral Academy,English,,﻿No. 1708 Summer street,,,,﻿Philadelphia,,﻿PA,,﻿39.959049,-75.17614,,,,,,,,,,﻿student,"﻿number of pupils, 48",,,1866,﻿,﻿,﻿Philadelphia,Philadelphia
﻿phi.pa.0005_03,﻿academy,﻿St. Mary's Academy,English,,"﻿Sixth street, above Spruce",,,,﻿Philadelphia,,﻿PA,,﻿39.94551,-75.148423,,,,﻿m-euphemia_phi.pa_001,﻿Sister,﻿Mary Euphemia,,﻿Superioress,,﻿student,"﻿number of pupils, 40",﻿under the direction of four Sisters of St. Joseph,,1866,﻿,﻿,﻿Philadelphia,Philadelphia
﻿phi.pa.0186,﻿academy,﻿St. Joseph's Academy,English,,"﻿Prune street, above Fourth",,,,﻿Philadelphia,,﻿PA,,﻿39.946149,-75.148999,,,,﻿m-agnes_phi.pa_001,﻿Sister,﻿Mary Agnes,,﻿Superioress,,﻿student,"﻿number of pupils, 48",﻿under the direction of six Sisters of St. Joseph,,1866,﻿,﻿,﻿Philadelphia,Philadelphia
﻿phi.pa.0186,﻿academy,﻿St. Joseph's Academy,English,,"﻿Prune street, above Fourth",,,,﻿Philadelphia,,﻿PA,,﻿39.946149,-75.148999,,,,,,,,,,﻿student,"﻿night-school for young women, 62",﻿under the direction of six Sisters of St. Joseph,,1866,﻿,﻿,﻿Philadelphia,Philadelphia
﻿phi.pa.0007_03,﻿academy,﻿St. Augustine's Academy,English,,﻿No. 244 North Fourth street,,,,,,﻿PA,,﻿39.955545,-75.146738,,,,﻿m-xavier_phi.pa_001,﻿Sister,﻿Mary Xavier,,﻿Superioress,,﻿student,"﻿Number of pupils, 65",﻿under the charge of eight Sisters of St. Joseph,,1866,﻿,﻿,﻿Philadelphia,Philadelphia
﻿phi.pa.0012_02,﻿academy,﻿St. Philip de Neri's Academy,English,,﻿No. 778 South Fourth street,,,,﻿Philadelphia,,﻿PA,,﻿39.937035,-75.147524,,,,﻿m-cecilia_phi.pa_001,﻿Sister,﻿Mary Cecilia,,﻿Superioress,,﻿student,"﻿Number of pupils, 80",﻿under the charge of eight Sisters of St. Joseph,,1866,﻿,﻿,﻿Philadelphia,Philadelphia
﻿phi.pa.0013_02,﻿academy,﻿St. Patrick's Academy,English,,﻿north-west corner of Twentieth and Locust street,,,,﻿Philadelphia,,﻿PA,,﻿39.948982,-75.174306,,,,﻿victorine_phi.pa_001,﻿Sister,﻿Victorine,,﻿Superioress,,﻿student,"﻿number of pupils, 175",﻿under the direction of nine Sisters of St. Joseph,,1866,﻿,﻿,﻿Philadelphia,Philadelphia
﻿phi.pa.0188_02,﻿academy,﻿Academy of the Immaculate Heart of Mary,English,,"﻿No. 4211 Cresson street, Manayunk",,,,﻿Philadelphia,,﻿PA,,﻿40.024621,-75.219578,,,,﻿m-gonzaga_phi.pa_001,﻿Sister,﻿Mary Gonzaga,,﻿Superioress,,﻿student,"﻿number of pupils, 40",﻿under the care of seven Sisters of the Immaculate Heart of Mary,"﻿Sisters, Servants of the Immaculate Heart of Mary",1866,﻿,﻿,﻿Philadelphia,Philadelphia
﻿phi.pa.0204_02,﻿academy,﻿Blessed Peter Claver's Academy for Colored Children,English,,﻿No. 430 Lombard street,,,,﻿Philadelphia,,﻿PA,,﻿39.942591,-75.149907,,,,﻿alphonse_phi.pa_001,﻿Sister,﻿Alphonse,,﻿Superioress,,﻿student,"﻿number of boarders, 15",﻿under the charge of four Oblate Sisters of Providence,﻿Oblate Sisters of Providence,1866,﻿,﻿,﻿Philadelphia,Philadelphia
﻿phi.pa.0204_02,﻿academy,﻿Blessed Peter Claver's Academy for Colored Children,English,,﻿No. 430 Lombard street,,,,﻿Philadelphia,,﻿PA,,﻿39.942591,-75.149907,,,,,,,,,,﻿student,"﻿day-scholars, 30",﻿under the charge of four Oblate Sisters of Providence,,1866,﻿,﻿,﻿Philadelphia,Philadelphia
﻿phi.pa.0200_02,﻿academy,﻿Academy of the Assumption of the B.V.M.,English,,﻿No. 1135 Spring Garden street,,,,﻿Philadelphia,,﻿PA,,﻿39.962038,-75.157293,,,,﻿m-walburga_phi.pa_001,﻿Mother,﻿Mary Walburga,,﻿Superioress,,﻿religious,"﻿number of religious, 10",﻿Sisters of the Society of the Holy Child Jesus,﻿Society of the Holy Child Jesus,1866,﻿,﻿,﻿Philadelphia,Philadelphia
﻿phi.pa.0200_02,﻿academy,﻿Academy of the Assumption of the B.V.M.,English,,﻿No. 1135 Spring Garden street,,,,﻿Philadelphia,,﻿PA,,﻿39.962038,-75.157293,,,,,,,,,,﻿student,"﻿number of pupils, 39",﻿Sisters of the Society of the Holy Child Jesus,,1866,﻿,﻿,﻿Philadelphia,Philadelphia
﻿phi.pa.0200_02,﻿academy,﻿Academy of the Assumption of the B.V.M.,English,,﻿No. 1135 Spring Garden street,,,,﻿Philadelphia,,﻿PA,,﻿39.962038,-75.157293,,,,,,,,,,﻿student,"﻿Boarders, 5",﻿Sisters of the Society of the Holy Child Jesus,,1866,﻿,﻿,﻿Philadelphia,Philadelphia
﻿phi.pa.0166_02,﻿academy,﻿Academy of the Holy Child Jesus,English,,﻿Darby P.O.,,﻿Delaware Co.,,﻿Sharon,,﻿PA,,﻿41.233112,-80.493403,,,,﻿m-xavier_phi.pa_001,﻿Mother,﻿Mary Xavier,,﻿Superioress,,﻿religious,"﻿number of religious, 16",﻿under the charge of the Sisters of the Society of the Holy Child Jesus,﻿Society of the Holy Child Jesus,1866,﻿,﻿,﻿Philadelphia,Philadelphia
﻿phi.pa.0166_02,﻿academy,﻿Academy of the Holy Child Jesus,English,,﻿Darby P.O.,,﻿Delaware Co.,,﻿Sharon,,﻿PA,,﻿41.233112,-80.493403,,,,,,,,,,﻿student,"﻿number of boarders, 40",﻿under the charge of the Sisters of the Society of the Holy Child Jesus,,1866,﻿,﻿,﻿Philadelphia,Philadelphia
﻿phi.pa.0198,﻿academy,﻿Academy of the Sisters of the Immaculate Heart of Mary,English,,﻿Frankford,,,,﻿Philadelphia,,﻿PA,,﻿40.015302,-75.080336,,,,﻿m-joseph_phi.pa_001,﻿Mother,﻿Mary Joseph,,﻿Superioress,,﻿student,"﻿number of pupils, 60",,,1866,﻿,﻿,﻿Philadelphia,Philadelphia
﻿phi.pa.0146,﻿academy,﻿St. Theresa's Academy,English,,﻿Bucksville P.O.,,﻿Bucks Co.,,﻿Haycock,,﻿PA,,﻿40.45,-75.247778,,,,﻿m-anastasia_phi.pa_001,﻿Mother,﻿Mary Anastasia,,﻿Superioress,,﻿religious,"﻿number of religious, 6",﻿under the direction of the Sisters of the Immaculate Heart of Mary,"﻿Sisters, Servants of the Immaculate Heart of Mary",1866,﻿,﻿,﻿Philadelphia,Philadelphia
﻿phi.pa.0146,﻿academy,﻿St. Theresa's Academy,English,,﻿Bucksville P.O.,,﻿Bucks Co.,,﻿Haycock,,﻿PA,,﻿40.45,-75.247778,,,,,,,,,,﻿student,"﻿day-scholars, 20",﻿under the direction of the Sisters of the Immaculate Heart of Mary,,1866,﻿,﻿,﻿Philadelphia,Philadelphia
﻿phi.pa.0146,﻿academy,﻿St. Theresa's Academy,English,,﻿Bucksville P.O.,,﻿Bucks Co.,,﻿Haycock,,﻿PA,,﻿40.45,-75.247778,,,,,,,,,,﻿student,"﻿boarders, 9",﻿under the direction of the Sisters of the Immaculate Heart of Mary,,1866,﻿,﻿,﻿Philadelphia,Philadelphia
﻿phi.pa.0004_02,﻿school,[Unnamed Institution],English,"﻿Boys taught by two lay teachers, girls taught by two lay teachers",﻿St. John's,,,,﻿Philadelphia,,﻿PA,,﻿39.951217,-75.161413,,,,,,,,,,﻿child,"﻿Boys, 105",,,1866,﻿,﻿,﻿Philadelphia,Philadelphia
﻿phi.pa.0004_02,﻿school,[Unnamed Institution],English,"﻿Boys taught by two lay teachers, girls taught by two lay teachers",﻿St. John's,,,,﻿Philadelphia,,﻿PA,,﻿39.951217,-75.161413,,,,,,,,,,﻿child,"﻿girls, 112",,,1866,﻿,﻿,﻿Philadelphia,Philadelphia
﻿phi.pa.0005_02&0005_04,﻿school,[Unnamed Institution],English,"﻿Boys taught by two teachers, girls taught by the Sisters of St. Joseph",﻿St. Mary's,,,,﻿Philadelphia,,﻿PA,,﻿39.94551,-75.148423,,,,,,,,,,﻿child,"﻿Boys, 110",﻿Sisters of St. Joseph,,1866,﻿,﻿,﻿Philadelphia,Philadelphia
﻿phi.pa.0005_02&0005_04,﻿school,[Unnamed Institution],English,"﻿Boys taught by two teachers, girls taught by the Sisters of St. Joseph",﻿St. Mary's,,,,﻿Philadelphia,,﻿PA,,﻿39.94551,-75.148423,,,,,,,,,,﻿child,"﻿girls, 150",﻿Sisters of St. Joseph,,1866,﻿,﻿,﻿Philadelphia,Philadelphia
﻿phi.pa.0006_03,﻿school,[Unnamed Institution],English,﻿Boys taught by two lady teachers; girls taught by the Sisters of St. Jospeh,﻿St. Joseph's,,,,﻿Philadelphia,,﻿PA,,﻿39.972826,-75.165064,,,,,,,,,,﻿child,"﻿Boys, 105",﻿Sisters of St. Joseph,,1866,﻿,﻿,﻿Philadelphia,Philadelphia
﻿phi.pa.0006_03,﻿school,[Unnamed Institution],English,﻿Boys taught by two lady teachers; girls taught by the Sisters of St. Jospeh,﻿St. Joseph's,,,,﻿Philadelphia,,﻿PA,,﻿39.972826,-75.165064,,,,,,,,,,﻿child,"﻿girls, 252",﻿Sisters of St. Joseph,,1866,﻿,﻿,﻿Philadelphia,Philadelphia
﻿phi.pa.0007_02,﻿school,[Unnamed Institution],English,"﻿Boys taught by lay teachers, girls taught by the Sisters of St. Joseph",﻿St. Augustine's,,,,﻿Philadelphia,,﻿PA,,﻿39.955545,-75.146738,,,,,,,,,,﻿child,"﻿Boys, 300",﻿Sisters of St. Joseph,,1866,﻿,﻿,﻿Philadelphia,Philadelphia
﻿phi.pa.0007_02,﻿school,[Unnamed Institution],English,"﻿Boys taught by lay teachers, girls taught by the Sisters of St. Joseph",﻿St. Augustine's,,,,﻿Philadelphia,,﻿PA,,﻿39.955545,-75.146738,,,,,,,,,,﻿child,"﻿girls, 350",﻿Sisters of St. Joseph,,1866,﻿,﻿,﻿Philadelphia,Philadelphia
﻿phi.pa.0009_02,﻿school,[Unnamed Institution],English,﻿Boys taught by lay teachers; girls taught by the School Sisters of Notre Dame,﻿Holy Trinity,,,,﻿Philadelphia,,﻿PA,,﻿39.945571,-75.151949,,,,,,,,,,﻿child,"﻿Boys, 130",﻿School Sisters of Notre Dame,,1866,﻿,﻿,﻿Philadelphia,Philadelphia
﻿phi.pa.0009_02,﻿school,[Unnamed Institution],English,﻿Boys taught by lay teachers; girls taught by the School Sisters of Notre Dame,﻿Holy Trinity,,,,﻿Philadelphia,,﻿PA,,﻿39.945571,-75.151949,,,,,,,,,,﻿child,"﻿girls, 120",﻿School Sisters of Notre Dame,,1866,﻿,﻿,﻿Philadelphia,Philadelphia
﻿phi.pa.0010_02,﻿school,[Unnamed Institution],English,"﻿Boys under the care of the Christian Brothers, girls under the care of the Sisters of St. Joseph",﻿St. Michael's,,,,﻿Philadelphia,,﻿PA,,﻿39.973891,-75.13849,,,,,,,,,,﻿child,"﻿Boys, 650",﻿Christian Brothers. Sisters of St. Joseph,,1866,﻿,﻿,﻿Philadelphia,Philadelphia
﻿phi.pa.0010_02,﻿school,[Unnamed Institution],English,"﻿Boys under the care of the Christian Brothers, girls under the care of the Sisters of St. Joseph",﻿St. Michael's,,,,﻿Philadelphia,,﻿PA,,﻿39.973891,-75.13849,,,,,,,,,,﻿child,"﻿girls, 700",﻿Christian Brothers. Sisters of St. Joseph,,1866,﻿,﻿,﻿Philadelphia,Philadelphia
﻿phi.pa.0011_02,﻿school,[Unnamed Institution],English,"﻿School in the basement of the church, for boys and girls. Number, about 300",﻿St. Francis',,,,﻿Philadelphia,,﻿PA,,﻿39.966111,-75.176701,,,,,,,,,,,,,,1866,﻿,﻿,﻿Philadelphia,Philadelphia
﻿phi.pa.0012_03,﻿school,[Unnamed Institution],English,"﻿Boys under the care of lay teachers, girls under the care of the Sisters of St. Joseph",﻿St. Philip de Neri,,,,﻿Philadelphia,,﻿PA,,﻿39.9370346,-75.14752411,,,,,,,,,,﻿child,"﻿Boys, 380",﻿Sisters of St. Joseph,,1866,﻿,﻿,﻿Philadelphia,Philadelphia
﻿phi.pa.0012_03,﻿school,[Unnamed Institution],English,"﻿Boys under the care of lay teachers, girls under the care of the Sisters of St. Joseph",﻿St. Philip de Neri,,,,﻿Philadelphia,,﻿PA,,﻿39.9370346,-75.14752411,,,,,,,,,,﻿child,"﻿girls, 400",﻿Sisters of St. Joseph,,1866,﻿,﻿,﻿Philadelphia,Philadelphia
﻿phi.pa.0013_03,﻿school,[Unnamed Institution],English,"﻿Boys under the charge of the Christian Brothers, girls under the charge of the Sisters of St. Joseph",﻿St. Patrick's,,,,﻿Philadelphia,,﻿PA,,﻿39.948982,-75.174306,,,,,,,,,,﻿child,"﻿Boys, 400",﻿Christian Brothers. Sisters of St. Joseph.,,1866,﻿,﻿,﻿Philadelphia,Philadelphia
﻿phi.pa.0013_03,﻿school,[Unnamed Institution],English,"﻿Boys under the charge of the Christian Brothers, girls under the charge of the Sisters of St. Joseph",﻿St. Patrick's,,,,﻿Philadelphia,,﻿PA,,﻿39.948982,-75.174306,,,,,,,,,,﻿child,"﻿girls, 500",﻿Christian Brothers. Sisters of St. Joseph.,,1866,﻿,﻿,﻿Philadelphia,Philadelphia
﻿phi.pa.0014_02,﻿school,[Unnamed Institution],English,"﻿Boys under the care of the Christian Brothers, girls under the care of the Sisters of the Immaculate Heart of Mary",﻿St. Paul's,,,,﻿Philadelphia,,﻿PA,,﻿39.939273,-75.158792,,,,,,,,,,﻿child,"﻿Boys, 360",﻿Christian Brothers. Sisters of the Immaculate Heart of Mary.,"﻿Sisters, Servants of the Immaculate Heart of Mary",1866,﻿,﻿,﻿Philadelphia,Philadelphia
﻿phi.pa.0014_02,﻿school,[Unnamed Institution],English,"﻿Boys under the care of the Christian Brothers, girls under the care of the Sisters of the Immaculate Heart of Mary",﻿St. Paul's,,,,﻿Philadelphia,,﻿PA,,﻿39.939273,-75.158792,,,,,,,,,,﻿child,"﻿girls, 350",﻿Christian Brothers. Sisters of the Immaculate Heart of Mary.,﻿Institute of the Brothers of the Christian Schools,1866,﻿,﻿,﻿Philadelphia,Philadelphia
﻿phi.pa.0015_02,﻿school,[Unnamed Institution],English,"﻿Boys under the care of the Brothers of the Christian Schools, and the Sisters of Notre Dame, girls under the care of the School Sisters of Notre Dame",﻿St. Peter's,,,,﻿Philadelphia,,﻿PA,,﻿39.969953,-75.144842,,,,,,,,,,﻿child,"﻿Boys, 838",﻿Brothers of the Christian Schools. School Sisters of Notre Dame.,﻿Institute of the Brothers of the Christian Schools,1866,﻿,﻿,﻿Philadelphia,Philadelphia
﻿phi.pa.0015_02,﻿school,[Unnamed Institution],English,"﻿Boys under the care of the Brothers of the Christian Schools, and the Sisters of Notre Dame, girls under the care of the School Sisters of Notre Dame",﻿St. Peter's,,,,﻿Philadelphia,,﻿PA,,﻿39.969953,-75.144842,,,,,,,,,,﻿child,"﻿girls, 872",﻿Brothers of the Christian Schools. School Sisters of Notre Dame.,,1866,﻿,﻿,﻿Philadelphia,Philadelphia
﻿phi.pa.0016_02,﻿school,[Unnamed Institution],English,"﻿Boys under the charge of two female teachers, girls under the care of the Sisters of the Society of the Holy Child Jesus",﻿Church of the Assumption,,,,﻿Philadelphia,,﻿PA,,﻿39.962049,-75.157089,,,,,,,,,,﻿child,"﻿Boys, 125",﻿Sisters of the Society of the Holy Child Jesus,﻿Society of the Holy Child Jesus,1866,﻿,﻿,﻿Philadelphia,Philadelphia
﻿phi.pa.0016_02,﻿school,[Unnamed Institution],English,"﻿Boys under the charge of two female teachers, girls under the care of the Sisters of the Society of the Holy Child Jesus",﻿Church of the Assumption,,,,﻿Philadelphia,,﻿PA,,﻿39.962049,-75.157089,,,,,,,,,,﻿child,"﻿girls, 105",﻿Sisters of the Society of the Holy Child Jesus,,1866,﻿,﻿,﻿Philadelphia,Philadelphia
﻿phi.pa.0017_02,﻿school,[Unnamed Institution],English,"﻿Girls, under the charge of the Sisters of Mercy",﻿St. Malachy's,,,,﻿Philadelphia,,﻿PA,,﻿39.974476,-75.153229,,,,,,,,,,﻿child,"﻿girls, 150",﻿Sisters of Mercy,﻿Congregation of the Sisters of Mercy,1866,﻿,﻿,﻿Philadelphia,Philadelphia
﻿phi.pa.0018_02,﻿school,[Unnamed Institution],English,"﻿Boys under the charge of the Christian brothers, girls under the charge of the Sisters of St. Joseph","﻿St. Ann's, Port Richmond",,,,﻿Philadelphia,,﻿PA,,﻿39.982417,-75.118492,,,,,,,,,,﻿child,"﻿Boys, 600",﻿Christian brothers. Sisters of St. Joseph.,,1866,﻿,﻿,﻿Philadelphia,Philadelphia
﻿phi.pa.0018_02,﻿school,[Unnamed Institution],English,"﻿Boys under the charge of the Christian brothers, girls under the charge of the Sisters of St. Joseph","﻿St. Ann's, Port Richmond",,,,﻿Philadelphia,,﻿PA,,﻿39.982417,-75.118492,,,,,,,,,,﻿child,"﻿girls, 620",﻿Christian brothers. Sisters of St. Joseph.,,1866,﻿,﻿,﻿Philadelphia,Philadelphia
﻿phi.pa.0020_02,﻿school,[Unnamed Institution],English,"﻿Boys, under the care of the Sisters of the Third Order of St. Francis; girls, under the care of the same Order",﻿St. Alphonsus',,,,﻿Philadelphia,,﻿PA,,﻿39.932895,-75.168897,,,,,,,,,,﻿child,"﻿boys, 180",﻿Sisters of the Third Order of St. Francis,﻿Sisters of the Third Order of St. Francis,1866,﻿,﻿,﻿Philadelphia,Philadelphia
﻿phi.pa.0020_02,﻿school,[Unnamed Institution],English,"﻿Boys, under the care of the Sisters of the Third Order of St. Francis; girls, under the care of the same Order",﻿St. Alphonsus',,,,﻿Philadelphia,,﻿PA,,﻿39.932895,-75.168897,,,,,,,,,,﻿child,"﻿girls, 150",﻿Sisters of the Third Order of St. Francis,,1866,﻿,﻿,﻿Philadelphia,Philadelphia
﻿phi.pa.0033_02,﻿school,[Unnamed Institution],English,﻿under the care of the Sisters of the Immaculate Heart of Mary,﻿St. Joachim's,,,,﻿Frankford,,﻿PA,,﻿40.011811,-75.089745,,,,,,,,,,﻿child,"﻿Boys, 150",﻿Sisters of the Immaculate Heart of Mary,"﻿Sisters, Servants of the Immaculate Heart of Mary",1866,﻿,﻿,﻿Philadelphia,Philadelphia
﻿phi.pa.0033_02,﻿school,[Unnamed Institution],English,﻿under the care of the Sisters of the Immaculate Heart of Mary,﻿St. Joachim's,,,,﻿Frankford,,﻿PA,,﻿40.011811,-75.089745,,,,,,,,,,﻿child,"﻿girls, 110",﻿Sisters of the Immaculate Heart of Mary,,1866,﻿,﻿,﻿Philadelphia,Philadelphia
﻿phi.pa.0034_02,﻿school,[Unnamed Institution],English,﻿Girls under the care of the Sisters of Charity,﻿St. Vincent de Paul,,,,﻿Germantown,,﻿PA,,﻿40.037963,-75.174409,,,,,,,,,,﻿child,"﻿girls, 120",﻿Sisters of Charity,,1866,﻿,﻿,﻿Philadelphia,Philadelphia
﻿phi.pa.0036_02,﻿school,[Unnamed Institution],English,"﻿Boys, under two female teachers, girls under the care of Sisters of the Immaculate Heart of Mary",﻿St. John's,,,,﻿Manayunk,,﻿PA,,﻿40.025046,-75.220084,,,,,,,,,,﻿child,"﻿Boys, 120",﻿Sisters of the Immaculate Heart of Mary,"﻿Sisters, Servants of the Immaculate Heart of Mary",1866,﻿,﻿,﻿Philadelphia,Philadelphia
﻿phi.pa.0036_02,﻿school,[Unnamed Institution],English,"﻿Boys, under two female teachers, girls under the care of Sisters of the Immaculate Heart of Mary",﻿St. John's,,,,﻿Manayunk,,﻿PA,,﻿40.025046,-75.220084,,,,,,,,,,﻿child,"﻿girls, 160",﻿Sisters of the Immaculate Heart of Mary,,1866,﻿,﻿,﻿Philadelphia,Philadelphia
﻿phi.pa.0040_02,﻿school,[Unnamed Institution],English,﻿Boys and girls under the care of the Sisters of the Third Order of St. Francis,﻿All Saints,,,,﻿Bridesburgh,,﻿PA,,﻿40.001444,-75.069779,,,,,,,,,,﻿student,"﻿boys and girls, 102",﻿Sisters of the Third Order of St. Francis,﻿Sisters of the Third Order of St. Francis,1866,﻿,﻿,﻿Philadelphia,Philadelphia
﻿phi.pa.0088_04,﻿school,[Unnamed Institution],English,﻿Boys and girls under one teacher,﻿St. Thomas',,,,﻿Villanova,,﻿PA,,﻿40.037583,-75.349181,,,,,,,,,,﻿student,"﻿boys and girls, 45",,,1866,﻿,﻿,﻿Philadelphia,Philadelphia
﻿phi.pa.0089_02,﻿school,[Unnamed Institution],English,﻿under a female teacher,﻿St. Denis',,,,﻿West-Haverford,,﻿PA,,﻿39.991634,-75.304282,,,,,,,,,,﻿student,"﻿boys and girls, 45",,,1866,﻿,﻿,﻿Philadelphia,Philadelphia
﻿phi.pa.0084_02,﻿school,[Unnamed Institution],English,﻿under two female teachers,﻿St. Michael's,,,,﻿Chester,,﻿PA,,﻿39.849557,-75.355746,,,,,,,,,,﻿child,"﻿Boys, 56",,,1866,﻿,﻿,﻿Philadelphia,Philadelphia
﻿phi.pa.0084_02,﻿school,[Unnamed Institution],English,﻿under two female teachers,﻿St. Michael's,,,,﻿Chester,,﻿PA,,﻿39.849557,-75.355746,,,,,,,,,,﻿child,"﻿girls, 57",,,1866,﻿,﻿,﻿Philadelphia,Philadelphia
﻿phi.pa.0103_02,﻿school,[Unnamed Institution],English,﻿under the care of two female teachers,﻿St. Matthew's,,,,﻿Coshohocken,,﻿PA,,﻿40.075097,-75.304378,,,,,,,,,,﻿child,"﻿boys, 110",,,1866,﻿,﻿,﻿Philadelphia,Philadelphia
﻿phi.pa.0103_02,﻿school,[Unnamed Institution],English,﻿under the care of two female teachers,﻿St. Matthew's,,,,﻿Coshohocken,,﻿PA,,﻿40.075097,-75.304378,,,,,,,,,,﻿child,"﻿girls, 98",,,1866,﻿,﻿,﻿Philadelphia,Philadelphia
﻿har.pa.0010_02,﻿school,[Unnamed Institution],English,﻿under lay teachers,﻿St. Joseph's,,,,﻿Lancaster,,﻿PA,,﻿40.033709,-76.50441,,,,,,,,,,﻿child,"﻿boys, 110",,,1866,﻿,﻿,﻿Philadelphia,Philadelphia
﻿har.pa.0010_02,﻿school,[Unnamed Institution],English,﻿under lay teachers,﻿St. Joseph's,,,,﻿Lancaster,,﻿PA,,﻿40.033709,-76.50441,,,,,,,,,,﻿child,"﻿girls, 100",,,1866,﻿,﻿,﻿Philadelphia,Philadelphia
﻿har.pa.0011_02,﻿school,[Unnamed Institution],English,﻿under lay teachers,﻿Holy Trinity,,,,﻿Columbia,,﻿PA,,﻿40.033709,-76.50441,,,,,,,,,,﻿child,"﻿boys, 80",,,1866,﻿,﻿,﻿Philadelphia,Philadelphia
﻿har.pa.0011_02,﻿school,[Unnamed Institution],English,﻿under lay teachers,﻿Holy Trinity,,,,﻿Columbia,,﻿PA,,﻿40.033709,-76.50441,,,,,,,,,,﻿child,"﻿girls, 70",,,1866,﻿,﻿,﻿Philadelphia,Philadelphia
﻿phi.pa.0055_02,﻿school,[Unnamed Institution],English,"﻿Girls, under the care of the Sisters of the Immaculare Heart of Mary",﻿St. John's,,,,﻿Haycock,,﻿PA,,﻿40.345157,-75.992765,,,,,,,,,,﻿child,"﻿girls, 20",﻿Sisters of the Immaculate Heart of Mary,"﻿Sisters, Servants of the Immaculate Heart of Mary",1866,﻿,﻿,﻿Philadelphia,Philadelphia
﻿har.pa.0002_02,﻿school,[Unnamed Institution],English,﻿under a lay teacher,﻿St. Lawrence's,,,,﻿Harrisburg,,﻿PA,,﻿40.273191,-76.886701,,,,,,,,,,﻿student,"﻿boys and girls, 40",,,1866,﻿,﻿,﻿Philadelphia,Philadelphia
﻿phi.pa.0043_02,﻿school,[Unnamed Institution],English,﻿under the care of the Sisters of Immaculate Heart of Mary,﻿St. Peter's,,,,﻿Reading,,﻿PA,,﻿40.330063,-75.928511,,,,,,,,,,﻿child,"﻿girls, 100",﻿Sisters of the Immaculate Heart of Mary,"﻿Sisters, Servants of the Immaculate Heart of Mary",1866,﻿,﻿,﻿Philadelphia,Philadelphia
﻿phi.pa.0044_02,﻿school,[Unnamed Institution],English,"﻿boys under the charge of a male teacher, girls under the charge of the Sisters of the Immaculate Heart of Mary",﻿St. Paul's,,,,﻿Reading,,﻿PA,,﻿40.338104,-75.919816,,,,,,,,,,﻿child,"﻿boys, 120",﻿Sisters of the Immaculate Heart of Mary,"﻿Sisters, Servants of the Immaculate Heart of Mary",1866,﻿,﻿,﻿Philadelphia,Philadelphia
﻿phi.pa.0044_02,﻿school,[Unnamed Institution],English,"﻿boys under the charge of a male teacher, girls under the charge of the Sisters of the Immaculate Heart of Mary",﻿St. Paul's,,,,﻿Reading,,﻿PA,,﻿40.338104,-75.919816,,,,,,,,,,﻿child,"﻿girls, 200",﻿Sisters of the Immaculate Heart of Mary,,1866,﻿,﻿,﻿Philadelphia,Philadelphia
﻿phi.pa.0048_02,﻿school,[Unnamed Institution],English,﻿boys under a male teacher; girls under a female teacher,,,﻿Berks Co.,,﻿Churchville,,﻿PA,,﻿40.2030643,-74.9968543,,,,,,,,,,﻿child,"﻿boys, 50",,,1866,﻿,﻿,﻿Philadelphia,Philadelphia
﻿phi.pa.0048_02,﻿school,[Unnamed Institution],English,﻿boys under a male teacher; girls under a female teacher,,,﻿Berks Co.,,﻿Churchville,,﻿PA,,﻿40.2030643,-74.9968543,,,,,,,,,,﻿child,"﻿girls, 60",,,1866,﻿,﻿,﻿Philadelphia,Philadelphia
﻿har.pa.0017_02,﻿school,[Unnamed Institution],English,﻿under one lay teacher,﻿St. Patrick's,,,,﻿York,,﻿PA,,﻿39.962598,-76.727745,,,,,,,,,,﻿student,"﻿boys and girls, 50",,,1866,﻿,﻿,﻿Philadelphia,Philadelphia
﻿har.pa.0018_02,﻿school,[Unnamed Institution],English,﻿under a lay teacher,﻿Immaculate Conception,,,,﻿York,,﻿PA,,﻿39.962598,-76.727745,,,,,,,,,,﻿student,"﻿boys and girls, 79",,,1866,﻿,﻿,﻿Philadelphia,Philadelphia
﻿har.pa.0032_02,﻿school,[Unnamed Institution],English,﻿under a religious teacher,﻿Corpus Christi,,,,﻿Chambersburg,,﻿PA,,﻿39.937591,-77.661102,,,,,,,,,,﻿child,"﻿boys, 70",,,1866,﻿,﻿,﻿Philadelphia,Philadelphia
﻿har.pa.0032_02,﻿school,[Unnamed Institution],English,﻿under a religious teacher,﻿Corpus Christi,,,,﻿Chambersburg,,﻿PA,,﻿39.937591,-77.661102,,,,,,,,,,﻿child,"﻿girls, 70",,,1866,﻿,﻿,﻿Philadelphia,Philadelphia
﻿phi.pa.0111_02,﻿school,[Unnamed Institution],English,﻿under a male teacher,﻿St. Joseph's,,,,﻿Easton,,﻿PA,,﻿40.688432,-75.220732,,,,,,,,,,﻿child,"﻿boys, 64",,,1866,﻿,﻿,﻿Philadelphia,Philadelphia
﻿phi.pa.0111_02,﻿school,[Unnamed Institution],English,﻿under a male teacher,﻿St. Joseph's,,,,﻿Easton,,﻿PA,,﻿40.688432,-75.220732,,,,,,,,,,﻿child,"﻿girls, 44",,,1866,﻿,﻿,﻿Philadelphia,Philadelphia
﻿phi.pa.0059_02,﻿school,[Unnamed Institution],English,"﻿boys, under a lay teacher; girls, under a female teacher",﻿Immaculate Conception,,,,﻿Mauch Chunk,,﻿PA,,﻿40.875924,-75.732413,,,,,,,,,,﻿child,"﻿boys, 84",,,1866,﻿,﻿,﻿Philadelphia,Philadelphia
﻿phi.pa.0059_02,﻿school,[Unnamed Institution],English,"﻿boys, under a lay teacher; girls, under a female teacher",﻿Immaculate Conception,,,,﻿Mauch Chunk,,﻿PA,,﻿40.875924,-75.732413,,,,,,,,,,﻿child,"﻿girls, 125",,,1866,﻿,﻿,﻿Philadelphia,Philadelphia
﻿phi.pa.0068_02,﻿school,[Unnamed Institution],English,"﻿boys, under the care of the Pastor and assistants; girls, under female teachers",﻿St. Joseph's,,,,﻿Summit Hill,,﻿PA,,﻿40.824472,-75.880603,,,,,,,,,,﻿child,"﻿boys, 100",,,1866,﻿,﻿,﻿Philadelphia,Philadelphia
﻿phi.pa.0068_02,﻿school,[Unnamed Institution],English,"﻿boys, under the care of the Pastor and assistants; girls, under female teachers",﻿St. Joseph's,,,,﻿Summit Hill,,﻿PA,,﻿40.824472,-75.880603,,,,,,,,,,﻿child,"﻿girls, 120",,,1866,﻿,﻿,﻿Philadelphia,Philadelphia
﻿phi.pa.0119_02,﻿school,[Unnamed Institution],English,﻿under the care of the Sisters of St. Joseph,﻿St. Patrick's,,,,﻿Pottsville,,﻿PA,,﻿40.685646,-76.195499,,,,,,,,,,﻿child,"﻿girls, 200",﻿Sisters of St. Joseph,,1866,﻿,﻿,﻿Philadelphia,Philadelphia
﻿phi.pa.0120_02,﻿school,[Unnamed Institution],English,﻿under one lay teacher,﻿St. John's,,,,﻿Pottsville,,﻿PA,,﻿40.680729,-76.201355,,,,,,,,,,﻿child,"﻿boys, 70",,,1866,﻿,﻿,﻿Philadelphia,Philadelphia
﻿phi.pa.0120_02,﻿school,[Unnamed Institution],English,﻿under one lay teacher,﻿St. John's,,,,﻿Pottsville,,﻿PA,,﻿40.680729,-76.201355,,,,,,,,,,﻿child,"﻿girls, 80",,,1866,﻿,﻿,﻿Philadelphia,Philadelphia
﻿phi.pa.0241_02,﻿school,[Unnamed Institution],English,﻿under a lay teacher,﻿St. Boniface's,,,,﻿St. Clair,,﻿PA,,﻿40.715991,-76.201017,,,,,,,,,,﻿child,"﻿boys, 50",,,1866,﻿,﻿,﻿Philadelphia,Philadelphia
﻿phi.pa.0241_02,﻿school,[Unnamed Institution],English,﻿under a lay teacher,﻿St. Boniface's,,,,﻿St. Clair,,﻿PA,,﻿40.715991,-76.201017,,,,,,,,,,﻿child,"﻿girls, 50",,,1866,﻿,﻿,﻿Philadelphia,Philadelphia
﻿phi.pa.0134_02,﻿school,[Unnamed Institution],English,"﻿boys, under one male teacher; girls, under a female teacher",﻿St. Maurice's,,,,﻿Ashland,,﻿PA,,﻿40.781754,-76.345782,,,,,,,,,,﻿child,"﻿boys, 52",,,1866,﻿,﻿,﻿Philadelphia,Philadelphia
﻿phi.pa.0134_02,﻿school,[Unnamed Institution],English,"﻿boys, under one male teacher; girls, under a female teacher",﻿St. Maurice's,,,,﻿Ashland,,﻿PA,,﻿40.781754,-76.345782,,,,,,,,,,﻿child,"﻿girls, 58",,,1866,﻿,﻿,﻿Philadelphia,Philadelphia
﻿har.pa.0041_02,﻿school,[Unnamed Institution],English,﻿under a lay teacher,﻿St. John's,,,,﻿Bellefonte,,﻿PA,,﻿40.910678,-77.776185,,,,,,,,,,﻿child,"﻿boys, 30",,,1866,﻿,﻿,﻿Philadelphia,Philadelphia
﻿har.pa.0041_02,﻿school,[Unnamed Institution],English,﻿under a lay teacher,﻿St. John's,,,,﻿Bellefonte,,﻿PA,,﻿40.910678,-77.776185,,,,,,,,,,﻿child,"﻿girls, 35",,,1866,﻿,﻿,﻿Philadelphia,Philadelphia
﻿scr.pa.0105_02,﻿school,[Unnamed Institution],English,"﻿boys, under a lay teacher; girls, under a female teacher",﻿Immaculate Conception,,,,﻿Wilkesbarre,,﻿PA,,﻿41.24114,-75.884236,,,,,,,,,,﻿child,"﻿boys, 40",,,1866,﻿,﻿,﻿Philadelphia,Philadelphia
﻿scr.pa.0105_02,﻿school,[Unnamed Institution],English,"﻿boys, under a lay teacher; girls, under a female teacher",﻿Immaculate Conception,,,,﻿Wilkesbarre,,﻿PA,,﻿41.24114,-75.884236,,,,,,,,,,﻿child,"﻿girls, 30",,,1866,﻿,﻿,﻿Philadelphia,Philadelphia
﻿scr.pa.0009_02,﻿school,[Unnamed Institution],English,﻿under a lay teacher,﻿St. Nicholas',,,,﻿Wilkesbarre,,﻿PA,,﻿41.24114,-75.884236,,,,,,,,,,﻿child,"﻿boys, 60",,,1866,﻿,﻿,﻿Philadelphia,Philadelphia
﻿scr.pa.0009_02,﻿school,[Unnamed Institution],English,﻿under a lay teacher,﻿St. Nicholas',,,,﻿Wilkesbarre,,﻿PA,,﻿41.24114,-75.884236,,,,,,,,,,﻿child,"﻿girls, 70",,,1866,﻿,﻿,﻿Philadelphia,Philadelphia
﻿scr.pa.0001_02,﻿school,[Unnamed Institution],English,﻿under lay teachers,﻿St. Vincent's,,,,﻿Scranton,,﻿PA,,﻿41.408969,-75.662412,,,,,,,,,,﻿child,"﻿boys, 130",,,1866,﻿,﻿,﻿Philadelphia,Philadelphia
﻿scr.pa.0001_02,﻿school,[Unnamed Institution],English,﻿under lay teachers,﻿St. Vincent's,,,,﻿Scranton,,﻿PA,,﻿41.408969,-75.662412,,,,,,,,,,﻿child,"﻿girls, 150",,,1866,﻿,﻿,﻿Philadelphia,Philadelphia
﻿scr.pa.0006_02,﻿school,[Unnamed Institution],English,﻿under Sisters of the Immaculate Conception,﻿St. John's,,,,﻿Pittston,,﻿PA,,﻿41.322732,-75.788943,,,,,,,,,,﻿child,"﻿girls, 75",﻿Sisters of the Immaculate Conception,"﻿Sisters, Servants of the Immaculate Heart of Mary",1866,﻿,﻿,﻿Philadelphia,Philadelphia
﻿scr.pa.0022_02,﻿school,[Unnamed Institution],English,﻿under a lay teacher,﻿St. Mary's,,,,﻿Honesdale,,﻿PA,,﻿41.576755,-75.258787,,,,,,,,,,﻿child,"﻿boys, 50",,,1866,﻿,﻿,﻿Philadelphia,Philadelphia
﻿scr.pa.0022_02,﻿school,[Unnamed Institution],English,﻿under a lay teacher,﻿St. Mary's,,,,﻿Honesdale,,﻿PA,,﻿41.576755,-75.258787,,,,,,,,,,﻿child,"﻿girls, 55",,,1866,﻿,﻿,﻿Philadelphia,Philadelphia
﻿scr.pa.0026_02,﻿school,[Unnamed Institution],English,﻿under one lay teacher,﻿St. Philomena's,,,,﻿Hawley,,﻿PA,,﻿41.475922,-75.182119,,,,,,,,,,﻿child,"﻿boys, 50",,,1866,﻿,﻿,﻿Philadelphia,Philadelphia
﻿scr.pa.0026_02,﻿school,[Unnamed Institution],English,﻿under one lay teacher,﻿St. Philomena's,,,,﻿Hawley,,﻿PA,,﻿41.475922,-75.182119,,,,,,,,,,﻿child,"﻿girls, 60",,,1866,﻿,﻿,﻿Philadelphia,Philadelphia
﻿scr.pa.0049_02,﻿school,[Unnamed Institution],English,﻿under one lay teacher,﻿St. Peter and St. Paul's,,,,﻿Towanda,,﻿PA,,﻿41.770512,-76.445547,,,,,,,,,,﻿child,"﻿boys, 40",,,1866,﻿,﻿,﻿Philadelphia,Philadelphia
﻿scr.pa.0049_02,﻿school,[Unnamed Institution],English,﻿under one lay teacher,﻿St. Peter and St. Paul's,,,,﻿Towanda,,﻿PA,,﻿41.770512,-76.445547,,,,,,,,,,﻿child,"﻿girls, 30",,,1866,﻿,﻿,﻿Philadelphia,Philadelphia
﻿wil.de.0001_02,﻿school,[Unnamed Institution],English,"﻿boys under a lay teacher, girls under the Sisters of Charity",﻿St. Peter's,,,,﻿Wilmington,,﻿DE,,﻿39.744655,-75.548391,,,,,,,,,,﻿child,"﻿boys, 140",﻿Sisters of Charity,,1866,﻿,﻿,﻿Philadelphia,Philadelphia
﻿wil.de.0001_02,﻿school,[Unnamed Institution],English,"﻿boys under a lay teacher, girls under the Sisters of Charity",﻿St. Peter's,,,,﻿Wilmington,,﻿DE,,﻿39.744655,-75.548391,,,,,,,,,,﻿child,"﻿girls, 207",﻿Sisters of Charity,,1866,﻿,﻿,﻿Philadelphia,Philadelphia
﻿wil.de.0005_02,﻿school,[Unnamed Institution],English,﻿under the care of the Sisters of St. Joseph,﻿St. Joseph's,,,,﻿Brandywine,,﻿DE,,﻿39.829556,-75.534368,,,,,,,,,,﻿child,"﻿boys, 90",﻿Sisters of St. Joseph,,1866,﻿,﻿,﻿Philadelphia,Philadelphia
﻿wil.de.0005_02,﻿school,[Unnamed Institution],English,﻿under the care of the Sisters of St. Joseph,﻿St. Joseph's,,,,﻿Brandywine,,﻿DE,,﻿39.829556,-75.534368,,,,,,,,,,﻿child,"﻿girls, 100",﻿Sisters of St. Joseph,,1866,﻿,﻿,﻿Philadelphia,Philadelphia
﻿phi.pa.0153_03,﻿house,﻿House of the Good Shepherd,English,﻿The object of this institution is to afford a retreat to unfortunate females who wish to reform. It is conducted by the religious of the Good Shepherd.,"﻿Twenty-second street, between Walnut and Sansom",,,,﻿Philadelphia,,﻿PA,,﻿39.95401,-75.176665,,,,﻿m-of-st-boniface_wil.de_001,﻿Mother,﻿Mary of St. Boniface,,﻿Superioress,,﻿religious,"﻿number of Magdalens, 29",﻿conducted by the religious of the Good Shepherd,﻿Congregation of Our Lady of Charity of the Good Shepherd,1866,﻿,﻿,﻿Philadelphia,Philadelphia
﻿phi.pa.0153_03,﻿house,﻿House of the Good Shepherd,English,﻿The object of this institution is to afford a retreat to unfortunate females who wish to reform. It is conducted by the religious of the Good Shepherd.,"﻿Twenty-second street, between Walnut and Sansom",,,,﻿Philadelphia,,﻿PA,,﻿39.95401,-75.176665,,,,,,,,,,﻿layperson,"﻿number of penitents, 140",﻿conducted by the religious of the Good Shepherd,,1866,﻿,﻿,﻿Philadelphia,Philadelphia
﻿phi.pa.0244,﻿hospital,﻿St. Joseph's Hospital,English,﻿under the charge of twelve Sisters of Charity,"﻿Girard avenue, between Sixteenth and Seventeenth streets (P.O. address, Box 3203)",,,,﻿Philadelphia,,﻿PA,,﻿39.971298,-75.127073,,,,﻿hilary_phi.pa_001,﻿Sister,﻿Hilary,,﻿Sister-Servant,,﻿patient,"﻿Number of patients, under 100",﻿under the charge of twelve Sisters of Charity,,1866,﻿,﻿,﻿Philadelphia,Philadelphia
﻿phi.pa.0303,﻿hospital,﻿St. Francis of Assisium Hospital,English,﻿under the charge of eight Sisters of the Third Order of St. Francis,﻿corner of Fourth street and Girard avenue,,,,﻿Philadelphia,,﻿PA,,﻿39.9528,-75.1636,,,,﻿m-walburga_phi.pa_001,﻿Sister,﻿Mary Walburga,,﻿Superioress,,﻿patient,"﻿Number of patients, 20",﻿Sisters of the Third Order of St. Francis,﻿Sisters of the Third Order of St. Francis,1866,﻿,﻿,﻿Philadelphia,Philadelphia
﻿phi.pa.0255,﻿asylum,﻿St. Joseph's Female Orphan Asylum,English,﻿under the charge of eight Sisters of Charity,﻿south-west corner of Seventh and Spruce streets,,,,﻿Philadelphia,,﻿PA,,﻿39.94542,-75.153649,,,,﻿gonzaga_phi.pa_001,﻿Sister,﻿Gonzaga,,﻿Sister-Servant,,﻿child,"﻿Number of orphans, 130",﻿under charge of eight Sisters of Charity,,1866,﻿,﻿,﻿Philadelphia,Philadelphia
﻿phi.pa.0252,﻿house,﻿Asylum for Girls,English,﻿Catholic Home; under the charge of the Sisters of St. Joseph,﻿in Summer street (Catholic Home),,,,﻿Philadelphia,,﻿PA,,﻿39.956755,-75.168484,,,,﻿seraphine_phi.pa_001,﻿Sister,﻿Seraphine,,﻿Superioress,,﻿child,"﻿Number of orphans, 25",﻿Sisters of St. Joseph,,1866,﻿,﻿,﻿Philadelphia,Philadelphia
﻿phi.pa.0028_02,﻿asylum,﻿St. John's Male Orphan Asylum,English,﻿under the charge of sixteen Sisters of St. Joseph,,,,,﻿West-Philadelphia,,﻿PA,,﻿39.971123,-75.217482,,,,﻿m-apollonia_phi.pa_001,﻿Sister,﻿Mary Apollonia,,﻿Superioress,,﻿child,"﻿Number of orphans, 328",﻿under the charge of sixteen Sisters of St. Joseph,,1866,﻿,﻿,﻿Philadelphia,Philadelphia
﻿phi.pa.0028_02,﻿asylum,﻿St. John's Male Orphan Asylum,English,﻿under the charge of sixteen Sisters of St. Joseph,,,,,﻿West-Philadelphia,,﻿PA,,﻿39.971123,-75.217482,,,,﻿fra_a_sharkey_001,﻿Rev.,﻿Francis A. Sharkey,,﻿Chaplain,,﻿child,"﻿Number of orphans, 328",﻿under the charge of sixteen Sisters of St. Joseph,,1866,﻿,﻿,﻿Philadelphia,Philadelphia
﻿phi.pa.0253,﻿house,﻿St. Vincent's Home,English,"﻿One hundred destitute children, from eighteen months to five years old, under the charge of seven Sisters of Charity, are supported by voluntary contributions.",﻿Eighteenth and Wood streets,,,,﻿Philadelphia,,﻿PA,,﻿39.958191,-75.157013,,,,﻿m-joseph_phi.pa_001,﻿Sister,﻿Mary Joseph,,﻿Sister-Servant,,﻿child,"﻿one hundred destitute children, from eighteen months to five years old",﻿under the charge of seven Sisters of Charity,,1866,﻿,﻿,﻿Philadelphia,Philadelphia
﻿phi.pa.0257,﻿asylum,﻿St. Vincent's Orphan Asylum,English,﻿for Catholic German orphans,"﻿Tacony, Twenty-third ward",,,,﻿Philadelphia,,﻿PA,,﻿40.02518,-75.044722,,,,﻿m-regina_phi.pa_001,﻿Sister,﻿Mary Regina,,﻿Superioress,,﻿child,"﻿Number of orphans, 128",﻿under the care of ten School Sisters of Notre Dame,,1866,﻿,﻿,﻿Philadelphia,Philadelphia
﻿phi.pa.0257,﻿asylum,﻿St. Vincent's Orphan Asylum,English,﻿for Catholic German orphans,"﻿Tacony, Twenty-third ward",,,,﻿Philadelphia,,﻿PA,,﻿40.02518,-75.044722,,,,,,,,,,﻿teacher,﻿Day-school attended by 50 scholars,﻿under the care of ten School Sisters of Notre Dame,,1866,﻿,﻿,﻿Philadelphia,Philadelphia
﻿phi.pa.0259,﻿asylum,﻿St. Ann's Widows' Asylum,English,﻿Under the care of                 .,"﻿Second street, below Christian",,,,,,﻿PA,,﻿39.935985,-75.14695,,,,,,,,,,﻿patient,"﻿Number of inmates, 38",,,1866,﻿,﻿,﻿Philadelphia,Philadelphia
﻿phi.pa.0293,﻿asylum,﻿St. Peter's Orphan Asylum,English,,﻿corner of Sixth and West streets,,,,﻿Wilmington,,﻿DE,,﻿39.74.3155,-75.553313,,,,﻿m-kostka_phi.pa_001,﻿Sister,﻿Mary Kostka,,﻿Sister-Servant,,﻿child,"﻿Number of orphans, about 30",﻿under the charge of the Sisters of Charity,,1866,﻿,﻿,﻿Philadelphia,Philadelphia
﻿phi.pa.0293,﻿asylum,﻿St. Peter's Orphan Asylum,English,,﻿corner of Sixth and West streets,,,,﻿Wilmington,,﻿DE,,﻿39.9359846,-75.14695039,,,,,,,,,,﻿child,"﻿Number of orphans, about 30",﻿under the charge of the Sisters of Charity,,1866,﻿,﻿,﻿Philadelphia,Philadelphia
