instID,church_type,instName,language,instNote,placeName,region,county_orig,county_reg,city_orig,city_reg,state_orig,state_reg,latitude,longitude,attendingInstID,attendingChurch,attendingChurchFrequency,persID,persTitle,persName,persSuffix,persRole,persNote,memberType,member,affiliated,order,year,attendingPersID,attendingChurchNote,diocese,diocese_reg
﻿phi.pa.0001,﻿cathedral,﻿Cathedral of St. Peter and St. Paul,English,"﻿Residence of Right Reverend Bishop and Reverend Clergy, No. 225 North-Eighteenth street, adjoining the Cathedral","﻿Eighteenth street, opposite Logan Square",,,,﻿Philadelphia,﻿Philadelphia,﻿PA,,39.959049,-75.17614,,,,﻿jam_f_wood_001,﻿Rt. Rev.,﻿James F. Wood,﻿D.D.,,,,,,,1867,﻿,﻿,﻿Philadelphia,Philadelphia
﻿phi.pa.0001,﻿cathedral,﻿Cathedral of St. Peter and St. Paul,English,"﻿Residence of Right Reverend Bishop and Reverend Clergy, No. 225 North-Eighteenth street, adjoining the Cathedral","﻿Eighteenth street, opposite Logan Square",,,,﻿Philadelphia,﻿Philadelphia,﻿PA,,39.959049,-75.17614,,,,﻿aug_j_mcconomy_001,﻿Rev.,﻿Augustin J. McConomy,,﻿Chancellor and Secretary,,,,,,1867,﻿,﻿,﻿Philadelphia,Philadelphia
﻿phi.pa.0001,﻿cathedral,﻿Cathedral of St. Peter and St. Paul,English,"﻿Residence of Right Reverend Bishop and Reverend Clergy, No. 225 North-Eighteenth street, adjoining the Cathedral","﻿Eighteenth street, opposite Logan Square",,,,﻿Philadelphia,﻿Philadelphia,﻿PA,,39.959049,-75.17614,,,,﻿jam_oreilly_002,﻿Rev.,﻿James O'Reilly,,,,,,,,1867,﻿,﻿,﻿Philadelphia,Philadelphia
﻿phi.pa.0001,﻿cathedral,﻿Cathedral of St. Peter and St. Paul,English,"﻿Residence of Right Reverend Bishop and Reverend Clergy, No. 225 North-Eighteenth street, adjoining the Cathedral","﻿Eighteenth street, opposite Logan Square",,,,﻿Philadelphia,﻿Philadelphia,﻿PA,,39.959049,-75.17614,,,,﻿joh_j_elcock_001,﻿Rev.,﻿John J. Elcock,,,,,,,,1867,﻿,﻿,﻿Philadelphia,Philadelphia
﻿phi.pa.0001,﻿cathedral,﻿Cathedral of St. Peter and St. Paul,English,"﻿Residence of Right Reverend Bishop and Reverend Clergy, No. 225 North-Eighteenth street, adjoining the Cathedral","﻿Eighteenth street, opposite Logan Square",,,,﻿Philadelphia,﻿Philadelphia,﻿PA,,39.959049,-75.17614,,,,﻿fra_p_oneill_001,﻿Rev.,﻿Francis P. O'Neil,,,,,,,,1867,﻿,﻿,﻿Philadelphia,Philadelphia
﻿phi.pa.0001_02,﻿chapel,﻿Cathedral Chapel,English,,﻿Sumner street,,,,﻿Philadelphia,﻿Philadelphia,﻿PA,,39.959049,-75.17614,﻿phi.pa.0001,﻿Attended by the Rev. Clergy of the Cathedral,,,,,,,,,,,,1867,﻿,﻿,﻿Philadelphia,Philadelphia
﻿phi.pa.0004,﻿church,﻿St. John the Evangelist,English,﻿Mass is said in the basement on Sundays and holy days for children,"﻿Thirteenth street, above Chestnut",,,,﻿Philadelphia,﻿Philadelphia,﻿PA,,39.951217,-75.161413,,,,﻿joh_p_dunn_001,﻿Rev.,﻿John Patrick Dunn,,﻿Pastor,,,,,,1867,﻿,﻿,﻿Philadelphia,Philadelphia
﻿phi.pa.0004,﻿church,﻿St. John the Evangelist,English,﻿Mass is said in the basement on Sundays and holy days for children,"﻿Thirteenth street, above Chestnut",,,,﻿Philadelphia,﻿Philadelphia,﻿PA,,39.951217,-75.161413,,,,﻿pat_r_oreilly_001,﻿Rev.,﻿Patrick R. O'Reilly,,,,,,,,1867,﻿,﻿,﻿Philadelphia,Philadelphia
﻿phi.pa.0004,﻿church,﻿St. John the Evangelist,English,﻿Mass is said in the basement on Sundays and holy days for children,"﻿Thirteenth street, above Chestnut",,,,﻿Philadelphia,﻿Philadelphia,﻿PA,,39.951217,-75.161413,,,,﻿jam_j_fitzmaurice_001,﻿Rev.,﻿James Fitzmaurice,,,,,,,,1867,﻿,﻿,﻿Philadelphia,Philadelphia
﻿phi.pa.0005,﻿church,﻿St. Mary's,English,"﻿Residence, 264 South-Fourth street","﻿Fourth street, above Spruce",,,,﻿Philadelphia,﻿Philadelphia,﻿PA,,39.94551,-75.148423,,,,﻿geo_strobel_001,﻿Rev.,﻿George Strobel,,﻿Pastor,,,,,,1867,﻿,﻿,﻿Philadelphia,Philadelphia
﻿phi.pa.0005,﻿church,﻿St. Mary's,English,"﻿Residence, 264 South-Fourth street","﻿Fourth street, above Spruce",,,,﻿Philadelphia,﻿Philadelphia,﻿PA,,39.94551,-75.148423,,,,﻿tho_marron_001,﻿Rev.,﻿Thomas Marron,,,,,,,,1867,﻿,﻿,﻿Philadelphia,Philadelphia
﻿phi.pa.0006,﻿church,﻿St. Joseph's,English,,"﻿Willing's alley, between Third and Fourth streets",,,,﻿Philadelphia,﻿Philadelphia,﻿PA,,39.972826,-75.165064,,,,﻿fel_j_barbelin_001,﻿Rev.,﻿Felix J. Barbelin,﻿S.J.,﻿Superior,,,,,﻿Society of Jesus,1867,﻿,﻿,﻿Philadelphia,Philadelphia
﻿phi.pa.0006,﻿church,﻿St. Joseph's,English,,"﻿Willing's alley, between Third and Fourth streets",,,,﻿Philadelphia,﻿Philadelphia,﻿PA,,39.972826,-75.165064,,,,﻿pet_j_blenkinsop_001,﻿Rev.,﻿Peter J. Blenkinsop,﻿S.J.,,,,,,,1867,﻿,﻿,﻿Philadelphia,Philadelphia
﻿phi.pa.0006,﻿church,﻿St. Joseph's,English,,"﻿Willing's alley, between Third and Fourth streets",,,,﻿Philadelphia,﻿Philadelphia,﻿PA,,39.972826,-75.165064,,,,﻿fra_di-maria_001,﻿Rev.,﻿Francis Di Maria,﻿S.J.,,,,,,,1867,﻿,﻿,﻿Philadelphia,Philadelphia
﻿phi.pa.0006,﻿church,﻿St. Joseph's,English,,"﻿Willing's alley, between Third and Fourth streets",,,,﻿Philadelphia,﻿Philadelphia,﻿PA,,39.972826,-75.165064,,,,﻿jos_ardia_001,﻿Rev.,﻿Joseph Ardia,﻿S.J.,,,,,,,1867,﻿,﻿,﻿Philadelphia,Philadelphia
﻿phi.pa.0006,﻿church,﻿St. Joseph's,English,,"﻿Willing's alley, between Third and Fourth streets",,,,﻿Philadelphia,﻿Philadelphia,﻿PA,,39.972826,-75.165064,,,,﻿p_a_jordan_001,﻿Rev.,﻿P. Aloysius Jordan,﻿S.J.,,,,,,,1867,﻿,﻿,﻿Philadelphia,Philadelphia
﻿phi.pa.0007,﻿church,﻿St. Augustine's,English,"﻿Residence, 243 Crown street","﻿Fourth street, below Vine street",,,,﻿Philadelphia,﻿Philadelphia,﻿PA,,39.955545,-75.146738,,,,﻿p_e_moriarty_001,﻿Very Rev.,﻿P. E. Moriarty,"﻿D.D., O.S.A.","﻿Com. Gen. O.S.A., Pastor",,,,,﻿Order of St. Augustine,1867,﻿,﻿,﻿Philadelphia,Philadelphia
﻿phi.pa.0007,﻿church,﻿St. Augustine's,English,"﻿Residence, 243 Crown street","﻿Fourth street, below Vine street",,,,﻿Philadelphia,﻿Philadelphia,﻿PA,,39.955545,-75.146738,,,,﻿p_a_stanton_001,﻿Very Rev.,﻿P. A. Stanton,﻿O.S.A.,,,,,,,1867,﻿,﻿,﻿Philadelphia,Philadelphia
﻿phi.pa.0007,﻿church,﻿St. Augustine's,English,"﻿Residence, 243 Crown street","﻿Fourth street, below Vine street",,,,﻿Philadelphia,﻿Philadelphia,﻿PA,,39.955545,-75.146738,,,,﻿mar_crane_001,﻿Rev.,﻿Mark Crane,﻿O.S.A.,,,,,,,1867,﻿,﻿,﻿Philadelphia,Philadelphia
﻿phi.pa.0007,﻿church,﻿St. Augustine's,English,"﻿Residence, 243 Crown street","﻿Fourth street, below Vine street",,,,﻿Philadelphia,﻿Philadelphia,﻿PA,,39.955545,-75.146738,,,,﻿pet_crane_001,﻿Rev.,﻿Peter Crane,﻿O.S.A.,,,,,,,1867,﻿,﻿,﻿Philadelphia,Philadelphia
﻿phi.pa.0009,﻿church,﻿Holy Trinity,English,"﻿Residence, 617 Spruce street",﻿corner Sixth and Spruce streets,,,,﻿Philadelphia,,﻿PA,,39.945571,-75.151949,,,,﻿pet_m_carbon_001,﻿Rev.,﻿Peter M. Carbon,,﻿Pastor,﻿Secretary for the Germans,,,,,1867,﻿,﻿,﻿Philadelphia,Philadelphia
﻿phi.pa.0010,﻿church,﻿St. Michael's,English,"﻿Residence, 1425 North-Second street","﻿Second street above Master, Kensington",,,,﻿Philadelphia,,﻿PA,,39.973891,-75.13849,,,,﻿mau_a_walsh_001,﻿Rev.,﻿Maurice A. Walsh,,﻿Pastor,,,,,,1867,﻿,﻿,﻿Philadelphia,Philadelphia
﻿phi.pa.0010,﻿church,﻿St. Michael's,English,"﻿Residence, 1425 North-Second street","﻿Second street above Master, Kensington",,,,﻿Philadelphia,,﻿PA,,39.973891,-75.13849,,,,﻿tho_w_power_001,﻿Rev.,﻿Thomas W. Power,,,,,,,,1867,﻿,﻿,﻿Philadelphia,Philadelphia
﻿phi.pa.0010,﻿church,﻿St. Michael's,English,"﻿Residence, 1425 North-Second street","﻿Second street above Master, Kensington",,,,﻿Philadelphia,,﻿PA,,39.973891,-75.13849,,,,﻿pat_tracy_001,﻿Rev.,﻿Patrick Tracy,,,,,,,,1867,﻿,﻿,﻿Philadelphia,Philadelphia
﻿phi.pa.0011,﻿church,﻿St. Francis Xavier's,English,"﻿Residence, Twenty-fifth street, near Biddle",﻿Twenty-fifth and Biddle streets,,,,﻿Philadelphia,﻿Philadelphia,﻿PA,,39.966111,-75.176701,,,,﻿jam_f_maginn_001,﻿Rev.,﻿James Maginn,,﻿Pastor,,,,,,1867,﻿,﻿,﻿Philadelphia,Philadelphia
﻿phi.pa.0011,﻿church,﻿St. Francis Xavier's,English,"﻿Residence, Twenty-fifth street, near Biddle",﻿Twenty-fifth and Biddle streets,,,,﻿Philadelphia,﻿Philadelphia,﻿PA,,39.966111,-75.176701,,,,﻿joh_monahan_001,﻿Rev.,﻿John Monahan,,,,,,,,1867,﻿,﻿,﻿Philadelphia,Philadelphia
﻿phi.pa.0012,﻿church,﻿St. Philip de Neri's,English,"﻿Residence, 228 Queen street.","﻿Queen street, below Third",,,,﻿Philadelphia,﻿Philadelphia,﻿PA,,39.937871,-75.144886,,,,﻿nic_cantwell_001,﻿Rev.,﻿Nicholas Cantwell,,﻿Pastor,,,,,,1867,﻿,﻿,﻿Philadelphia,Philadelphia
﻿phi.pa.0012,﻿church,﻿St. Philip de Neri's,English,"﻿Residence, 228 Queen street.","﻿Queen street, below Third",,,,﻿Philadelphia,﻿Philadelphia,﻿PA,,39.937871,-75.144886,,,,﻿tho_f_hopkins_001,﻿Rev.,﻿Thomas F. Hopkins,,,,,,,,1867,﻿,﻿,﻿Philadelphia,Philadelphia
﻿phi.pa.0012,﻿church,﻿St. Philip de Neri's,English,"﻿Residence, 228 Queen street.","﻿Queen street, below Third",,,,﻿Philadelphia,﻿Philadelphia,﻿PA,,39.937871,-75.144886,,,,﻿jam_p_martin_001,﻿Rev.,﻿James Martin,,,,,,,,1867,﻿,﻿,﻿Philadelphia,Philadelphia
﻿phi.pa.0013,﻿church,﻿St. Patrick's,English,"﻿Residence, Twentieth and Locust street","﻿Twentieth street, below Locust",,,,﻿Philadelphia,﻿Philadelphia,﻿PA,,39.948982,-75.174306,,,,﻿wil_ohara_001,﻿Very Rev.,﻿William O'Hara,"﻿D.D., V.G.",﻿Pastor,,,,,,1867,﻿,﻿,﻿Philadelphia,Philadelphia
﻿phi.pa.0013,﻿church,﻿St. Patrick's,English,"﻿Residence, Twentieth and Locust street","﻿Twentieth street, below Locust",,,,﻿Philadelphia,﻿Philadelphia,﻿PA,,39.948982,-75.174306,,,,﻿pet_p_mcgrane_001,﻿Rev.,﻿Peter McGrane,,,,,,,,1867,﻿,﻿,﻿Philadelphia,Philadelphia
﻿phi.pa.0013,﻿church,﻿St. Patrick's,English,"﻿Residence, Twentieth and Locust street","﻿Twentieth street, below Locust",,,,﻿Philadelphia,﻿Philadelphia,﻿PA,,39.948982,-75.174306,,,,﻿jam_e_mulholland_001,﻿Rev.,﻿James E. Mulholland,,,,,,,,1867,﻿,﻿,﻿Philadelphia,Philadelphia
﻿phi.pa.0014,﻿church,﻿St. Paul's,English,"﻿Residence, 808 Lebanon street","﻿Christian street, above Ninth",,,,﻿Philadelphia,﻿Philadelphia,﻿PA,,39.939273,-75.158792,,,,﻿pat_f_sheridan_001,﻿Rev.,﻿P. F. Sheridan,,﻿Pastor,,,,,,1867,﻿,﻿,﻿Philadelphia,Philadelphia
﻿phi.pa.0014,﻿church,﻿St. Paul's,English,"﻿Residence, 808 Lebanon street","﻿Christian street, above Ninth",,,,﻿Philadelphia,﻿Philadelphia,﻿PA,,39.939273,-75.158792,,,,﻿pet_f_sullivan_001,﻿Rev.,﻿Peter F. Sullivan,,,,,,,,1867,﻿,﻿,﻿Philadelphia,Philadelphia
﻿phi.pa.0014,﻿church,﻿St. Paul's,English,"﻿Residence, 808 Lebanon street","﻿Christian street, above Ninth",,,,﻿Philadelphia,﻿Philadelphia,﻿PA,,39.939273,-75.158792,,,,﻿pat_blacker_001,﻿Rev.,﻿Patrick Blacker,,,,,,,,1867,﻿,﻿,﻿Philadelphia,Philadelphia
﻿phi.pa.0015,﻿church,﻿St. Peter's,English,﻿Residence Fifth and Girard Avenue,﻿Fifth and Girard avenue,,,,﻿Philadelphia,﻿Philadelphia,﻿PA,,39.969953,-75.144842,,,,﻿joh_de-dyker_001,﻿Rev.,﻿John De Dycker,﻿C.SS.R.,﻿Rector,,,,,﻿Congregation of the Most Holy Redeemer,1867,﻿,﻿,﻿Philadelphia,Philadelphia
﻿phi.pa.0015,﻿church,﻿St. Peter's,English,﻿Residence Fifth and Girard Avenue,﻿Fifth and Girard avenue,,,,﻿Philadelphia,﻿Philadelphia,﻿PA,,39.969953,-75.144842,,,,﻿joh_b_hotz_001,﻿Rev.,﻿John B. Hotz,﻿C.SS.R.,,,,,,,1867,﻿,﻿,﻿Philadelphia,Philadelphia
﻿phi.pa.0015,﻿church,﻿St. Peter's,English,﻿Residence Fifth and Girard Avenue,﻿Fifth and Girard avenue,,,,﻿Philadelphia,﻿Philadelphia,﻿PA,,39.969953,-75.144842,,,,﻿mic_rosenbauer_001,﻿Rev.,﻿Michael Rosenbauer,﻿C.SS.R.,,,,,,,1867,﻿,﻿,﻿Philadelphia,Philadelphia
﻿phi.pa.0015,﻿church,﻿St. Peter's,English,﻿Residence Fifth and Girard Avenue,﻿Fifth and Girard avenue,,,,﻿Philadelphia,﻿Philadelphia,﻿PA,,39.969953,-75.144842,,,,﻿fra_x_schnüttgen_001,﻿Rev.,﻿Francis X. Schnuettgen,﻿C.SS.R.,,,,,,,1867,﻿,﻿,﻿Philadelphia,Philadelphia
﻿phi.pa.0015,﻿church,﻿St. Peter's,English,﻿Residence Fifth and Girard Avenue,﻿Fifth and Girard avenue,,,,﻿Philadelphia,﻿Philadelphia,﻿PA,,39.969953,-75.144842,,,,﻿hub_bove_001,﻿Rev.,﻿Hubert Bove,﻿C.SS.R.,,,,,,,1867,﻿,﻿,﻿Philadelphia,Philadelphia
﻿phi.pa.0015,﻿church,﻿St. Peter's,English,﻿Residence Fifth and Girard Avenue,﻿Fifth and Girard avenue,,,,﻿Philadelphia,﻿Philadelphia,﻿PA,,39.969953,-75.144842,,,,﻿geo_sniet_001,﻿Rev.,﻿George Sniet,﻿C.SS.R.,,,,,,,1867,﻿,﻿,﻿Philadelphia,Philadelphia
﻿phi.pa.0016,﻿church,﻿Church of the Assumption,English,"﻿Residence, 1121 Spring Garden street","﻿Spring Garden street, above Eleventh",,,,﻿Philadelphia,﻿Philadelphia,﻿PA,,39.962049,-75.157089,,,,﻿cha_j_carter_001,﻿Very Rev.,﻿Charles J. H. Carter,,﻿Pastor,,,,,,1867,﻿,﻿,﻿Philadelphia,Philadelphia
﻿phi.pa.0016,﻿church,﻿Church of the Assumption,English,"﻿Residence, 1121 Spring Garden street","﻿Spring Garden street, above Eleventh",,,,﻿Philadelphia,﻿Philadelphia,﻿PA,,39.962049,-75.157089,,,,﻿ber_a_baumeister_001,﻿Rev.,﻿Bernard A. Baumeister,,,,,,,,1867,﻿,﻿,﻿Philadelphia,Philadelphia
﻿phi.pa.0016,﻿church,﻿Church of the Assumption,English,"﻿Residence, 1121 Spring Garden street","﻿Spring Garden street, above Eleventh",,,,﻿Philadelphia,﻿Philadelphia,﻿PA,,39.962049,-75.157089,,,,﻿joh_wall_001,﻿Rev.,﻿John Wall,,,,,,,,1867,﻿,﻿,﻿Philadelphia,Philadelphia
﻿phi.pa.0017,﻿church,﻿St. Malachy's,English,"﻿Residence, 1426 Warnock street","﻿Eleventh street, above Master",,,,﻿Philadelphia,﻿Philadelphia,﻿PA,,39.974476,-75.153229,,,,﻿joh_b_kelly_001,﻿Rev.,﻿John Kelly,,﻿Pastor,,,,,,1867,﻿,﻿,﻿Philadelphia,Philadelphia
﻿phi.pa.0017,﻿church,﻿St. Malachy's,English,"﻿Residence, 1426 Warnock street","﻿Eleventh street, above Master",,,,﻿Philadelphia,﻿Philadelphia,﻿PA,,39.974476,-75.153229,,,,﻿tho_oneill_002,﻿Rev.,﻿Thomas O'Neill,,,,,,,,1867,﻿,﻿,﻿Philadelphia,Philadelphia
﻿phi.pa.0018,﻿church,﻿St. Ann's,English,,﻿Port Richmond,,,,﻿Philadelphia,﻿Philadelphia,﻿PA,,39.982417,-75.118492,,,,﻿tho_kieran_001,﻿Rev.,﻿Thomas Kieran,,﻿Pastor,,,,,,1867,﻿,﻿,﻿Philadelphia,Philadelphia
﻿phi.pa.0018,﻿church,﻿St. Ann's,English,,﻿Port Richmond,,,,﻿Philadelphia,﻿Philadelphia,﻿PA,,39.982417,-75.118492,,,,﻿cha_mcmonigle_002,﻿Rev.,﻿Charles McMonigle,,,,,,,,1867,﻿,﻿,﻿Philadelphia,Philadelphia
﻿phi.pa.0018,﻿church,﻿St. Ann's,English,,﻿Port Richmond,,,,﻿Philadelphia,﻿Philadelphia,﻿PA,,39.982417,-75.118492,,,,﻿hug_mcglinn_001,﻿Rev.,﻿Hugh McGlinn,,,,,,,,1867,﻿,﻿,﻿Philadelphia,Philadelphia
﻿phi.pa.0019,﻿church,﻿St. Mary Magdalen de Pazzi,﻿Italian,,"﻿Marriott street, below Eighth",,,,﻿Philadelphia,﻿Philadelphia,﻿PA,,39.937449,-75.155547,,,,﻿gae_sorrentini_001,﻿Rev.,﻿Gaetano Sorrentini,,﻿Pastor,,,,,,1867,﻿,﻿,﻿Philadelphia,Philadelphia
﻿phi.pa.0020,﻿church,﻿St. Alphonsus,English,"﻿Residence, No. 410 Reed street",﻿Fourth and Reed streets,,,,﻿Philadelphia,﻿Philadelphia,﻿PA,,39.932895,-75.168897,,,,﻿ant_m_grundner_001,﻿Rev.,﻿Anthony Maria Grundner,﻿Ord. Serv. B.V.M.,﻿Pastor,,,,,﻿Order of Servants of Mary,1867,﻿,﻿,﻿Philadelphia,Philadelphia
﻿phi.pa.0021,﻿church,﻿St. Theresa's,English,"﻿Residence, Catharine street, below Broad",﻿Broad and Catharine streets,,,,﻿Philadelphia,﻿Philadelphia,﻿PA,,39.940825,-75.166177,,,,﻿hug_lane_001,﻿Rev.,﻿Hugh Lane,,﻿Pastor,,,,,,1867,﻿,﻿,﻿Philadelphia,Philadelphia
﻿phi.pa.0021,﻿church,﻿St. Theresa's,English,"﻿Residence, Catharine street, below Broad",﻿Broad and Catharine streets,,,,﻿Philadelphia,﻿Philadelphia,﻿PA,,39.940825,-75.166177,,,,﻿wil_kean_001,﻿Rev.,﻿William Kean,,,,,,,,1867,﻿,﻿,﻿Philadelphia,Philadelphia
﻿phi.pa.0022,﻿church,﻿Church of the Annunciation,English,,﻿Tenth and Dickerson streets,,,,﻿Philadelphia,﻿Philadelphia,﻿PA,,39.93068,-75.161158,,,,﻿joh_mcanany_001,﻿Rev.,﻿John McAnany,,﻿Pastor,,,,,,1867,﻿,﻿,﻿Philadelphia,Philadelphia
﻿phi.pa.0022,﻿church,﻿Church of the Annunciation,English,,﻿Tenth and Dickerson streets,,,,﻿Philadelphia,﻿Philadelphia,﻿PA,,39.93068,-75.161158,,,,﻿joh_j_ferry_001,﻿Rev.,﻿John Joseph Ferry,,,,,,,,1867,﻿,﻿,﻿Philadelphia,Philadelphia
﻿phi.pa.0023,﻿church,﻿St. Edward's the Confessor,English,"﻿Residence, 2417 Germantown road",﻿Eighth and York streets,,,,﻿Philadelphia,﻿Philadelphia,﻿PA,,39.988311,-75.145921,,,,﻿edw_mcmahon_001,﻿Very Rev.,﻿E. McMahon,,﻿Pastor,,,,,,1867,﻿,﻿,﻿Philadelphia,Philadelphia
﻿phi.pa.0023,﻿church,﻿St. Edward's the Confessor,English,"﻿Residence, 2417 Germantown road",﻿Eighth and York streets,,,,﻿Philadelphia,﻿Philadelphia,﻿PA,,39.988311,-75.145921,,,,﻿edw_j_martin_001,﻿Rev.,﻿E. J. Martin,,,,,,,,1867,﻿,﻿,﻿Philadelphia,Philadelphia
﻿phi.pa.0023,﻿church,﻿St. Edward's the Confessor,English,"﻿Residence, 2417 Germantown road",﻿Eighth and York streets,,,,﻿Philadelphia,﻿Philadelphia,﻿PA,,39.988311,-75.145921,,,,﻿joh_w_gerdemann_001,﻿Rev.,﻿John Gerdemann,,,,,,,,1867,﻿,﻿,﻿Philadelphia,Philadelphia
﻿phi.pa.0024,﻿church,﻿St. Bonifacius',English,"﻿Residence, 2417 Germantown road; new church in course of erection","﻿Diamond street, between Clinton and Hancock",,,,﻿Philadelphia,﻿Philadelphia,﻿PA,,39.981827,-75.135666,,,,﻿joh_w_gerdemann_001,﻿Rev.,﻿John Gerdemann,,﻿Pastor,,,,,,1867,﻿,﻿,﻿Philadelphia,Philadelphia
﻿phi.pa.0028,﻿church,﻿St. Gregory's,English,,"﻿P.O. address, Cathedral Cemetery, West-Philadelphia",,,,﻿Philadelphia,﻿Philadelphia,﻿PA,,39.971123,-75.217482,,,,﻿fra_a_sharkey_001,﻿Rev.,﻿Francis A. Sharkey,,﻿Pastor,,,,,,1867,﻿,﻿,﻿Philadelphia,Philadelphia
﻿phi.pa.0029,﻿church,﻿St. James',English,"﻿Residence, Thirty-eighth street, below Chestnut","﻿Thirty-eighth and Chestnut streets, West Philadelphia",,,,﻿Philadelphia,﻿Philadelphia,﻿PA,,39.954839,-75.198182,,,,﻿mic_f_martin_001,﻿Rev.,﻿Michael F. Martin,,﻿Pastor,﻿Visits Blockley Almshouse twice a week,,,,,1867,﻿,﻿,﻿Philadelphia,Philadelphia
﻿phi.pa.0029,﻿church,﻿St. James',English,"﻿Residence, Thirty-eighth street, below Chestnut","﻿Thirty-eighth and Chestnut streets, West Philadelphia",,,,﻿Philadelphia,﻿Philadelphia,﻿PA,,39.954839,-75.198182,,,,﻿joh_p_omalley_001,﻿Rev.,﻿John P. O'Malley,,,﻿Visits Blockley Almshouse twice a week,,,,,1867,﻿,﻿,﻿Philadelphia,Philadelphia
﻿phi.pa.0030,﻿church,﻿St. Agatha's,English,"﻿Residence, Thirty-sixth and Grape streets, West Philadelphia",﻿Thirty-sixth and Sycamore streets,,,,﻿Philadelphia,﻿Philadelphia,﻿PA,,39.964259,-75.194811,,,,﻿joh_fitzmaurice_001,﻿Rev.,﻿John Fitzmaurice,,﻿Pastor,,,,,,1867,﻿,﻿,﻿Philadelphia,Philadelphia
﻿phi.pa.0031,﻿church,﻿St. Bridget's,English,,﻿Falls of Schuylkill,,,,﻿Philadelphia,﻿Philadelphia,﻿PA,,40.010832,-75.193484,,,,﻿tho_fox_001,﻿Rev.,﻿Thomas Fox,,﻿Pastor,,,,,,1867,﻿,﻿,﻿Philadelphia,Philadelphia
﻿phi.pa.0032,﻿church,﻿St. Dominic's,English,,﻿Holmesburgh,,,,﻿Philadelphia,﻿Philadelphia,﻿PA,,40.045681,-75.016899,,,,﻿mat_a_mcgrane_002,﻿Rev.,﻿Matthew A. McGrane,,﻿Pastor,,,,,,1867,﻿,﻿,﻿Philadelphia,Philadelphia
﻿phi.pa.0033,﻿church,﻿St. Joachim's,English,,﻿Frankford,,,,﻿Philadelphia,﻿Philadelphia,﻿PA,,40.011811,-75.089745,,,,﻿joh_mcgovern_001,﻿Rev.,﻿John McGovern,,﻿Pastor,,,,,,1867,﻿,﻿,﻿Philadelphia,Philadelphia
﻿phi.pa.0034,﻿church,﻿St. Vincent de Paul's,English,,﻿Germantown,,,,﻿Philadelphia,﻿Philadelphia,﻿PA,,40.037963,-75.174409,,,,﻿d_d_leyden_001,﻿Rev.,﻿D. D. Leyden,﻿C.M.,﻿Superior,,,,,﻿Congregation of the Mission,1867,﻿,﻿,﻿Philadelphia,Philadelphia
﻿phi.pa.0034,﻿church,﻿St. Vincent de Paul's,English,,﻿Germantown,,,,﻿Philadelphia,﻿Philadelphia,﻿PA,,40.037963,-75.174409,,,,﻿jam_knowd_001,﻿Rev.,﻿James Knowd,﻿C.M.,,,,,,,1867,﻿,﻿,﻿Philadelphia,Philadelphia
﻿phi.pa.0034,﻿church,﻿St. Vincent de Paul's,English,,﻿Germantown,,,,﻿Philadelphia,﻿Philadelphia,﻿PA,,40.037963,-75.174409,,,,﻿ric_j_fitzgerald_001,﻿Rev.,﻿R. J. Fitzgerald,﻿C.M.,,,,,,,1867,﻿,﻿,﻿Philadelphia,Philadelphia
﻿phi.pa.0035,﻿church,﻿St. Stephens',English,,﻿Nicetown,,,,﻿Philadelphia,﻿Philadelphia,﻿PA,,40.01526,-75.15167,,,,﻿mat_cobbin_001,﻿Rev.,﻿Matthias Cobbin,,﻿Pastor,,,,,,1867,﻿,﻿,﻿Philadelphia,Philadelphia
﻿phi.pa.0036,﻿church,﻿St. John the Baptist,English,,﻿Manayunk,,,,﻿Philadelphia,﻿Philadelphia,﻿PA,,40.025046,-75.220084,,,,﻿pat_a_nugent_001,﻿Rev.,﻿Patrick A. Nugent,,﻿Pastor,,,,,,1867,﻿,﻿,﻿Philadelphia,Philadelphia
﻿phi.pa.0037,﻿church,﻿Immaculate Conception,﻿German,,﻿Manayunk,,,,﻿Philadelphia,﻿Philadelphia,﻿PA,,40.026002,-75.223111,,,,﻿rud_e_kuenzer_001,﻿Rev.,﻿Rudolph E. Kuenzer,,﻿Pastor,,,,,,1867,﻿,﻿,﻿Philadelphia,Philadelphia
﻿phi.pa.0038,﻿church,﻿St. Mary of Our Lady of Consolation,English,,﻿Chestnut Hill,,,,﻿Philadelphia,﻿Philadelphia,﻿PA,,40.078901,-75.210277,,,,﻿wil_harnett_001,﻿Rev.,﻿William Harnett,﻿O.S.A.,﻿Pastor,,,,,﻿Order of St. Augustine,1867,﻿,﻿,﻿Philadelphia,Philadelphia
﻿phi.pa.0040,﻿church,﻿All Saints,﻿German,,﻿Bridesburgh,,,,﻿Philadelphia,﻿Philadelphia,﻿PA,,40.001444,-75.069779,,,,﻿mat_j_meurer_001,﻿Rev.,﻿Matthew Joseph Meurer,,,,,,,,1867,﻿,﻿,﻿Philadelphia,Philadelphia
﻿phi.pa.0088_01,﻿church,﻿St. Thomas of Villanova,English,,﻿West Haverford P.O.,,﻿Delaware County,﻿Delaware County,,﻿Villanova,﻿PA,,40.037583,-75.349181,,,,﻿amb_a_mullen_001,﻿Rev.,﻿Ambrose A. Mullen,﻿O.S.A.,﻿Pastor,,,,,﻿Order of St. Augustine,1867,﻿,﻿,﻿Philadelphia,Philadelphia
﻿phi.pa.0089,﻿church,﻿St. Denis',English,,,,﻿Delaware County,﻿Delaware County,﻿West Haverford,﻿Haverford,﻿PA,,39.991634,-75.304282,,,,﻿jam_d_waldron_001,﻿Rev.,﻿James D. Waldron,﻿O.S.A.,﻿Pastor,,,,,﻿Order of St. Augustine,1867,﻿,﻿,﻿Philadelphia,Philadelphia
﻿phi.pa.0084,﻿church,﻿St. Michael's,English,,,,﻿Delaware County,﻿Delaware County,﻿Chester,﻿Chester,﻿PA,,39.849557,-75.355746,,,,﻿art_p_haviland_001,﻿Rev.,﻿Arthur Peter Haviland,,﻿Pastor,,,,,,1867,﻿,﻿,﻿Philadelphia,Philadelphia
﻿phi.pa.0084,﻿church,﻿St. Michael's,English,,,,﻿Delaware County,﻿Delaware County,﻿Chester,﻿Chester,﻿PA,,39.849557,-75.355746,,,,﻿wil_f_cook_001,﻿Rev.,﻿Wm. F. Cook,,,,,,,,1867,﻿,﻿,﻿Philadelphia,Philadelphia
﻿phi.pa.0086,﻿church,﻿St. Thomas the Apostle,English,,,,﻿Delaware County,﻿Delaware County,﻿Ivy Mills,,﻿PA,,39.885806,-75.484868,,,,﻿hen_l_wright_001,﻿Rev.,﻿Henry L. Wright,,﻿Pastor,,,,,,1867,﻿,﻿,﻿Philadelphia,Philadelphia
﻿phi.pa.0087,﻿church,﻿The Nativity of B. V. M.,English,,,,﻿Delaware County,﻿Delaware County,﻿Media,﻿Media,﻿PA,,39.916778,-75.387693,﻿phi.pa.0086,﻿visited from Ivy Mills,﻿every other Sunday,,,,,,,,,,,1867,﻿,﻿,﻿Philadelphia,Philadelphia
﻿phi.pa.0085,﻿church,﻿St. Charles Borromeo,English,,,,﻿Delaware County,﻿Delaware County,﻿Kellyville,﻿Drexel Hill,﻿PA,,39.935989,-75.288907,,,,﻿ric_oconnor_001,﻿Rev.,﻿Richard O'Connor,,﻿Pastor,,,,,,1867,﻿,﻿,﻿Philadelphia,Philadelphia
﻿phi.pa.0039,﻿church,﻿St. Clements',English,,"﻿(P.O., Paschallville), Philadelphia",,﻿Delaware County,﻿Delaware County,﻿Darby,,﻿PA,,39.927414,-75.240733,,,,﻿and_j_gallagher_001,﻿Rev.,﻿A. J. Gallagher,,﻿Pastor,,,,,,1867,﻿,﻿,﻿Philadelphia,Philadelphia
﻿phi.pa.0070,﻿church,﻿St. Agnes',English,,,,﻿Chester County,﻿Chester County,﻿Westchester,﻿West Chester,﻿PA,,39.959294,-75.608831,,,,﻿joh_f_prendergast_001,﻿Rev.,﻿John F. Prendergast,,﻿Pastor,,,,,,1867,﻿,﻿,﻿Philadelphia,Philadelphia
﻿phi.pa.0071,﻿church,﻿St. Joseph's,English,,,,﻿Chester County,﻿Chester County,﻿Downington,﻿Downingtown,﻿PA,,40.006496,-75.703274,﻿phi.pa.0070,﻿Attended from Westchester,﻿once a month,,,,,,,,,,,1867,﻿,﻿,﻿Philadelphia,Philadelphia
﻿phi.pa.0072,﻿church,﻿St. Mary's,English,,,,﻿Chester County,﻿Chester County,﻿Phoenixville,﻿Phoenixville,﻿PA,,40.138335,-75.520094,,,,﻿phi_a_ofarrell_001,﻿Rev.,﻿Philip A. O'Farrell,,﻿Pastor,,,,,,1867,﻿,﻿,﻿Philadelphia,Philadelphia
﻿phi.pa.0073,﻿church,﻿Our Lady of Seven Dolors,English,,,,﻿Chester County,﻿Chester County,﻿Parkesburgh,﻿Parkesburg,﻿PA,,39.963197,-75.931428,,,,﻿cha_a_mcfadden_001,﻿Rev.,﻿Charles A. McFadden,,﻿Pastor,,,,,,1867,﻿,﻿,﻿Philadelphia,Philadelphia
﻿phi.pa.0074,﻿church,﻿St. Malachy's,English,,,,﻿Chester County,﻿Chester County,﻿Doe Run,﻿Doe Run,﻿PA,,39.896597,-75.849642,﻿phi.pa.0073,﻿Attended from Parkesburgh,﻿every third Sunday,,,,,,,,,,,1867,﻿,﻿,﻿Philadelphia,Philadelphia
﻿phi.pa.0075,﻿station,[Unnamed Institution],English,,,,﻿Chester County,﻿Chester County,﻿Coatesville,﻿Coatesville,﻿PA,,39.983162,-75.823835,﻿phi.pa.0073,﻿Attended from Parkesburg,﻿once every six weeks,,,,,,,,,,,1867,﻿,﻿,﻿Philadelphia,Philadelphia
﻿phi.pa.0083,﻿station,[Unnamed Institution],English,,,,﻿Chester County,﻿Chester County,﻿Oxford,﻿Oxford,﻿PA,,39.785386,-75.978835,﻿phi.pa.0073,﻿Attended from Parkesburg,﻿once every six weeks,,,,,,,,,,,1867,﻿,﻿,﻿Philadelphia,Philadelphia
﻿phi.pa.0077,﻿station,[Unnamed Institution],English,,,,﻿Chester County,﻿Chester County,﻿New-London,﻿New London Township,﻿PA,,39.779256,-75.888251,﻿phi.pa.0073,﻿Attended from Parkesburg,﻿once every six weeks,,,,,,,,,,,1867,﻿,﻿,﻿Philadelphia,Philadelphia
﻿phi.pa.0341,﻿station,[Unnamed Institution],English,,,,﻿Chester County,﻿Chester County,﻿Chrome Pits,,﻿PA,,,,﻿phi.pa.0073,﻿Attended from Parkesburg,﻿once every six weeks,,,,,,,,,,,1867,﻿,﻿,﻿Philadelphia,Philadelphia
﻿phi.pa.0078,﻿station,[Unnamed Institution],English,,,,﻿Chester County,﻿Chester County,﻿Baker's Quarries,﻿London Grove,﻿PA,,39.85136,-75.818531,﻿phi.pa.0073,﻿Attended from Parkesburg,﻿once every six weeks,,,,,,,,,,,1867,﻿,﻿,﻿Philadelphia,Philadelphia
﻿phi.pa.0262,﻿station,[Unnamed Institution],English,,,,﻿Chester County,﻿Chester County,﻿Copper Mines,,﻿PA,,,,﻿phi.pa.0073,﻿Attended from Parkesburg,﻿once every six weeks,,,,,,,,,,,1867,﻿,﻿,﻿Philadelphia,Philadelphia
﻿phi.pa.0262,﻿station,[Unnamed Institution],English,,,,﻿Chester County,﻿Chester County,﻿Chrome Diggings,,﻿PA,,,,﻿phi.pa.0073,﻿Attended from Parkesburg,﻿once every six weeks,,,,,,,,,,,1867,﻿,﻿,﻿Philadelphia,Philadelphia
﻿phi.pa.0081,﻿church,[Unnamed Institution],English,,,,﻿Chester County,﻿Chester County,﻿Kennett Square,﻿Kennett Square,﻿PA,,39.846777,-75.711603,,"﻿attended by the Rev. J. S. Walsh, from Brandywine",,,,,,,,,,,,1867,﻿,﻿,﻿Philadelphia,Philadelphia
﻿phi.pa.0082,﻿church,[Unnamed Institution],English,,,,﻿Chester County,﻿Chester County,﻿Hammerton,﻿Hamorton,﻿PA,,39.868443,-75.655489,,"﻿attended by the Rev. J. S. Walsh, from Brandywine",,,,,,,,,,,,1867,﻿,﻿,﻿Philadelphia,Philadelphia
﻿phi.pa.0102,﻿church,﻿St. Patrick's,English,,,,﻿Montgomery County,﻿Montgomery County,﻿Norristown,﻿Norristown,﻿PA,,40.117192,-75.339178,,,,﻿den_oharan_002,﻿Rev.,﻿Denis O'Haran,,﻿Pastor,,,,,,1867,﻿,﻿,﻿Philadelphia,Philadelphia
﻿phi.pa.0106,﻿church,[Unnamed Institution],English,,,,﻿Montgomery County,﻿Montgomery County,﻿Port Kennedy,﻿Port Kennedy,﻿PA,,40.229008,-75.387852,﻿phi.pa.0102,﻿Attended from Norristown,﻿occasionally,,,,,,,,,,,1867,﻿,﻿,﻿Philadelphia,Philadelphia
﻿phi.pa.0103,﻿church,﻿St. Matthew's,English,,,,﻿Montgomery County,﻿Montgomery County,﻿Conschohocken,﻿Conschohocken,﻿PA,,40.075097,-75.304378,,,,﻿ric_kinahan_001,﻿Rev.,﻿Richard Kinahan,,﻿Pastor,,,,,,1867,﻿,﻿,﻿Philadelphia,Philadelphia
﻿phi.pa.0104,﻿church,﻿St. Aloysius',English,,,,﻿Montgomery County,﻿Montgomery County,﻿Pottstown,﻿Pottstown,﻿PA,,40.249718,-75.64926,,,,﻿jam_a_miller_001,﻿Rev.,﻿James A. Miller,,﻿Pastor,,,,,,1867,﻿,﻿,﻿Philadelphia,Philadelphia
﻿phi.pa.0105,﻿church,﻿Immaculate Conception,English,,,,﻿Montgomery County,﻿Montgomery County,﻿Jenkintown,﻿Jenkintown,﻿PA,,40.095944,-75.125174,,,,﻿tho_toner_001,﻿Rev.,﻿Thomas Toner,,﻿Pastor,,,,,,1867,﻿,﻿,﻿Philadelphia,Philadelphia
﻿phi.pa.0107,﻿church,[Unnamed Institution],English,,,,﻿Montgomery County,﻿Montgomery County,﻿Hatborough,﻿Hatboro,﻿PA,,40.174276,-75.106839,﻿phi.pa.0054,"﻿Attended from Doylestown, Bucks Co.",,,,,,,,,,,,1867,﻿,﻿,﻿Philadelphia,Philadelphia
﻿har.pa.0008,﻿church,﻿St. Mary of the Assumption,English,,,,﻿Lancaster County,﻿Lancaster County,﻿Lancaster City,﻿Lancaster,﻿PA,,40.037876,-76.305514,,,,﻿ber_keenan_001,﻿Very Rev.,﻿Bernard Keenan,,﻿Pastor,,,,,,1867,﻿,﻿,﻿Philadelphia,Philadelphia
﻿har.pa.0008,﻿church,﻿St. Mary of the Assumption,English,,,,﻿Lancaster County,﻿Lancaster County,﻿Lancaster City,﻿Lancaster,﻿PA,,40.037876,-76.305514,,,,﻿ric_j_barry_001,﻿Rev.,﻿Richard J. Barry,,,,,,,,1867,﻿,﻿,﻿Philadelphia,Philadelphia
﻿har.pa.0009,﻿church,﻿St. Joseph's,﻿German,,,,﻿Lancaster County,﻿Lancaster County,﻿Lancaster City,﻿Lancaster,﻿PA,,40.037876,-76.305514,,,,﻿fra_l_neufeld_001,﻿Rev.,﻿Francis L. Neufeld,,﻿Pastor,,,,,,1867,﻿,﻿,﻿Philadelphia,Philadelphia
﻿har.pa.0010,﻿church,﻿St. Peter's,English,,,,﻿Lancaster County,﻿Lancaster County,﻿Columbia,﻿Columbia,﻿PA,,40.033709,-76.50441,,,,﻿jam_j_russell_001,﻿Rev.,﻿James J. Russell,,﻿Pastor,,,,,,1867,﻿,﻿,﻿Philadelphia,Philadelphia
﻿har.pa.0011,﻿church,﻿Holy Trinity,﻿German,,,,﻿Lancaster County,﻿Lancaster County,﻿Columbia,﻿Columbia,﻿PA,,40.033709,-76.50441,,,,﻿wil_pieper_001,﻿Rev.,﻿William Pieper,,﻿Pastor,,,,,,1867,﻿,﻿,﻿Philadelphia,Philadelphia
﻿har.pa.0012,﻿church,﻿St. Mary's of the Immaculate Conception,English,,,,﻿Lancaster County,﻿Lancaster County,﻿Safe Harbor,﻿Safe Harbor,﻿PA,,39.9301,-76.379406,﻿har.pa.0008,"﻿visited from St. Mary's, Lancaster",,,,,,,,,,,,1867,﻿,﻿,﻿Philadelphia,Philadelphia
﻿har.pa.0013,﻿church,﻿St. Catharine's,English,,,,﻿Lancaster County,﻿Lancaster County,﻿Drumore,﻿Drumore,﻿PA,,39.79177,-76.264957,﻿har.pa.0008,"﻿visited from Parkesburgh, Chester county",﻿once every six weeks,,,,,,,,,,,1867,﻿,﻿,﻿Philadelphia,Philadelphia
﻿har.pa.0015,﻿church,﻿St. Peter's,English,,,,﻿Lancaster County,﻿Lancaster County,﻿Elizabethtown,﻿Elizabethtown,﻿PA,,40.150171,-76.603932,,,,﻿joh_j_mcilvaine_001,﻿Rev.,﻿John Joseph McIlvaine,,﻿Pastor,,,,,,1867,﻿,﻿,﻿Philadelphia,Philadelphia
﻿phi.pa.0055,﻿church,﻿St. John the Baptist,English,,﻿Bucksville P.O.,,﻿Bucks County,﻿Berks County,﻿Haycock,﻿Haycock Township,﻿PA,,40.345157,-75.992765,,,,﻿cle_anton_001,﻿Rev.,﻿Clement Ant. Koppernagel,,﻿Pastor,,,,,,1867,﻿,﻿,﻿Philadelphia,Philadelphia
﻿phi.pa.0054,﻿church,﻿Our Lady of Mount Carmel,English,,,,﻿Bucks County,﻿Berks County,﻿Doylestown,﻿Doylestown,﻿PA,,40.312438,-75.124419,,,,﻿fra_x_george_001,﻿Rev.,﻿Francis Xavier George,,﻿Pastor,,,,,,1867,﻿,﻿,﻿Philadelphia,Philadelphia
﻿phi.pa.0057,﻿church,[Unnamed Institution],English,,,,﻿Bucks County,﻿Berks County,﻿Durham Furnace,,﻿PA,,40.576669,-75.223955,﻿phi.pa.0055,﻿Visited from Haycock,﻿twice a month,,,,,,,,,,,1867,﻿,﻿,﻿Philadelphia,Philadelphia
﻿phi.pa.0056,﻿church,[Unnamed Institution],English,,,,﻿Bucks County,﻿Berks County,﻿Sellersville,﻿Sellersville,﻿PA,,40.345157,-75.992765,﻿phi.pa.0055,﻿Attended from Haycock,﻿occasionally,,,,,,,,,,,1867,﻿,﻿,﻿Philadelphia,Philadelphia
﻿phi.pa.0053,﻿church,﻿St. Mark's,English,,,,﻿Bucks County,﻿Berks County,﻿Bristol,﻿Bristol,﻿PA,,40.100666,-74.851831,,,,﻿jam_cullen_002,﻿Rev.,﻿James Cullen,,﻿Pastor,,,,,,1867,﻿,﻿,﻿Philadelphia,Philadelphia
﻿phi.pa.0058,﻿church,[Unnamed Institution],English,,,,﻿Bucks County,﻿Berks County,﻿Newtown,﻿Newtown,﻿PA,,40.345157,-75.992765,﻿phi.pa.0053,﻿Attended from Bristol,﻿once a month,,,,,,,,,,,1867,﻿,﻿,﻿Philadelphia,Philadelphia
﻿phi.pa.0294,﻿church,[Unnamed Institution],English,,,,﻿Bucks County,﻿Bucks County,﻿Yardlyville,﻿Yardley,﻿PA,,40.23150347,-74.84008759,﻿phi.pa.0053,﻿Attended from Bristol,﻿once a month,,,,,,,,,,,1867,﻿,﻿,﻿Philadelphia,Philadelphia
﻿har.pa.0001,﻿church,﻿St. Patrick's,English,,,,﻿Dauphin County,﻿Dauphin County,﻿Harrisburgh,﻿Harrisburg,﻿PA,,40.273191,-76.886701,,,,﻿pie_maher_001,﻿Rev.,﻿Pierce Maher,,﻿Pastor,,,,,,1867,﻿,﻿,﻿Philadelphia,Philadelphia
﻿har.pa.0002,﻿church,﻿St. Lawrence,﻿German,,,,﻿Dauphin County,﻿Dauphin County,﻿Harrisburgh,﻿Harrisburg,﻿PA,,40.273191,-76.886701,,,,﻿p_wegmeyer_001,﻿Rev.,﻿P. Wegmeyer,,﻿Pastor,,,,,,1867,﻿,﻿,﻿Philadelphia,Philadelphia
﻿har.pa.0003,﻿church,"﻿St. Mary, Help of Christians",English,,,,﻿Dauphin County,﻿Dauphin County,﻿Lykenstown,﻿Lykenstown,﻿PA,,40.566753,-76.700522,﻿har.pa.0015,"﻿Attended from Elizabethtown, Lancaster county",﻿one Sunday of every month,,,,,,,,,,,1867,﻿,﻿,﻿Philadelphia,Philadelphia
﻿har.pa.0004,﻿church,﻿Our Lady of Seven Dolors,English,,,,﻿Dauphin County,﻿Dauphin County,﻿Middletown,﻿Middletown,﻿PA,,40.199814,-76.731081,﻿har.pa.0015,"﻿Attended from Elizabethtown, Lancaster county",﻿one Sunday of every month,,,,,,,,,,,1867,﻿,﻿,﻿Philadelphia,Philadelphia
﻿phi.pa.0043,﻿church,﻿St. Peter's,English,,,,﻿Berks County,﻿Berks County,﻿Reading,﻿Reading,﻿PA,,40.330063,-75.928511,,,,﻿fra_oconnor_001,﻿Rev.,﻿Francis O'Connor,,﻿Pastor,,,,,,1867,﻿,﻿,﻿Philadelphia,Philadelphia
﻿phi.pa.0044,﻿church,﻿St. Paul's,English,,,,﻿Berks County,﻿Berks County,﻿Reading,﻿Reading,﻿PA,,40.338104,-75.919816,,,,﻿ger_w_wallmeyer_001,﻿Rev.,﻿Gerhard W. Wallmeyer,,﻿Pastor,,,,,,1867,﻿,﻿,﻿Philadelphia,Philadelphia
﻿phi.pa.0045,﻿church,﻿St. Mary's,English,,,,﻿Berks County,﻿Berks County,﻿Hamburg,﻿Hamburg,﻿PA,,40.541129,-75.999087,﻿phi.pa.0044,"﻿Visited from St. Paul's, Reading",﻿once a month,,,,,,,,,,,1867,﻿,﻿,﻿Philadelphia,Philadelphia
﻿phi.pa.0046,﻿church,﻿St. Henry's,English,,,,﻿Berks County,﻿Berks County,﻿Meuslem,,﻿PA,,40.345157,-75.992765,﻿phi.pa.0044,"﻿Visited from St. Paul's, Reading",﻿occasionally,,,,,,,,,,,1867,﻿,﻿,﻿Philadelphia,Philadelphia
﻿phi.pa.0047,﻿church,﻿St. Paul's,English,,,,﻿Berks County,﻿Berks County,﻿Douglasville,﻿Douglassville,﻿PA,,40.258112,-75.726292,﻿phi.pa.0104,"﻿Visited from Pottstown, Montgomery county",﻿every other Sunday,,,,,,,,,,,1867,﻿,﻿,﻿Philadelphia,Philadelphia
﻿phi.pa.0048,﻿church,﻿Church of the Blessed Sacrament,English,,﻿Colebrookdale P.O.,,﻿Berks County,﻿Berks County,﻿Churchville,﻿Bally,﻿PA,,40.203064,-74.996854,,,,﻿aug_bally_001,﻿Rev.,﻿Augustin Bally,﻿S.J.,﻿Superior,,,,,﻿Society of Jesus,1867,﻿,﻿,﻿Philadelphia,Philadelphia
﻿phi.pa.0050,﻿church,[Unnamed Institution],English,,,,﻿Berks County,﻿Berks County,﻿Rockland,﻿Rockland Township,﻿PA,,40.444806,-75.748778,﻿phi.pa.0048,﻿Attended from Churchville,﻿occasionally,,,,,,,,,,,1867,﻿,﻿,﻿Philadelphia,Philadelphia
﻿phi.pa.0049,﻿church,[Unnamed Institution],English,,,,﻿Berks County,﻿Berks County,﻿Spunktown,,﻿PA,,40.316527,-75.639233,﻿phi.pa.0048,﻿Attended from Churchville,﻿occasionally,,,,,,,,,,,1867,﻿,﻿,﻿Philadelphia,Philadelphia
﻿phi.pa.0295,﻿church,[Unnamed Institution],English,,,,﻿Berks County,﻿Berks County,﻿Shamrock,﻿Shamrock Station,﻿PA,,40.50297042,-75.64863045,﻿phi.pa.0048,﻿Attended from Churchville,﻿occasionally,,,,,,,,,,,1867,﻿,﻿,﻿Philadelphia,Philadelphia
﻿phi.pa.0296,﻿church,[Unnamed Institution],English,,,,﻿Berks County,﻿Berks County,﻿Long Swamp,﻿Longswamp,﻿PA,,40.49647641,-75.6553467,﻿phi.pa.0048,﻿Attended from Churchville,﻿occasionally,,,,,,,,,,,1867,﻿,﻿,﻿Philadelphia,Philadelphia
﻿har.pa.0017,﻿church,﻿St. Patrick's,English,,,,﻿York County,﻿York County,﻿York,﻿York,﻿PA,,39.962598,-76.727745,,,,﻿edw_murray_001,﻿Rev.,﻿Edward Murray,,﻿Pastor,,,,,,1867,﻿,﻿,﻿Philadelphia,Philadelphia
﻿har.pa.0018,﻿church,﻿Immaculate Conception,﻿German,,,,﻿York County,﻿York County,﻿York,﻿York,﻿PA,,39.962598,-76.727745,,,,﻿jos_hamm_001,﻿Rev.,﻿Joseph Hamm,,﻿Pastor,,,,,,1867,﻿,﻿,﻿Philadelphia,Philadelphia
﻿har.pa.0019,﻿church,﻿St. John the Baptist,English,,,,﻿York County,﻿York County,﻿Shrewsbury,﻿Shrewsbury,﻿PA,,39.768714,-76.679693,﻿har.pa.0018,"﻿attended from Church of the Immaculate Conception, York",﻿once a month,,,,,,,,,,,1867,﻿,﻿,﻿Philadelphia,Philadelphia
﻿phi.pa.0297,﻿church,﻿St. John the Baptist,English,,,,﻿York County,﻿York County,﻿Strasburgh,﻿Strasburgh,﻿PA,,39.9828711,-76.1840376,﻿har.pa.0018,"﻿attended from Immaculate Conception, York",,,,,,,,,,,,1867,﻿,﻿,﻿Philadelphia,Philadelphia
﻿har.pa.0020,﻿church,﻿St. Joseph's,English,,,,﻿York County,﻿York County,﻿Dallastown,﻿Dallastown,﻿PA,,39.899544,-76.640245,﻿har.pa.0018,"﻿attended from Church of Immaculate Conception, York",﻿occasionally,,,,,,,,,,,1867,﻿,﻿,﻿Philadelphia,Philadelphia
﻿har.pa.0021,﻿church,﻿Sacred Heart of B. V. Mary,English,,,,﻿York County,﻿York County,﻿Paradise,﻿Paradise,﻿PA,,40.009823,-76.128565,﻿har.pa.0023,﻿attended from Conewago,﻿twice a month,,,,,,,,,,,1867,﻿,﻿,﻿Philadelphia,Philadelphia
﻿har.pa.0022,﻿church,﻿St. Joseph's,English,,,,﻿York County,﻿York County,﻿Hanover,﻿Hanover,﻿PA,,39.800655,-76.983036,﻿har.pa.0023,﻿attended from Conewago,﻿twice a month,,,,,,,,,,,1867,﻿,﻿,﻿Philadelphia,Philadelphia
﻿har.pa.0005,﻿church,﻿St. Mary's,English,,,,﻿Lebanon County,﻿Lebanon County,﻿Lebanon,﻿Lebanon,﻿PA,,40.339432,-76.42411,,,,﻿j_m_boetzkes_001,﻿Rev.,﻿J. M. Boetzkes,,﻿Pastor,,,,,,1867,﻿,﻿,﻿Philadelphia,Philadelphia
﻿har.pa.0006,﻿church,﻿St. Lawrence's,English,,,,﻿Lebanon County,﻿Lebanon County,﻿Colebrook Furnace,﻿Colebrook,﻿PA,,40.238149,-76.511079,﻿har.pa.0015,"﻿attended from Elizabethtown, Lancaster Co.",﻿every fifth Sunday,,,,,,,,,,,1867,﻿,﻿,﻿Philadelphia,Philadelphia
﻿har.pa.0023,﻿church,﻿Church of the Sacred Heart of Jesus,English,,﻿McSherrystown P. O.,,﻿Adams County,﻿Adams County,﻿Conewago,﻿Conewago,﻿PA,,39.807322,-77.01137,,,,﻿alp_charlier_003,﻿Rev.,﻿Alphonsus Charlier,﻿S.J.,﻿Superior,,,,,﻿Society of Jesus,1867,﻿,﻿,﻿Philadelphia,Philadelphia
﻿har.pa.0023,﻿church,﻿Church of the Sacred Heart of Jesus,English,,﻿McSherrystown P. O.,,﻿Adams County,﻿Adams County,﻿Conewago,﻿Conewago,﻿PA,,39.807322,-77.01137,,,,﻿fra_x_de-neckere_001,﻿Rev.,﻿Francis X. Neckere,﻿S.J.,,,,,,,1867,﻿,﻿,﻿Philadelphia,Philadelphia
﻿har.pa.0023,﻿church,﻿Church of the Sacred Heart of Jesus,English,,﻿McSherrystown P. O.,,﻿Adams County,﻿Adams County,﻿Conewago,﻿Conewago,﻿PA,,39.807322,-77.01137,,,,﻿pet_manns_001,﻿Rev.,﻿Peter Manns,﻿S.J.,,,,,,,1867,﻿,﻿,﻿Philadelphia,Philadelphia
﻿har.pa.0023,﻿church,﻿Church of the Sacred Heart of Jesus,English,,﻿McSherrystown P. O.,,﻿Adams County,﻿Adams County,﻿Conewago,﻿Conewago,﻿PA,,39.807322,-77.01137,,,,﻿pat_duddy_001,﻿Rev.,﻿Patrick Duddy,﻿S.J.,,,,,,,1867,﻿,﻿,﻿Philadelphia,Philadelphia
﻿har.pa.0024,﻿church,﻿Immaculate Conception,English,,,,﻿Adams County,﻿Adams County,﻿Oxford,﻿Oxford,﻿PA,,39.852242,-77.286488,﻿har.pa.0023,﻿visited from Conewago,﻿once a week,,,,,,,,,,,1867,﻿,﻿,﻿Philadelphia,Philadelphia
﻿har.pa.0025,﻿church,﻿St. Aloysius',English,,,,﻿Adams County,﻿Adams County,﻿Littlestown,﻿Littlestown,﻿PA,,39.74354,-77.087977,﻿har.pa.0023,﻿visited from Conewago,﻿twice a month,,,,,,,,,,,1867,﻿,﻿,﻿Philadelphia,Philadelphia
﻿har.pa.0026_02,﻿chapel,﻿Chapel of St. Joseph,English,,,,﻿Adams County,﻿Adams County,﻿McSherrystown,﻿McSherrystown,﻿PA,,39.807322,-77.01137,﻿har.pa.0023,﻿attended from Conewago,﻿daily,,,,,,,,,,,1867,﻿,﻿,﻿Philadelphia,Philadelphia
﻿har.pa.0028,﻿church,﻿St. Joseph's,English,,﻿Square Corner P.O.,,﻿Adams County,﻿Adams County,﻿Bonaghtown,﻿Bonneauville,﻿PA,,39.809543,-77.106094,,,,﻿bas_a_shorb_001,﻿Rev.,﻿Bazil A. Shorb,,﻿Pastor,,,,,,1867,﻿,﻿,﻿Philadelphia,Philadelphia
﻿har.pa.0029,﻿church,﻿St. Francis Xavier's,English,,,,﻿Adams County,﻿Adams County,﻿Gettysburg,﻿Gettysburg,﻿PA,,39.830929,-77.231095,,,,﻿jos_a_boll_001,﻿Rev.,﻿Joseph A. Boll,,﻿Pastor,,,,,,1867,﻿,﻿,﻿Philadelphia,Philadelphia
﻿har.pa.0030,﻿church,﻿St. Ignatius',English,,,,﻿Adams County,﻿Adams County,﻿Mountain,﻿Mountain,﻿PA,,39.852242,-77.286488,﻿har.pa.0029,﻿attended from Gettysburgh,﻿every second Sunday,,,,,,,,,,,1867,﻿,﻿,﻿Philadelphia,Philadelphia
﻿har.pa.0031,﻿church,﻿Immaculate Conception,English,,,,﻿Adams County,﻿Adams County,﻿Millerstown,﻿Gettysburg,﻿PA,,39.832383,-77.246224,﻿har.pa.0029,﻿attended from Gettysburgh,﻿every fourth Sunday of the month,,,,,,,,,,,1867,﻿,﻿,﻿Philadelphia,Philadelphia
﻿har.pa.0032,﻿church,﻿Corpus Christi,English,,,,﻿Franklin County,﻿Franklin County,﻿Chambersburgh,﻿Chambersburgh,﻿PA,,39.937591,-77.661102,,,,﻿joh_a_mullen_001,﻿Rev.,﻿John A. Mullin,,﻿Pastor,,,,,,1867,﻿,﻿,﻿Philadelphia,Philadelphia
﻿har.pa.0033,﻿church,﻿St. Andrew the Apostle,English,,,,﻿Franklin County,﻿Franklin County,﻿Waynesborough,﻿Waynesboro,﻿PA,,39.755927,-77.577769,﻿har.pa.0032,﻿visited from Chambersburgh,﻿four times a year,,,,,,,,,,,1867,﻿,﻿,﻿Philadelphia,Philadelphia
﻿har.pa.0034,﻿church,"﻿St. Mary, Refuge of Sinners",English,,,,﻿Franklin County,﻿Franklin County,﻿Path Valley,﻿Willow Hill,﻿PA,,40.10453,-77.821481,﻿pit.pa.0054,"﻿attended from Shade Valley, Huntingdon Co.",,,,,,,,,,,,1867,﻿,﻿,﻿Philadelphia,Philadelphia
﻿har.pa.0035,﻿church,[Unnamed Institution],English,,,,﻿Franklin County,﻿Franklin County,﻿Anderson's Valley,﻿Amberson,﻿PA,,40.172133,-77.686268,﻿har.pa.0032,﻿visited from Chambersburgh,﻿occasionally,,,,,,,,,,,1867,﻿,﻿,﻿Philadelphia,Philadelphia
﻿har.pa.0036,﻿church,[Unnamed Institution],English,,,,﻿Franklin County,﻿Franklin County,﻿Mount Pleasant,﻿Pleasant Hall,﻿PA,,39.731419,-77.724869,﻿har.pa.0032,﻿visited from Chambersburgh,﻿occasionally,,,,,,,,,,,1867,﻿,﻿,﻿Philadelphia,Philadelphia
﻿har.pa.0038,﻿church,﻿St. Patrick's,English,,,,﻿Cumberland County,﻿Cumberland County,﻿Carlisle,﻿Carlisle,﻿PA,,40.201024,-77.200274,﻿har.pa.0032,﻿attended from Chambersburgh,﻿every second Sunday,,,,,,,,,,,1867,﻿,﻿,﻿Philadelphia,Philadelphia
﻿har.pa.0039,﻿church,﻿All Saints,English,,,,﻿Mifflin County,﻿Mifflin County,﻿Lewistown,﻿Lewistown,﻿PA,,40.652279,-77.607786,﻿pit.pa.0054,"﻿attended by Rev. E. Gallagher, of Huntingdon",,,,,,,,,,,,1867,﻿,﻿,﻿Philadelphia,Philadelphia
﻿har.pa.0040,﻿church,[Unnamed Institution],English,,,,﻿Mifflin County,﻿Mifflin County,﻿Reedsville,﻿Reedsville,﻿PA,,40.663959,-77.595828,﻿pit.pa.0054,﻿visited from Huntingdon,﻿occasionally,,,,,,,,,,,1867,﻿,﻿,﻿Philadelphia,Philadelphia
﻿phi.pa.0110,﻿church,﻿St. Bernard's,English,,,,﻿Northampton County,﻿Northampton County,﻿Easton,﻿Easton,﻿PA,,40.688432,-75.220732,,,,﻿tho_reardon_001,﻿Rev.,﻿Thomas Reardon,,﻿Pastor,,,,,,1867,﻿,﻿,﻿Philadelphia,Philadelphia
﻿phi.pa.0111,﻿church,﻿St. Joseph's,English,,﻿Easton P.O.,,﻿Northampton County,﻿Northampton County,﻿South Easton,﻿Easton,﻿PA,,40.688432,-75.220732,,,,﻿joh_b_frisch_002,﻿Rev.,﻿John B. Frisch,,﻿Pastor,,,,,,1867,﻿,﻿,﻿Philadelphia,Philadelphia
﻿phi.pa.0116,﻿church,[Unnamed Institution],English,,,,﻿Northampton County,﻿Northampton County,﻿Freemansburgh,﻿Freemansburg,﻿PA,,40.626488,-75.345735,﻿phi.pa.0112,﻿Attended from South Bethlehem,﻿occasionally,,,,,,,,,,,1867,﻿,﻿,﻿Philadelphia,Philadelphia
﻿phi.pa.0112,﻿church,﻿Church of the Holy Infancy,English,,,,﻿Northampton County,﻿Northampton County,﻿South Bethlehem,,﻿PA,,40.610435,-75.374275,,,,﻿mic_c_mcenroe_001,﻿Rev.,﻿Michael McEnroe,,﻿Pastor,,,,,,1867,﻿,﻿,﻿Philadelphia,Philadelphia
﻿phi.pa.0113,﻿church,﻿Nativity of Our Lord,﻿German,,,,﻿Northampton County,﻿Northampton County,﻿Bethlehem,﻿Bethlehem,﻿PA,,40.625932,-75.370458,﻿phi.pa.0091,﻿Attended from Allentown,﻿every other Sunday,,,,,,,,,,,1867,﻿,﻿,﻿Philadelphia,Philadelphia
﻿phi.pa.0114,﻿church,﻿St. Nicholas',English,,,,﻿Northampton County,﻿Northampton County,﻿Berlinsville,﻿Berlinsville,﻿PA,,40.768706,-75.573797,﻿phi.pa.0091,﻿Attended from Allentown,﻿once a month,,,,,,,,,,,1867,﻿,﻿,﻿Philadelphia,Philadelphia
﻿phi.pa.0118,﻿church,[Unnamed Institution],English,,,,﻿Northampton County,﻿Northampton County,﻿Bath,﻿Bath,﻿PA,,40.725652,-75.39407,﻿phi.pa.0093,﻿Visited from Catasauqua,﻿occasionally,,,,,,,,,,,1867,﻿,﻿,﻿Philadelphia,Philadelphia
﻿phi.pa.0091,﻿church,﻿Immaculate Conception,English,,,,﻿Lehigh County,﻿Lehigh County,﻿Allentown,﻿Allentown,﻿PA,,40.602294,-75.47141,,,,﻿jos_kaelin_002,﻿Rev.,﻿Joseph Kaelin,,﻿Pastor,,,,,,1867,﻿,﻿,﻿Philadelphia,Philadelphia
﻿phi.pa.0093,﻿church,﻿St. Lawrence's,English,,,,﻿Lehigh County,﻿Lehigh County,﻿Catasauqua,﻿Catasauqua,﻿PA,,40.654819,-75.474627,,,,﻿edw_mckee_001,﻿Rev.,﻿Edward McKee,,﻿Pastor,,,,,,1867,﻿,﻿,﻿Philadelphia,Philadelphia
﻿phi.pa.0263,﻿church,﻿Annunciation of B. V. M.,﻿German,,,,﻿Lehigh County,﻿Lehigh County,﻿Catasauqua,,﻿PA,,39.725,-75.866389,﻿phi.pa.0091,﻿Attended from Allentown,﻿every two weeks,,,,,,,,,,,1867,﻿,﻿,﻿Philadelphia,Philadelphia
﻿phi.pa.0095,﻿church,[Unnamed Institution],English,,,,﻿Lehigh County,﻿Lehigh County,﻿Friedensville,﻿Friedensville,﻿PA,,40.559266,-75.394625,﻿phi.pa.0112,﻿Attended from South Bethlehem,﻿once a month,,,,,,,,,,,1867,﻿,﻿,﻿Philadelphia,Philadelphia
﻿phi.pa.0294,﻿church,[Unnamed Institution],English,,,,﻿Lehigh County,﻿Lehigh County,﻿Coopersburgh,﻿Coopersburgh,﻿PA,,40.51186941,-75.38534126,﻿phi.pa.0112,﻿Visited from South Bethleham,﻿occasionally,,,,,,,,,,,1867,﻿,﻿,﻿Philadelphia,Philadelphia
﻿phi.pa.0096,﻿station,[Unnamed Institution],English,,,,﻿Lehigh County,﻿Lehigh County,﻿Trexlertown,﻿Trexlertown,﻿PA,,40.547914,-75.605918,﻿phi.pa.0091,﻿Attended from Allentown,,,,,,,,,,,,1867,﻿,﻿,﻿Philadelphia,Philadelphia
﻿phi.pa.0097,﻿station,[Unnamed Institution],English,,,,﻿Lehigh County,﻿Lehigh County,﻿Guthville,﻿Orefield,﻿PA,,40.634951,-75.584928,﻿phi.pa.0091,﻿Attended from Allentown,,,,,,,,,,,,1867,﻿,﻿,﻿Philadelphia,Philadelphia
﻿phi.pa.0099,﻿church,﻿St. Patrick's,English,,,,﻿Lehigh County,﻿Lehigh County,﻿Irontown,﻿Ironton,﻿PA,,40.670096,-75.567686,﻿phi.pa.0093,﻿Attended from Catasauqua,﻿once a month,,,,,,,,,,,1867,﻿,﻿,﻿Philadelphia,Philadelphia
﻿phi.pa.0100,﻿church,[Unnamed Institution],English,,,,﻿Lehigh County,﻿Lehigh County,﻿Slatington,﻿Slatington,﻿PA,,40.752612,-75.60621,﻿phi.pa.0093,﻿Visited from Catasauqua,﻿monthly,,,,,,,,,,,1867,﻿,﻿,﻿Philadelphia,Philadelphia
﻿phi.pa.0101,﻿church,[Unnamed Institution],English,,,,﻿Lehigh County,﻿Lehigh County,﻿Laury's Station,﻿Laurys Station,﻿PA,,40.723151,-75.530184,﻿phi.pa.0093,﻿Visited from Catasauqua,﻿monthly,,,,,,,,,,,1867,﻿,﻿,﻿Philadelphia,Philadelphia
﻿phi.pa.0059,﻿church,﻿Immaculate Conception,English,,,,﻿Carbon County,﻿Carbon County,﻿Mauch Chunk,﻿Jim Thorpe,﻿PA,,40.875924,-75.732413,,,,﻿mic_j_blacker_001,﻿Rev.,﻿Michael J. Blacker,,﻿Pastor,,,,,,1867,﻿,﻿,﻿Philadelphia,Philadelphia
﻿phi.pa.0060,﻿church,﻿St. Patrick's,English,,,,﻿Carbon County,﻿Carbon County,﻿Nesquahoning,﻿Nesquehoning,﻿PA,,40.864534,-75.811028,﻿phi.pa.0059,﻿Attended from Mauch Chunk,﻿every other Sunday,,,,,,,,,,,1867,﻿,﻿,﻿Philadelphia,Philadelphia
﻿phi.pa.0061,﻿church,﻿Church of the Holy Cross,English,,,,﻿Carbon County,﻿Carbon County,﻿Parryville,﻿Parryville,﻿PA,,40.818148,-75.672688,﻿phi.pa.0059,﻿Attended from Mauch Chunk,﻿once a month,,,,,,,,,,,1867,﻿,﻿,﻿Philadelphia,Philadelphia
﻿phi.pa.0294,﻿station,[Unnamed Institution],English,,,,﻿Carbon County,﻿Carbon County,﻿Turnhole,﻿Jim Thorpe,﻿PA,,40.88275,-75.761194,﻿phi.pa.0059,﻿Attended from Mauch Chunk,,,,,,,,,,,,1867,﻿,﻿,﻿Philadelphia,Philadelphia
﻿phi.pa.0295,﻿station,[Unnamed Institution],English,,,,﻿Carbon County,﻿Carbon County,﻿Pine Swamps,﻿Shamrock Station,﻿PA,,41.01376824,-75.60151429,﻿phi.pa.0059,﻿Attended from Mauch Chunk,,,,,,,,,,,,1867,﻿,﻿,﻿Philadelphia,Philadelphia
﻿phi.pa.0064,﻿church,﻿St. Mary's,English,,,,﻿Carbon County,﻿Carbon County,﻿Beaver Meadows,﻿Beaver Meadows,﻿PA,,40.928142,-75.914644,﻿phi.pa.0063,"﻿Attended from Hazleton, Luzerne Co.",﻿every other Sunday,,,,,,,,,,,1867,﻿,﻿,﻿Philadelphia,Philadelphia
﻿phi.pa.0261,﻿church,﻿St. Joseph's,English,,,,﻿Carbon County,,﻿Rockport,,﻿PA,,40.916667,-75.791389,﻿scr.pa.0013,"﻿Attended from Eckley, Luzerne Co.",﻿every other Sunday,,,,,,,,,,,1867,﻿,﻿,﻿Philadelphia,Philadelphia
﻿phi.pa.0066,﻿church,[Unnamed Institution],English,,,,﻿Carbon County,﻿Carbon County,﻿Penn Haven,﻿Penn Haven Junction,﻿PA,,40.945088,-75.746858,﻿scr.pa.0013,"﻿Attended from Eckley, Luzerne Co.",﻿once a month,,,,,,,,,,,1867,﻿,﻿,﻿Philadelphia,Philadelphia
﻿phi.pa.0068,﻿church,﻿St. Joseph's,English,,,,﻿Carbon County,﻿Carbon County,﻿Summit Hill,﻿Summit Hill,﻿PA,,40.824472,-75.880603,,,,﻿jam_kelly_001,﻿Rev.,﻿James Kelley,,﻿Pastor,,,,,,1867,﻿,﻿,﻿Philadelphia,Philadelphia
﻿phi.pa.0119,﻿church,﻿St. Patrick's,English,,,,﻿Schuylkill County,﻿Schuylkill County,﻿Pottsville,﻿Pottsville,﻿PA,,40.685646,-76.195499,,,,﻿nic_j_walsh_001,﻿Rev.,﻿Nicholas J. Walsh,,﻿Pastor,,,,,,1867,﻿,﻿,﻿Philadelphia,Philadelphia
﻿phi.pa.0119,﻿church,﻿St. Patrick's,English,,,,﻿Schuylkill County,﻿Schuylkill County,﻿Pottsville,﻿Pottsville,﻿PA,,40.685646,-76.195499,,,,﻿pat_a_lynch_001,﻿Rev.,﻿P. A. Lynch,,,,,,,,1867,﻿,﻿,﻿Philadelphia,Philadelphia
﻿phi.pa.0119,﻿church,﻿St. Patrick's,English,,,,﻿Schuylkill County,﻿Schuylkill County,﻿Pottsville,﻿Pottsville,﻿PA,,40.685646,-76.195499,,,,﻿jam_p_moroney_001,﻿Rev.,﻿James Morony,,,,,,,,1867,﻿,﻿,﻿Philadelphia,Philadelphia
﻿phi.pa.0120,﻿church,﻿St. John the Baptist's,﻿German,,,,﻿Schuylkill County,﻿Schuylkill County,﻿Pottsville,﻿Pottsville,﻿PA,,40.680729,-76.201355,,,,﻿fra_j_wachter_001,﻿Rev.,﻿Francis Joseph Wachter,,﻿Pastor,,,,,,1867,﻿,﻿,﻿Philadelphia,Philadelphia
﻿phi.pa.0121,﻿church,﻿St. Ambrose's,English,,,,﻿Schuylkill County,﻿Schuylkill County,﻿Schuylkill Haven,﻿Schuylkill Haven,﻿PA,,40.635111,-76.160938,﻿phi.pa.0119,"﻿attended from St. Patrick's, Pottsville",﻿every Sunday,,,,,,,,,,,1867,﻿,﻿,﻿Philadelphia,Philadelphia
﻿phi.pa.0357,﻿church,[Unnamed Institution],English,,,,﻿Schuylkill County,,﻿Port Clinton,,﻿PA,,40.5822,-76.0244,﻿phi.pa.0119,"﻿attended from St. Patrick's, Pottsville",﻿twice a year,,,,,,,,,,,1867,﻿,﻿,﻿Philadelphia,Philadelphia
﻿phi.pa.0358,﻿church,[Unnamed Institution],English,,,,﻿Schuylkill County,,﻿Auburn,,﻿PA,,40.595833,-76.092778,﻿phi.pa.0119,"﻿attended from St. Patrick's, Pottsville",﻿twice a year,,,,,,,,,,,1867,﻿,﻿,﻿Philadelphia,Philadelphia
﻿phi.pa.0124,﻿church,﻿St. Vincent de Paul's,English,,,,﻿Schuylkill County,﻿Schuylkill County,﻿Minersville,﻿Minersville,﻿PA,,40.690645,-76.26217,,,,﻿mic_malone_001,﻿Rev.,﻿Michael Malone,,﻿Pastor,,,,,,1867,﻿,﻿,﻿Philadelphia,Philadelphia
﻿phi.pa.0124,﻿church,﻿St. Vincent de Paul's,English,,,,﻿Schuylkill County,﻿Schuylkill County,﻿Minersville,﻿Minersville,﻿PA,,40.690645,-76.26217,,,,﻿jam_mchugh_001,﻿Rev.,﻿James McHugh,,,,,,,,1867,﻿,﻿,﻿Philadelphia,Philadelphia
﻿phi.pa.0125,﻿church,﻿Our Lady of Mount Carmel,﻿German,,,,﻿Schuylkill County,﻿Schuylkill County,﻿Minersville,﻿Minersville,﻿PA,,40.690645,-76.26217,,,,﻿ant_schwarze_001,﻿Rev.,﻿Anthony Schwarze,,﻿Pastor,,,,,,1867,﻿,﻿,﻿Philadelphia,Philadelphia
﻿phi.pa.0126,﻿church,﻿Immaculate Conception,English,,,,﻿Schuylkill County,﻿Schuylkill County,﻿Tremont,﻿Tremont,﻿PA,,40.628422,-76.387177,,,,﻿wil_c_mcloughlin_001,﻿Rev.,﻿William C. McLoughlin,,﻿Pastor,,,,,,1867,﻿,﻿,﻿Philadelphia,Philadelphia
﻿phi.pa.0127,﻿church,﻿St. Stephen's,English,,,,﻿Schuylkill County,﻿Schuylkill County,﻿Port Carbon,﻿Port Carbon,﻿PA,,40.696604,-76.164048,,,,﻿dan_magorien_001,﻿Rev.,﻿Daniel Magorien,,﻿Pastor,,,,,,1867,﻿,﻿,﻿Philadelphia,Philadelphia
﻿phi.pa.0128,﻿church,﻿St. ------,English,,,,﻿Schuylkill County,﻿Schuylkill County,﻿New Philadelphia,﻿New Philadelphia,﻿PA,,40.719534,-76.115771,,,,﻿joh_laughran_001,﻿Rev.,﻿John Hugh Loughran,,﻿Pastor,,,,,,1867,﻿,﻿,﻿Philadelphia,Philadelphia
﻿phi.pa.0129,﻿church,﻿St. Jerome's,English,,,,﻿Schuylkill County,﻿Schuylkill County,﻿Tamaqua,﻿Tamaqua,﻿PA,,40.797311,-75.969371,,,,﻿tho_quinn_002,﻿Rev.,﻿Thomas Quinn,,﻿Pastor,,,,,,1867,﻿,﻿,﻿Philadelphia,Philadelphia
﻿phi.pa.0130,﻿church,﻿St. Raphael's,English,,,,﻿Schuylkill County,﻿Schuylkill County,﻿Tuscarora,﻿Tuscarora,﻿PA,,40.770089,-76.037431,﻿phi.pa.0129,﻿Attended from Tamaqua,﻿every second Sunday,,,,,,,,,,,1867,﻿,﻿,﻿Philadelphia,Philadelphia
﻿phi.pa.0131,﻿church,﻿St. Patrick's,English,,,,﻿Schuylkill County,﻿Schuylkill County,﻿Patterson,﻿Brockton,﻿PA,,40.749252,-76.069106,﻿phi.pa.0129,﻿Attended from Tamaqua,﻿occasionally,,,,,,,,,,,1867,﻿,﻿,﻿Philadelphia,Philadelphia
﻿phi.pa.0141,﻿church,﻿Immaculate Conception,English,,,,﻿Schuylkill County,,﻿St. Clair,,﻿PA,,40.720645,-76.191054,,,,﻿jam_a_brehony_001,﻿Rev.,﻿James A. Brehony,,﻿Pastor,,,,,,1867,﻿,﻿,﻿Philadelphia,Philadelphia
﻿phi.pa.0241,﻿church,﻿St. Boniface's,﻿German,,,,﻿Schuylkill County,,﻿St. Clair,,﻿PA,,40.715991,-76.201017,,,,﻿her_a_depmann_001,﻿Rev.,﻿Hermann A. Depmann,,﻿Pastor,,,,,,1867,﻿,﻿,﻿Philadelphia,Philadelphia
﻿phi.pa.0132,﻿church,﻿St. Bartholomew's,﻿German,,,,﻿Schuylkill County,﻿Schuylkill County,﻿Patterson,﻿Brockton,﻿PA,,40.749252,-76.069106,﻿phi.pa.0241,﻿Attended from St. Clair,﻿monthly,,,,,,,,,,,1867,﻿,﻿,﻿Philadelphia,Philadelphia
﻿phi.pa.0133,﻿church,﻿St. Joseph's,English,,,,﻿Schuylkill County,﻿Schuylkill County,﻿Ashland,﻿Ashland,﻿PA,,40.781754,-76.345782,,,,﻿mic_sheridan_001,﻿Rev.,﻿Michael Sheridan,,﻿Pastor,,,,,,1867,﻿,﻿,﻿Philadelphia,Philadelphia
﻿phi.pa.0133,﻿church,﻿St. Joseph's,English,,,,﻿Schuylkill County,﻿Schuylkill County,﻿Ashland,﻿Ashland,﻿PA,,40.781754,-76.345782,,,,﻿joh_j_oreilly_001,﻿Rev.,﻿John J. O'Reilly,,,,,,,,1867,﻿,﻿,﻿Philadelphia,Philadelphia
﻿phi.pa.0135,﻿church,[Unnamed Institution],English,,,,﻿Schuylkill County,﻿Schuylkill County,﻿Girardsville,﻿Girardville,﻿PA,,40.791477,-76.283557,﻿phi.pa.0133,"﻿Attended from St. Joseph's, Ashland",﻿twice a month,,,,,,,,,,,1867,﻿,﻿,﻿Philadelphia,Philadelphia
﻿phi.pa.0134,﻿church,﻿St. Maurice's,﻿German,,,,﻿Schuylkill County,﻿Schuylkill County,﻿Ashland,﻿Ashland,﻿PA,,40.781754,-76.345782,,,,﻿joh_b_bach_002,﻿Rev.,﻿John B. Bach,,﻿Pastor,,,,,,1867,﻿,﻿,﻿Philadelphia,Philadelphia
﻿phi.pa.0137,﻿church,﻿St. Canicus',English,,,,﻿Schuylkill County,﻿Schuylkill County,﻿Mahanoy City,﻿Mahanoy City,﻿PA,,40.812588,-76.141603,,,,﻿mic_mcevoy_001,﻿Rev.,﻿Michael McEvoy,,﻿Pastor,,,,,,1867,﻿,﻿,﻿Philadelphia,Philadelphia
﻿phi.pa.0139,﻿station,[Unnamed Institution],English,,,,﻿Schuylkill County,﻿Schuylkill County,﻿Shanandoah,﻿Shenandoah,﻿PA,,40.820366,-76.200773,﻿phi.pa.0137,﻿Visited from Mahanoy City,﻿once a month,,,,,,,,,,,1867,﻿,﻿,﻿Philadelphia,Philadelphia
﻿phi.pa.0140,﻿church,﻿St. Kyran's,English,,﻿Woodside P.O.,,﻿Schuylkill County,﻿Schuylkill County,﻿Heckscherville,﻿Heckscherville,﻿PA,,40.719492,-76.273294,,,,﻿joh_scanlan_001,﻿Rev.,﻿John Scanlan,,﻿Pastor,,,,,,1867,﻿,﻿,﻿Philadelphia,Philadelphia
﻿scr.pa.0076,﻿church,﻿St. Boniface's,﻿German,,,,﻿Lycoming County,﻿Lycoming County,﻿Williamsport,﻿Williamsport,﻿PA,,41.248349,-76.997221,﻿scr.pa.0077,﻿Attended from Nippenose Valley,﻿once a month,,,,,,,,,,,1867,﻿,﻿,﻿Philadelphia,Philadelphia
﻿scr.pa.0075,﻿church,[Unnamed Institution],English,﻿English church to be built,,,﻿Lycoming County,﻿Lycoming County,﻿Williamsport,﻿Williamsport,﻿PA,,41.24119,-77.001079,,,,﻿mic_p_stack_001,﻿Rev.,﻿Michael P. Stack,,﻿Pastor,,,,,,1867,﻿,﻿,﻿Philadelphia,Philadelphia
﻿scr.pa.0077,﻿church,﻿Immaculate Conception,English,,﻿in Nippenose Valley; Bastross P.O.,,﻿Lycoming County,﻿Lycoming County,﻿Bastross,﻿Bastress Township,﻿PA,,41.184327,-77.113998,,,,﻿joh_h_lenfert_001,﻿Rev.,﻿John Hermann Lenfert,,﻿Pastor,,,,,,1867,﻿,﻿,﻿Philadelphia,Philadelphia
﻿scr.pa.0078,﻿church,﻿St. Mary of the Assumption,English,,,,﻿Lycoming County,﻿Lycoming County,﻿Cascade,﻿Cascade Township,﻿PA,,41.465155,-76.895155,﻿scr.pa.0075,"﻿Attended by M. P. Stack, of Williamsport",,,,,,,,,,,,1867,﻿,﻿,﻿Philadelphia,Philadelphia
﻿har.pa.0041,﻿church,﻿St. John the Evangelist's,English,,,,﻿Centre County,﻿Centre County,﻿Bellefonte,﻿Bellefonte,﻿PA,,40.910678,-77.776185,,,,﻿tho_mcgovern_001,﻿Rev.,﻿Thomas McGovern,,﻿Pastor,,,,,,1867,﻿,﻿,﻿Philadelphia,Philadelphia
﻿har.pa.0043,﻿church,﻿St. Mary's,English,,,,﻿Centre County,﻿Centre County,﻿Snow Shoe,﻿Snow Shoe,﻿PA,,41.030891,-77.949449,﻿har.pa.0041,﻿attended from Bellefonte,﻿every second and fifth Sundays,,,,,,,,,,,1867,﻿,﻿,﻿Philadelphia,Philadelphia
﻿har.pa.0044,﻿church,[Unnamed Institution],English,,,,﻿Centre County,﻿Centre County,﻿Howardville,﻿Howard,﻿PA,,41.014229,-77.658053,﻿har.pa.0041,﻿Visited from Bellefonte,﻿four times a year,,,,,,,,,,,1867,﻿,﻿,﻿Philadelphia,Philadelphia
﻿har.pa.0045,﻿church,[Unnamed Institution],English,,,,﻿Centre County,﻿Centre County,﻿Washington Furnace,﻿Porter Township,﻿PA,,41.022277,-77.541187,﻿har.pa.0041,﻿Visited from Bellefonte,﻿four times a year,,,,,,,,,,,1867,﻿,﻿,﻿Philadelphia,Philadelphia
﻿har.pa.0046,﻿church,[Unnamed Institution],English,,,,﻿Centre County,﻿Centre County,﻿Heckla Furnace,﻿Zion,﻿PA,,40.921161,-77.667839,﻿har.pa.0041,﻿Visited from Bellefonte,﻿four times a year,,,,,,,,,,,1867,﻿,﻿,﻿Philadelphia,Philadelphia
﻿har.pa.0047,﻿church,[Unnamed Institution],English,,,,﻿Centre County,﻿Centre County,﻿Wallace's Run,﻿Union Township,﻿PA,,40.982609,-77.878509,﻿har.pa.0041,﻿Visited from Bellefonte,﻿four times a year,,,,,,,,,,,1867,﻿,﻿,﻿Philadelphia,Philadelphia
﻿har.pa.0048,﻿church,﻿Immaculate Conception,English,,,,﻿Clinton County,﻿Clinton County,﻿Lockhaven,﻿Lockhaven,﻿PA,,41.333194,-77.653612,,,,﻿joh_c_gilligan_001,﻿Rev.,﻿John C. Gilligan,,﻿Pastor,,,,,,1867,﻿,﻿,﻿Philadelphia,Philadelphia
﻿har.pa.0049,﻿church,[Unnamed Institution],English,,,,﻿Clinton County,﻿Clinton County,﻿Renova,﻿Renovo,﻿PA,,41.326456,-77.75082,﻿har.pa.0048,﻿attended from Lockhaven,﻿once a month,,,,,,,,,,,1867,﻿,﻿,﻿Philadelphia,Philadelphia
﻿phi.pa.0298,﻿church,[Unnamed Institution],English,,,,﻿Clinton County,﻿Clinton County,﻿Rock Cabin Mines,,﻿PA,,41.13232583,-77.6352648,﻿har.pa.0048,﻿visited from Lockhaven,﻿four times a year,,,,,,,,,,,1867,﻿,﻿,﻿Philadelphia,Philadelphia
﻿har.pa.0050,﻿church,[Unnamed Institution],English,,,,﻿Clinton County,﻿Clinton County,﻿Keating Station,﻿Keating,﻿PA,,41.270624,-77.944526,﻿har.pa.0048,﻿visited from Lockhaven,﻿four times a year,,,,,,,,,,,1867,﻿,﻿,﻿Philadelphia,Philadelphia
﻿scr.pa.0092,﻿church,﻿St. Anthony of Padua,English,,,,﻿Wyoming County,﻿Wyoming County,﻿Mahoopeny,﻿Mehoopany,﻿PA,,41.56341,-76.060481,﻿scr.pa.0079,"﻿Attended from Dushore, Sullivan Co.",﻿once every second month,,,,,,,,,,,1867,﻿,﻿,﻿Philadelphia,Philadelphia
﻿scr.pa.0093,﻿church,[Unnamed Institution],English,,,,﻿Wyoming County,﻿Wyoming County,﻿Tunkhannock,﻿Tunkhannock,﻿PA,,41.538688,-75.946588,﻿scr.pa.0088,"﻿Attended from Friendsville, Susquehanna Co.",﻿four times a year,,,,,,,,,,,1867,﻿,﻿,﻿Philadelphia,Philadelphia
﻿scr.pa.0094,﻿church,[Unnamed Institution],English,,,,﻿Wyoming County,﻿Wyoming County,﻿Meshoppen,﻿Meshoppen,﻿PA,,41.614243,-76.046592,﻿scr.pa.0088,"﻿Attended from Friendsville, Susquehanna Co.",﻿four times a year,,,,,,,,,,,1867,﻿,﻿,﻿Philadelphia,Philadelphia
﻿scr.pa.0095,﻿church,[Unnamed Institution],English,,,,﻿Wyoming County,﻿Wyoming County,﻿Briar Ridge,,﻿PA,,41.641553,-76.020162,﻿scr.pa.0088,"﻿Attended from Friendsville, Susquehanna Co.",﻿four times a year,,,,,,,,,,,1867,﻿,﻿,﻿Philadelphia,Philadelphia
﻿scr.pa.0079,﻿church,﻿St. Basil's,English,,,,﻿Sullivan County,﻿Sullivan County,﻿Dushore,﻿Dushore,﻿PA,,41.525644,-76.402556,,,,﻿xav_a_kaier_001,﻿Rev.,﻿Xavier Al. Kaier,,﻿Pastor,,,,,,1867,﻿,﻿,﻿Philadelphia,Philadelphia
﻿har.pa.0058,﻿church,﻿St. Joseph's,English,,,,﻿Northumberland County,﻿Northumberland,﻿Milton,﻿Milton,﻿PA,,41.01203,-76.847741,,,,﻿emi_stenzel_001,﻿Rev.,﻿Emile Stenzel,,﻿Pastor,,,,,,1867,﻿,﻿,﻿Philadelphia,Philadelphia
﻿har.pa.0059,﻿church,﻿St. Edward's,English,,,,﻿Northumberland County,﻿Northumberland,﻿Shamokin,﻿Shamokin,﻿PA,,40.788975,-76.558847,,,,﻿jos_koch_001,﻿Rev.,﻿Joseph Koch,,﻿Pastor,,,,,,1867,﻿,﻿,﻿Philadelphia,Philadelphia
﻿har.pa.0060,﻿church,﻿St. Patrick's,English,,,,﻿Northumberland County,﻿Northumberland,﻿Treverton,﻿Trevorton,﻿PA,,40.781196,-76.673018,﻿har.pa.0059,﻿attended from Shamokin,﻿second Sunday of every month,,,,,,,,,,,1867,﻿,﻿,﻿Philadelphia,Philadelphia
﻿har.pa.0061,﻿church,[Unnamed Institution],English,,,,﻿Northumberland County,﻿Northumberland,﻿Locust Gap,﻿Locust Gap,﻿PA,,40.771699,-76.441331,﻿har.pa.0059,﻿attended from Shamokin,﻿third Sunday of every month,,,,,,,,,,,1867,﻿,﻿,﻿Philadelphia,Philadelphia
﻿har.pa.0062,﻿church,[Unnamed Institution],English,,,,﻿Northumberland County,﻿Northumberland,﻿Sunbury,﻿Sunbury,﻿PA,,40.867434,-76.68747,﻿har.pa.0064,﻿attended from Danville,﻿once a month,,,,,,,,,,,1867,﻿,﻿,﻿Philadelphia,Philadelphia
﻿har.pa.0064,﻿church,﻿St. Joseph's,English,,,,﻿Montour County,﻿Montour County,﻿Danville,﻿Danville,﻿PA,,40.96342,-76.612733,,,,﻿art_mcginnis_001,﻿Rev.,﻿Arthur M. McGinnis,,﻿pastor,,,,,,1867,﻿,﻿,﻿Philadelphia,Philadelphia
﻿har.pa.0065,﻿church,﻿St. Hubert's,﻿German,,,,﻿Montour County,﻿Montour County,﻿Danville,﻿Danville,﻿PA,,40.96342,-76.612733,﻿har.pa.0058,﻿attended from Milton,﻿twice a month,,,,,,,,,,,1867,﻿,﻿,﻿Philadelphia,Philadelphia
﻿har.pa.0067,﻿church,﻿St. Columbkill's,English,,,,﻿Columbia County,﻿Columbia County,﻿Bloomsburgh,﻿Bloomsburg,﻿PA,,41.003698,-76.454946,﻿har.pa.0064,﻿attended from St. Joseph's Danville,,,,,,,,,,,,1867,﻿,﻿,﻿Philadelphia,Philadelphia
﻿har.pa.0057,﻿church,[Unnamed Institution],English,,,,﻿Union County,﻿Union County,﻿Lewisburgh,﻿Lewisburgh,﻿PA,,40.964529,-76.88441,﻿har.pa.0058,"﻿attended from Milton, Northumberland Co.",﻿occasionally,,,,,,,,,,,1867,﻿,﻿,﻿Philadelphia,Philadelphia
﻿phi.pa.0304,﻿church,[Unnamed Institution],English,,,,﻿Union County,﻿Union County,﻿Dry Valley,,﻿PA,,40.891936,-76.914583,﻿har.pa.0058,"﻿attended from Milton, Northumberland Co.",﻿occasionally,,,,,,,,,,,1867,﻿,﻿,﻿Philadelphia,Philadelphia
﻿scr.pa.0080,﻿church,﻿Church of the Holy Family,English,,﻿(P.O.),,﻿Susquehanna County,﻿Susquehanna County,﻿St. Joseph's,,﻿PA,,41.921745,-75.992724,,,,﻿hug_garvey_001,﻿Rev.,﻿Hugh Garvey,,﻿Pastor,,,,,,1867,﻿,﻿,﻿Philadelphia,Philadelphia
﻿scr.pa.0080,﻿church,﻿Church of the Holy Family,English,,﻿(P.O.),,﻿Susquehanna County,﻿Susquehanna County,﻿St. Joseph's,,﻿PA,,41.921745,-75.992724,,,,﻿mic_l_hennessey_001,﻿Rev.,﻿Michael Hennessy,,,,,,,,1867,﻿,﻿,﻿Philadelphia,Philadelphia
﻿scr.pa.0081,﻿church,﻿St. Augustine's,English,,,,﻿Susquehanna County,,﻿Silver Lake,,﻿PA,,41.96547,-75.953735,﻿scr.pa.0080,"﻿Attended from St. Joseph's, (P.O.)",﻿every Sunday,,,,,,,,,,,1867,﻿,﻿,﻿Philadelphia,Philadelphia
﻿scr.pa.0082,﻿church,﻿Holy Name of Mary,English,,,,﻿Susquehanna County,﻿Susquehanna County,﻿Montrose,﻿Montrose,﻿PA,,41.829996,-75.880545,﻿scr.pa.0080,"﻿Attended from St. Joseph's, (P.O.)",﻿one Sunday of every month,,,,,,,,,,,1867,﻿,﻿,﻿Philadelphia,Philadelphia
﻿scr.pa.0085,﻿church,[Unnamed Institution],English,,,,﻿Susquehanna County,﻿Susquehanna County,﻿New Milford,﻿New Milford,﻿PA,,41.872578,-75.727132,﻿scr.pa.0083,"﻿Visited from St. Joseph's, (P.O.)",﻿occasionally,,,,,,,,,,,1867,﻿,﻿,﻿Philadelphia,Philadelphia
﻿scr.pa.0083,﻿church,﻿St. John Nepomucene's,English,,,,﻿Susquehanna County,,﻿Susquehanna,﻿Susquehanna Depot?,﻿PA,,41.943607,-75.599179,,,,﻿joh_oreilly_001,﻿Very Rev.,﻿John V. O'Reilly,,﻿Pastor,,,,,,1867,﻿,﻿,﻿Philadelphia,Philadelphia
﻿scr.pa.0083,﻿church,﻿St. John Nepomucene's,English,,,,﻿Susquehanna County,,﻿Susquehanna,﻿Susquehanna Depot?,﻿PA,,41.943607,-75.599179,,,,﻿edm_prendergast_001,﻿Rev.,﻿Edmond F. Prendergast,,,,,,,,1867,﻿,﻿,﻿Philadelphia,Philadelphia
﻿scr.pa.0084,﻿church,﻿St. Vincent de Paul's,English,,,,﻿Susquehanna County,﻿Susquehanna County,﻿Great Bend,﻿Great Bend,﻿PA,,41.974694,-75.744406,﻿scr.pa.0083,﻿Attended from Susquehanna,﻿every Sunday,,,,,,,,,,,1867,﻿,﻿,﻿Philadelphia,Philadelphia
﻿scr.pa.0096,﻿church,﻿St. ------,English,,,,﻿Susquehanna County,﻿Susquehanna County,﻿Nicholson,﻿Nicholson,﻿PA,,41.626188,-75.78047,﻿scr.pa.0098,﻿Attended from Susquehanna,,,,,,,,,,,,1867,﻿,﻿,﻿Philadelphia,Philadelphia
﻿scr.pa.0088,﻿church,﻿St. Francis Xavier's,English,,,,﻿Susquehanna County,﻿Susquehanna County,﻿Friendsville,﻿Friendsville,﻿PA,,41.917019,-76.045479,,,,﻿a_d_filan_001,﻿Rev.,﻿A. D. Filan,,﻿Pastor,,,,,,1867,﻿,﻿,﻿Philadelphia,Philadelphia
﻿scr.pa.0089,﻿church,﻿St. Bonaventure's,English,,,,﻿Susquehanna County,﻿Susquehanna County,﻿Auburn,﻿Auburn Township,﻿PA,,41.679645,-76.062398,﻿scr.pa.0088,﻿Attended from Friendsville,﻿once a month,,,,,,,,,,,1867,﻿,﻿,﻿Philadelphia,Philadelphia
﻿scr.pa.0090,﻿church,﻿St. Patrick's,English,,,,﻿Susquehanna County,﻿Susquehanna County,﻿Middletown,﻿Middletown Township,﻿PA,,41.880602,-76.1088,﻿scr.pa.0088,﻿Attended from Friendsville,﻿once a month,,,,,,,,,,,1867,﻿,﻿,﻿Philadelphia,Philadelphia
﻿scr.pa.0091,﻿church,[Unnamed Institution],English,,,,﻿Susquehanna County,﻿Susquehanna County,﻿Herrick's Centre,﻿Herrick Center,﻿PA,,41.742027,-75.489351,﻿scr.pa.0035,"﻿Attended from Mount Pleasant, Wayne Co.",﻿four times a year,,,,,,,,,,,1867,﻿,﻿,﻿Philadelphia,Philadelphia
﻿scr.pa.0105,﻿church,﻿Immaculate Conception,English,,,,﻿Luzerne County,,﻿Wilkesbarre,,﻿PA,,41.24114,-75.884236,,,,﻿hen_fitzsimmons_001,﻿Rev.,﻿Henry Fitzsimmons,,﻿Pastor,,,,,,1867,﻿,﻿,﻿Philadelphia,Philadelphia
﻿scr.pa.0009,﻿church,﻿St. Nicholas's,﻿German,,,,﻿Luzerne County,﻿Luzerne County,﻿Wilkesbarre,﻿Wilkes-Barre,﻿PA,,41.24114,-75.884236,,,,﻿pet_c_nagel_001,﻿Rev.,﻿Peter C. Nagel,,﻿Pastor,,,,,,1867,﻿,﻿,﻿Philadelphia,Philadelphia
﻿scr.pa.0011,﻿church,[Unnamed Institution],English,,,,﻿Luzerne County,﻿Luzerne County,﻿Nanticoke,﻿Nanticoke,﻿PA,,41.20536,-76.004923,,"﻿Attended from Immaculate Conception, Wilkesbarre",﻿every third Sunday,,,,,,,,,,,1867,﻿,﻿,﻿Philadelphia,Philadelphia
﻿scr.pa.0010,﻿church,[Unnamed Institution],English,,,,﻿Luzerne County,﻿Luzerne County,﻿Plymouth,﻿Plymouth,﻿PA,,41.24036,-75.944643,,"﻿Attended from Immaculate Conception, Wilkesbarre",﻿every third Sunday,,,,,,,,,,,1867,﻿,﻿,﻿Philadelphia,Philadelphia
﻿phi.pa.0299,﻿church,[Unnamed Institution],English,,,,﻿Luzerne County,﻿Luzerne County,﻿Sugar Notch,﻿Sugar Notch,﻿PA,,41.19648196,-75.92821162,,"﻿Attended from Immaculate Conception, Wilkesbarre",﻿every third Sunday,,,,,,,,,,,1867,﻿,﻿,﻿Philadelphia,Philadelphia
﻿scr.pa.0020,﻿church,﻿St. Rose of Lima,English,,,,﻿Luzerne County,﻿Lackawanna County,﻿Carbondale,﻿Carbondale,﻿PA,,41.573694,-75.501851,,,,﻿fra_carew_001,﻿Rev.,﻿Francis Carew,,﻿Pastor,,,,,,1867,﻿,﻿,﻿Philadelphia,Philadelphia
﻿scr.pa.0018,﻿church,﻿St. Thomas of Aquin,English,,,,﻿Luzerne County,﻿Lackawanna County,﻿Archbald,﻿Archbald,﻿PA,,41.494804,-75.536852,,,,﻿joh_laughran_001,﻿Rev.,﻿John Loughran,,﻿Pastor,,,,,,1867,﻿,﻿,﻿Philadelphia,Philadelphia
﻿scr.pa.0019,﻿church,﻿St. Patrick's,English,,,,﻿Luzerne County,﻿Lackawanna County,﻿Olyphant,﻿Olyphant,﻿PA,,41.468414,-75.602966,﻿scr.pa.0018,﻿Attended from Archbald,﻿every second Sunday,,,,,,,,,,,1867,﻿,﻿,﻿Philadelphia,Philadelphia
﻿scr.pa.0001,﻿church,﻿St. Vincent de Paul's,English,,,,﻿Luzerne County,﻿Lackawanna County,﻿Scranton,﻿Scranton,﻿PA,,41.408969,-75.662412,,,,﻿mos_whitty_001,﻿Rev.,﻿Moses Whitty,,﻿Pastor,,,,,,1867,﻿,﻿,﻿Philadelphia,Philadelphia
﻿scr.pa.0001,﻿church,﻿St. Vincent de Paul's,English,,,,﻿Luzerne County,﻿Lackawanna County,﻿Scranton,﻿Scranton,﻿PA,,41.408969,-75.662412,,,,﻿joh_m_cox_001,﻿Rev.,﻿John M. Cox,,,,,,,,1867,﻿,﻿,﻿Philadelphia,Philadelphia
﻿scr.pa.0005,﻿church,﻿St. Bonaventure's,﻿German,,,,﻿Luzerne County,﻿Luzerne County,﻿Scranton,﻿Pittston,﻿PA,,41.325913,-75.78936,,,,﻿j_schelle_001,﻿Rev.,﻿J. Schelle,,﻿Pastor,,,,,,1867,﻿,﻿,﻿Philadelphia,Philadelphia
﻿phi.pa.0215,﻿church,﻿St. Thaddeus',English,,,,﻿Luzerne County,,﻿Providence,,﻿PA,,41.44371,-75.663703,﻿scr.pa.0001,"﻿attended from St. Vincent's, Scranton",﻿every Sunday,,,,,,,,,,,1867,﻿,﻿,﻿Philadelphia,Philadelphia
﻿scr.pa.0002,﻿church,﻿St. Simon the Apostle's,English,,,,﻿Luzerne County,,﻿Dunmore,,﻿PA,,41.408969,-75.662412,,,,﻿edm_w_fitzmaurice_001,﻿Rev.,﻿Edmond W. Fitzmaurice,,﻿Pastor,,,,,,1867,﻿,﻿,﻿Philadelphia,Philadelphia
﻿scr.pa.0017,﻿church,﻿St. Catherine of Sienna,English,,,,﻿Luzerne County,﻿Lackawanna County,﻿Moscow,﻿Moscow,﻿PA,,41.337035,-75.521696,﻿scr.pa.0002,﻿visited from Dunmore,﻿the last Sunday of every month,,,,,,,,,,,1867,﻿,﻿,﻿Philadelphia,Philadelphia
﻿scr.pa.0006,﻿church,﻿St. John the Evangelist's,English,,,,﻿Luzerne County,﻿Luzerne County,﻿Pittston,﻿Pittston,﻿PA,,41.322732,-75.788943,,,,﻿joh_finnan_001,﻿Rev.,﻿John Finnen,,﻿Pastor,,,,,,1867,﻿,﻿,﻿Philadelphia,Philadelphia
﻿scr.pa.0007,﻿church,﻿St. Mary's,﻿German,,,,﻿Luzerne County,﻿Luzerne County,﻿Pittston,﻿Pittston,﻿PA,,41.337916,-75.786236,﻿scr.pa.0009,﻿visited from Wilkesbarre,﻿once a month,,,,,,,,,,,1867,﻿,﻿,﻿Philadelphia,Philadelphia
﻿scr.pa.0012,﻿church,﻿St. Gabriel's,English,,,,﻿Luzerne County,﻿Luzerne County,﻿Hazleton,﻿Hazleton,﻿PA,,40.950892,-75.975941,,,,﻿mic_filan_001,﻿Rev.,﻿Michael Filan,,﻿Pastor,,,,,,1867,﻿,﻿,﻿Philadelphia,Philadelphia
﻿phi.pa.0280,﻿church,"﻿St. Mary, Help of Christians",English,,,,﻿Luzerne County,﻿Luzerne County,﻿Frenchtown,,﻿PA,,41.611944,-80.021667,﻿scr.pa.0012,﻿Attended from Hazleton,﻿every second Sunday,,,,,,,,,,,1867,﻿,﻿,﻿Philadelphia,Philadelphia
﻿phi.pa.0359,﻿church,[Unnamed Institution],English,,,,﻿Luzerne County,﻿Luzerne County,﻿Mountain Inn,,﻿PA,,,,﻿scr.pa.0012,﻿Attended from Hazleton,﻿occasionally,,,,,,,,,,,1867,﻿,﻿,﻿Philadelphia,Philadelphia
﻿scr.pa.0013,﻿church,﻿Immaculate Conception,English,,,,﻿Luzerne County,﻿Luzerne County,﻿Eckley,,﻿PA,,40.995238,-75.85601,,,,﻿pat_j_nunan_001,﻿Rev.,﻿Patrick J. Nunan,,﻿Pastor,,,,,,1867,﻿,﻿,﻿Philadelphia,Philadelphia
﻿scr.pa.0014,﻿church,[Unnamed Institution],English,,,,﻿Luzerne County,﻿Luzerne County,﻿White Haven,﻿White Haven,﻿PA,,41.06064,-75.774082,﻿scr.pa.0013,﻿Visited from Eckley,﻿once a month,,,,,,,,,,,1867,﻿,﻿,﻿Philadelphia,Philadelphia
﻿phi.pa.0282,﻿church,[Unnamed Institution],English,,,,﻿Luzerne County,,﻿Gouldsboro,,﻿PA,,41.24468,-75.447785,﻿scr.pa.0002,﻿Visited from Dunmore,﻿twice a year,,,,,,,,,,,1867,﻿,﻿,﻿Philadelphia,Philadelphia
﻿scr.pa.0021,﻿church,﻿St. John the Evangelist's,English,,,,﻿Wayne County,﻿Wayne County,﻿Honesdale,﻿Honesdale,﻿PA,,41.569375,-75.253112,,,,﻿joh_j_doherty_001,﻿Rev.,﻿John J. Doherty,,﻿Pastor,,,,,,1867,﻿,﻿,﻿Philadelphia,Philadelphia
﻿scr.pa.0022,﻿church,﻿St. Mary Magdalene's,﻿German,,,,﻿Wayne County,﻿Wayne County,﻿Honesdale,﻿Honesdale,﻿PA,,41.576755,-75.258787,,,,﻿fra_büthe_001,﻿Rev.,﻿Francis Buthe,,﻿Pastor,,,,,,1867,﻿,﻿,﻿Philadelphia,Philadelphia
﻿scr.pa.0023,﻿church,﻿St. Patrick's,English,,,,﻿Wayne County,﻿Wayne County,﻿Canaan,﻿Canaan Township,﻿PA,,41.560554,-75.352878,﻿scr.pa.0021,"﻿Attended from St. John's, Honesdale",﻿the fourth Sunday of every month,,,,,,,,,,,1867,﻿,﻿,﻿Philadelphia,Philadelphia
﻿scr.pa.0024,﻿church,[Unnamed Institution],English,,,,﻿Wayne County,﻿Wayne County,﻿Dyberry Tannery,﻿Tanners Falls,﻿PA,,41.660921,-75.288232,﻿scr.pa.0021,"﻿Visited from St. John's, Honesdale",﻿four times a year,,,,,,,,,,,1867,﻿,﻿,﻿Philadelphia,Philadelphia
﻿phi.pa.0360,﻿church,[Unnamed Institution],English,,,,﻿Wayne County,﻿Wayne County,﻿Beach Pond Tannery,,﻿PA,,41.662987,-75.297259,﻿scr.pa.0021,"﻿Visited from St. John's, Honesdale",﻿twice a year,,,,,,,,,,,1867,﻿,﻿,﻿Philadelphia,Philadelphia
﻿phi.pa.0361,﻿church,[Unnamed Institution],English,,,,﻿Wayne County,﻿Wayne County,﻿Clinton Settlement,,﻿PA,,41.644,-75.403528,﻿scr.pa.0021,"﻿Visited from St. John's, Honesdale",﻿twice a year,,,,,,,,,,,1867,﻿,﻿,﻿Philadelphia,Philadelphia
﻿scr.pa.0026,﻿church,﻿St. Philomena's,English,,,,﻿Wayne County,﻿Wayne County,﻿Hawley,﻿Hawley,﻿PA,,41.475922,-75.182119,,,,﻿ber_mccollum_001,﻿Rev.,﻿Bernard McCollum,,﻿Pastor,,,,,,1867,﻿,﻿,﻿Philadelphia,Philadelphia
﻿scr.pa.0028,﻿church,﻿St. Juliana of Falconieri,English,,﻿Pleasant Mount P.O.,,﻿Wayne County,﻿Wayne County,﻿Rock Lake,,﻿PA,,41.782318,-75.34357,,,,﻿tho_j_brehony_001,﻿Rev.,﻿Thomas Brehony,,﻿Pastor,,,,,,1867,﻿,﻿,﻿Philadelphia,Philadelphia
﻿scr.pa.0029,﻿church,﻿St. Cecilia's,English,,,,﻿Wayne County,﻿Wayne County,﻿South Pleasant Mountain,﻿Pleasant Mount,﻿PA,,41.74004,-75.434571,﻿scr.pa.0028,﻿Attended from Rock Lake,﻿once a month,,,,,,,,,,,1867,﻿,﻿,﻿Philadelphia,Philadelphia
﻿scr.pa.0030,﻿church,[Unnamed Institution],English,,,,﻿Wayne County,﻿Wayne County,﻿Equinunk,﻿Equinunk,﻿PA,,41.855921,-75.223783,﻿scr.pa.0028,﻿Visited from Rock Lake,﻿four times a year,,,,,,,,,,,1867,﻿,﻿,﻿Philadelphia,Philadelphia
﻿scr.pa.0031,﻿church,[Unnamed Institution],English,,,,﻿Wayne County,﻿Wayne County,﻿Little Equinunk,,﻿PA,,41.823115,-75.114569,﻿scr.pa.0028,﻿Visited from Rock Lake,﻿four times a year,,,,,,,,,,,1867,﻿,﻿,﻿Philadelphia,Philadelphia
﻿scr.pa.0032,﻿church,[Unnamed Institution],English,,,,﻿Wayne County,﻿Wayne County,﻿Starucca,﻿Starrucca,﻿PA,,41.899806,-75.470735,﻿scr.pa.0028,﻿Visited from Rock Lake,﻿four times a year,,,,,,,,,,,1867,﻿,﻿,﻿Philadelphia,Philadelphia
﻿scr.pa.0033,﻿church,[Unnamed Institution],English,,,,﻿Wayne County,﻿Wayne County,﻿Aldenville,﻿Aldenville,﻿PA,,41.646753,-75.36379,﻿scr.pa.0028,﻿Visited from Rock Lake,﻿four times a year,,,,,,,,,,,1867,﻿,﻿,﻿Philadelphia,Philadelphia
﻿scr.pa.0034,﻿church,[Unnamed Institution],English,,,,﻿Wayne County,﻿Wayne County,﻿Lake Como,﻿Lake Como,﻿PA,,41.849808,-75.336843,﻿scr.pa.0028,﻿Visited from Rock Lake,﻿four times a year,,,,,,,,,,,1867,﻿,﻿,﻿Philadelphia,Philadelphia
﻿phi.pa.0329,﻿church,[Unnamed Institution],English,,,,﻿Wayne County,﻿Wayne County,﻿Damascus,,﻿PA,,41.703144,-75.068224,﻿scr.pa.0028,﻿Visited from Rock Lake,﻿four times a year,,,,,,,,,,,1867,﻿,﻿,﻿Philadelphia,Philadelphia
﻿scr.pa.0035,﻿church,[Unnamed Institution],English,,,,﻿Wayne County,﻿Wayne County,﻿Mount Pleasant,﻿Mount Pleasant Township,﻿PA,,41.739636,-75.398292,﻿scr.pa.0028,﻿Visited from Rock Lake,﻿twice a year,,,,,,,,,,,1867,﻿,﻿,﻿Philadelphia,Philadelphia
﻿scr.pa.0036,﻿church,[Unnamed Institution],English,,,,﻿Wayne County,﻿Wayne County,﻿Lebanon,﻿Lebanon Township,﻿PA,,41.735454,-75.271239,﻿scr.pa.0028,﻿Visited from Rock Lake,﻿twice a year,,,,,,,,,,,1867,﻿,﻿,﻿Philadelphia,Philadelphia
﻿scr.pa.0037,﻿church,[Unnamed Institution],English,,,,﻿Wayne County,﻿Wayne County,﻿Waymart,﻿Waymart,﻿PA,,41.580363,-75.408237,﻿scr.pa.0020,"﻿Visited from Carbondale, Luzerne Co.",﻿four times a year,,,,,,,,,,,1867,﻿,﻿,﻿Philadelphia,Philadelphia
﻿scr.pa.0038,﻿church,﻿St. Mary of the Assumption's,English,,,,﻿Pike County,﻿Pike County,﻿Lackawaxen,﻿Lackawaxen,﻿PA,,41.482034,-74.986002,﻿scr.pa.0026,"﻿Attended from Hawley, Wayne Co.",﻿once a month,,,,,,,,,,,1867,﻿,﻿,﻿Philadelphia,Philadelphia
﻿scr.pa.0027,﻿church,[Unnamed Institution],English,,,,﻿Pike County,﻿Pike County,﻿Ledgedale,,﻿PA,,41.36705,-75.319306,﻿scr.pa.0026,"﻿Attended from Hawley, Wayne Co.",﻿four times a year,,,,,,,,,,,1867,﻿,﻿,﻿Philadelphia,Philadelphia
﻿scr.pa.0043,﻿church,[Unnamed Institution],English,,,,﻿Monroe County,﻿Monroe County,﻿Coolbaugh,﻿Coolbaugh Township,﻿PA,,41.182303,-75.387852,﻿scr.pa.0002,"﻿Attended from Dunmore, Luzerne Co.",﻿once every three months,,,,,,,,,,,1867,﻿,﻿,﻿Philadelphia,Philadelphia
﻿scr.pa.0042,﻿church,[Unnamed Institution],English,,,,﻿Monroe County,﻿Monroe County,﻿Stroudsburgh,﻿Stroudsburg,﻿PA,,40.986761,-75.194625,﻿scr.pa.0002,"﻿Visited from Dunmore, Luzerne Co.",﻿every three months,,,,,,,,,,,1867,﻿,﻿,﻿Philadelphia,Philadelphia
﻿scr.pa.0044,﻿church,[Unnamed Institution],English,,,,﻿Monroe County,﻿Monroe County,﻿Oakland,﻿Mountainhome,﻿PA,,41.173702,-75.271015,﻿scr.pa.0002,"﻿Visited from Dunmore, Luzerne Co.",﻿every three months,,,,,,,,,,,1867,﻿,﻿,﻿Philadelphia,Philadelphia
﻿scr.pa.0045,﻿church,[Unnamed Institution],English,,,,﻿Monroe County,﻿Monroe County,﻿Pocono Forks,﻿Pocono Township,﻿PA,,41.063296,-75.306233,﻿scr.pa.0002,"﻿Visited from Dunmore, Luzerne Co.",﻿every three months,,,,,,,,,,,1867,﻿,﻿,﻿Philadelphia,Philadelphia
﻿scr.pa.0041,﻿church,[Unnamed Institution],English,,,,﻿Monroe County,﻿Monroe County,﻿Tobyhanna,﻿Tobyhanna,﻿PA,,41.179787,-75.417899,﻿scr.pa.0002,"﻿Visited from Dunmore, Luzerne Co.",﻿every three months,,,,,,,,,,,1867,﻿,﻿,﻿Philadelphia,Philadelphia
﻿scr.pa.0049,﻿church,﻿St. Peter and St. Paul's,English,,,,﻿Bradford County,﻿Bradford County,﻿Towanda,﻿Towanda,﻿PA,,41.770512,-76.445547,,,,﻿pat_toner_002,﻿Rev.,﻿Patrick Toner,,﻿Pastor,,,,,,1867,﻿,﻿,﻿Philadelphia,Philadelphia
﻿scr.pa.0050,﻿church,﻿St. Joseph's,English,,,,﻿Bradford County,﻿Bradford County,﻿Ridgebury,﻿Ridgebury,﻿PA,,41.973407,-76.721619,﻿scr.pa.0049,﻿Visited from Towanda,﻿once a month,,,,,,,,,,,1867,﻿,﻿,﻿Philadelphia,Philadelphia
﻿scr.pa.0051,﻿church,﻿Church of the Holy Ghost,English,,,,﻿Bradford County,﻿Bradford County,﻿Athen's,﻿Athens,﻿PA,,41.957297,-76.517999,﻿scr.pa.0049,﻿Visited from Towanda,﻿once a month,,,,,,,,,,,1867,﻿,﻿,﻿Philadelphia,Philadelphia
﻿scr.pa.0052,﻿church,﻿St. Patrick's,English,,,,﻿Bradford County,,﻿Coalbeds,,﻿PA,,41.83625,-76.548823,﻿scr.pa.0049,﻿Visited from Towanda,﻿once a month,,,,,,,,,,,1867,﻿,﻿,﻿Philadelphia,Philadelphia
﻿scr.pa.0053,﻿church,[Unnamed Institution],English,,,,﻿Bradford County,﻿Bradford County,﻿Standing Stone,﻿Standing Stone,﻿PA,,41.73952,-76.361327,﻿scr.pa.0049,﻿Attended from Towanda,﻿once every six weeks,,,,,,,,,,,1867,﻿,﻿,﻿Philadelphia,Philadelphia
﻿scr.pa.0054,﻿church,[Unnamed Institution],English,,,,﻿Bradford County,﻿Bradford County,﻿Durell,,﻿PA,,41.72078,-76.371371,﻿scr.pa.0049,﻿Attended from Towanda,﻿once every six weeks,,,,,,,,,,,1867,﻿,﻿,﻿Philadelphia,Philadelphia
﻿scr.pa.0055,﻿church,[Unnamed Institution],English,,,,﻿Bradford County,,﻿Pond Hill,,﻿PA,,41.805397,-76.40263,﻿scr.pa.0049,﻿Attended from Towanda,﻿once every six weeks,,,,,,,,,,,1867,﻿,﻿,﻿Philadelphia,Philadelphia
﻿scr.pa.0056,﻿church,[Unnamed Institution],English,,,,﻿Bradford County,,﻿State Road,,﻿PA,,41.758124,-76.276767,﻿scr.pa.0049,﻿Attended from Towanda,﻿once every six weeks,,,,,,,,,,,1867,﻿,﻿,﻿Philadelphia,Philadelphia
﻿scr.pa.0057,﻿church,[Unnamed Institution],English,,,,﻿Bradford County,﻿Bradford County,﻿Windham,﻿Windham,﻿PA,,41.971741,-76.291323,﻿scr.pa.0049,﻿Attended from Towanda,﻿once every six weeks,,,,,,,,,,,1867,﻿,﻿,﻿Philadelphia,Philadelphia
﻿scr.pa.0058,﻿church,﻿St. John Nepomucene's,English,,,,﻿Bradford County,﻿Bradford County,﻿Troy,﻿Troy,﻿PA,,41.785908,-76.788011,﻿scr.pa.0075,"﻿Attended from Williamsport, Lycoming Co.",,,,,,,,,,,,1867,﻿,﻿,﻿Philadelphia,Philadelphia
﻿scr.pa.0059,﻿church,[Unnamed Institution],English,,,,﻿Bradford County,﻿Bradford County,﻿Canton,﻿Canton,﻿PA,,41.656464,-76.853293,﻿scr.pa.0075,"﻿Attended from Williamsport, Lycoming Co.",,,,,,,,,,,,1867,﻿,﻿,﻿Philadelphia,Philadelphia
﻿scr.pa.0060,﻿church,[Unnamed Institution],English,,,,﻿Bradford County,﻿Bradford County,﻿Sugar Ridge,,﻿PA,,41.562939,-76.549712,﻿scr.pa.0079,"﻿Visited from Dushore, Sullivan Co.",﻿monthly,,,,,,,,,,,1867,﻿,﻿,﻿Philadelphia,Philadelphia
﻿scr.pa.0061,﻿church,﻿St. Francis',English,,,,﻿Bradford County,,﻿Paine Road,,﻿PA,,41.83625,-76.548823,﻿scr.pa.0079,"﻿Attended from Dushore, Sullivan Co.",,,,,,,,,,,,1867,﻿,﻿,﻿Philadelphia,Philadelphia
﻿scr.pa.0062,﻿church,﻿St. Patrick's,English,,,,﻿Bradford County,﻿Bradford County,﻿Overton,﻿Overton,﻿PA,,41.570075,-76.503001,﻿scr.pa.0079,"﻿Visited from Dushore, Sullivan Co.",﻿every fourth Sunday,,,,,,,,,,,1867,﻿,﻿,﻿Philadelphia,Philadelphia
﻿scr.pa.0063,﻿church,[Unnamed Institution],English,,,,﻿Bradford County,﻿Bradford County,﻿Wilmot,﻿Wilmot,﻿PA,,41.584862,-76.247912,﻿scr.pa.0079,﻿Visited from Dushore,﻿every six weeks,,,,,,,,,,,1867,﻿,﻿,﻿Philadelphia,Philadelphia
﻿scr.pa.0065,﻿church,[Unnamed Institution],English,,,,﻿Bradford County,﻿Bradford County,﻿Browntown,﻿Browntown,﻿PA,,41.652893,-76.239769,﻿scr.pa.0079,﻿Visited from Dushore,﻿every six weeks,,,,,,,,,,,1867,﻿,﻿,﻿Philadelphia,Philadelphia
﻿scr.pa.0064,﻿church,[Unnamed Institution],English,,,,﻿Bradford County,﻿Bradford County,﻿Warren,﻿Warren Township,﻿PA,,41.930933,-76.201557,﻿scr.pa.0088,"﻿Visited from Friendsville, Susquehanna Co.",﻿occasionally,,,,,,,,,,,1867,﻿,﻿,﻿Philadelphia,Philadelphia
﻿scr.pa.0066,﻿church,﻿St. Andrew's,English,,,,﻿Tioga County,﻿Tioga County,﻿Blossburgh,﻿Blossburg,﻿PA,,41.679519,-77.063857,,,,﻿mic_murphy_001,﻿Rev.,﻿Michael Murphy,,﻿Pastor,,,,,,1867,﻿,﻿,﻿Philadelphia,Philadelphia
﻿scr.pa.0067,﻿church,﻿St. Louis',English,,,,﻿Tioga County,﻿Tioga County,﻿Tioga,﻿Tioga,﻿PA,,41.908685,-77.133026,﻿scr.pa.0066,﻿Visited from Blossburgh,﻿monthly,,,,,,,,,,,1867,﻿,﻿,﻿Philadelphia,Philadelphia
﻿scr.pa.0068,﻿church,﻿Church of the Holy Cross,English,,,,﻿Tioga County,﻿Tioga County,﻿Union,﻿Union Township,﻿PA,,41.627682,-76.94126,﻿scr.pa.0066,﻿Visited from Blossburgh,﻿monthly,,,,,,,,,,,1867,﻿,﻿,﻿Philadelphia,Philadelphia
﻿phi.pa.0334,﻿church,[Unnamed Institution],English,,,,﻿Tioga County,﻿Tioga County,﻿Wellsboro,,﻿PA,,41.7475,-77.298056,﻿scr.pa.0066,﻿Visited from Blossburgh,﻿occasionally,,,,,,,,,,,1867,﻿,﻿,﻿Philadelphia,Philadelphia
﻿phi.pa.0333,﻿church,[Unnamed Institution],English,,,,﻿Tioga County,﻿Tioga County,﻿South-mountain,,﻿PA,,,,﻿scr.pa.0066,﻿Visited from Blossburgh,﻿occasionally,,,,,,,,,,,1867,﻿,﻿,﻿Philadelphia,Philadelphia
﻿phi.pa.0352,﻿church,[Unnamed Institution],English,,,,﻿Tioga County,﻿Lycoming County,﻿Rolston,﻿Ralston,﻿PA,,41.506389,-76.954167,﻿scr.pa.0066,﻿Visited from Blossburgh,﻿occasionally,,,,,,,,,,,1867,﻿,﻿,﻿Philadelphia,Philadelphia
﻿phi.pa.0353,﻿church,[Unnamed Institution],English,,,,﻿Tioga County,﻿Tioga County,﻿Fall Brook,,﻿PA,,41.677222,-76.985833,﻿scr.pa.0066,﻿Visited from Blossburgh,﻿occasionally,,,,,,,,,,,1867,﻿,﻿,﻿Philadelphia,Philadelphia
﻿phi.pa.0335,﻿church,[Unnamed Institution],English,,,,﻿Tioga County,﻿Tioga County,﻿Laurenceville,﻿Lawrenceville,﻿PA,,41.995833,-77.129167,﻿scr.pa.0066,﻿Visited from Blossburgh,﻿occasionally,,,,,,,,,,,1867,﻿,﻿,﻿Philadelphia,Philadelphia
﻿phi.pa.0347,﻿church,[Unnamed Institution],English,,,,﻿Tioga County,﻿Tioga County,﻿Mansfield,,﻿PA,,41.806111,-77.075556,﻿scr.pa.0066,﻿Visited from Blossburgh,﻿occasionally,,,,,,,,,,,1867,﻿,﻿,﻿Philadelphia,Philadelphia
﻿phi.pa.0355,﻿church,[Unnamed Institution],English,,,,﻿Tioga County,﻿Tioga County,﻿Morris Run,,﻿PA,,41.677222,-77.018056,﻿scr.pa.0066,﻿Visited from Blossburgh,﻿occasionally,,,,,,,,,,,1867,﻿,﻿,﻿Philadelphia,Philadelphia
﻿wil.de.0001,﻿church,﻿St. Peter's,English,,,,,,﻿Wilmington,,﻿DE,,39.744655,-75.548391,,,,﻿pat_r_obrien_001,﻿Rev.,﻿Patrick R. O'Brien,,﻿Pastor,,,,,,1867,﻿,﻿,﻿Philadelphia,Philadelphia
﻿wil.de.0002,﻿church,﻿St. Mary of the Immaculate Conception,English,,,,,,﻿Wilmington,,﻿DE,,39.744655,-75.548391,,,,﻿pat_reilly_002,﻿Rev.,﻿Patrick Reilly,,﻿Pastor,,,,,,1867,﻿,﻿,﻿Philadelphia,Philadelphia
﻿wil.de.0005,﻿church,﻿St. Joseph's,English,,﻿(H. Clay P.O.),,,,﻿Brandywine,,﻿DE,,39.829556,-75.534368,,,,﻿joh_s_walsh_001,﻿Rev.,﻿John S. Walsh,,﻿Pastor,﻿(H. Clay P.O.),,,,,1867,﻿,﻿,﻿Philadelphia,Philadelphia
﻿wil.de.0006,﻿church,﻿St. Mary's,English,,,,,,﻿Coffee Run,,﻿DE,,39.769081,-75.661697,﻿wil.de.0005,﻿Attended from Brandywine,﻿every second Sunday,,,,,,,,,,,1867,﻿,﻿,﻿Philadelphia,Philadelphia
﻿wil.de.0007,﻿church,﻿St. Peter's,English,,,,,,﻿Newcastle,,﻿DE,,39.662515,-75.564684,,,,﻿geo_bornemann_001,﻿Rev.,﻿George Bornemann,,﻿Pastor,,,,,,1867,﻿,﻿,﻿Philadelphia,Philadelphia
﻿wil.de.0008,﻿church,﻿St. Paul's,English,,,,,,﻿Delaware City,,﻿DE,,39.57615,-75.592281,﻿wil.de.0007,﻿Attended from Newcastle,﻿every second Sunday,,,,,,,,,,,1867,﻿,﻿,﻿Philadelphia,Philadelphia
﻿wil.de.0009,﻿church,[Unnamed Institution],English,,,,,,﻿Newark,,﻿DE,,39.664419,-75.727369,,﻿Visited from Newcastle,,,,,,,,,,,,1867,﻿,﻿,﻿Philadelphia,Philadelphia
﻿phi.pa.0283,﻿church,[Unnamed Institution],English,,,,,,﻿Smyrna,,﻿DE,,39.299722,-75.604722,,﻿Visited from Newcastle,,,,,,,,,,,,1867,﻿,﻿,﻿Philadelphia,Philadelphia
﻿wil.de.0010,﻿church,[Unnamed Institution],English,,,,,,﻿Dover,,﻿DE,,39.158168,-75.524368,,﻿Visited from Newcastle,,,,,,,,,,,,1867,﻿,﻿,﻿Philadelphia,Philadelphia
﻿phi.pa.0285,﻿church,[Unnamed Institution],English,,,,,,﻿Felton,,﻿DE,,39.008333,-75.578056,,﻿Visited from Newcastle,,,,,,,,,,,,1867,﻿,﻿,﻿Philadelphia,Philadelphia
﻿phi.pa.0286,﻿church,[Unnamed Institution],English,,,,,,﻿Frederica,,﻿DE,,40.501141,-75.206941,,﻿Visited from Newcastle,,,,,,,,,,,,1867,﻿,﻿,﻿Philadelphia,Philadelphia
﻿phi.pa.0287,﻿church,[Unnamed Institution],English,,,,,,﻿Fort Delaware,,﻿DE,,39.59,-75.571944,,﻿Visited from Newcastle,,,,,,,,,,,,1867,﻿,﻿,﻿Philadelphia,Philadelphia
﻿phi.pa.0144_02,﻿seminary,﻿Theological Seminary of St. Charles Borromeo,English,"﻿Number of volumes in library, 9000; Chapel of St. Charles Borromeo, attended by the Rev. Professors of the Seminary",﻿North-east corner Eighteenth and Race streets,,,,﻿Philadelphia,,﻿PA,,39.99210279,-75.25608726,,,,﻿jam_oconnor_001,﻿Very Rev.,﻿James O'Connor,﻿D.D.,﻿Rector and Professor of Sacred Eloquence,,﻿priest,"﻿Number of Seminarians, 68",,,1867,﻿,﻿,﻿Philadelphia,Philadelphia
﻿phi.pa.0144_02,﻿seminary,﻿Theological Seminary of St. Charles Borromeo,English,﻿Four students from this Diocese are in the American College at Rome,﻿North-east corner Eighteenth and Race streets,,,,﻿Philadelphia,,﻿PA,,39.99210279,-75.25608726,,,,﻿jos_balfe_001,﻿Rev.,﻿Joseph Balfe,﻿D.D.,﻿Professor of Dogmatic Theology and Ecclesiastical History,,﻿priest,"﻿Number of Seminarians, 68",,,1867,﻿,﻿,﻿Philadelphia,Philadelphia
﻿phi.pa.0144_02,﻿seminary,﻿Theological Seminary of St. Charles Borromeo,English,﻿Four students from this Diocese are in the American College at Rome,﻿North-east corner Eighteenth and Race streets,,,,﻿Philadelphia,,﻿PA,,39.99210279,-75.25608726,,,,﻿wil_ohara_001,﻿Very Rev.,﻿William O'Hara,"﻿D.D., V.G.",﻿Professor of Moral Theology,,﻿priest,"﻿Number of Seminarians, 68",,,1867,﻿,﻿,﻿Philadelphia,Philadelphia
﻿phi.pa.0144_02,﻿seminary,﻿Theological Seminary of St. Charles Borromeo,English,﻿Four students from this Diocese are in the American College at Rome,﻿North-east corner Eighteenth and Race streets,,,,﻿Philadelphia,,﻿PA,,39.99210279,-75.25608726,,,,﻿jam_keogh_001,﻿Rev.,﻿James Keogh,﻿D.D.,"﻿Professor of Dogmatic Theology, Scripture, Hebrew, and Rubrics",,﻿priest,"﻿Number of Seminarians, 68",,,1867,﻿,﻿,﻿Philadelphia,Philadelphia
﻿phi.pa.0144_02,﻿seminary,﻿Theological Seminary of St. Charles Borromeo,English,﻿Four students from this Diocese are in the American College at Rome,﻿North-east corner Eighteenth and Race streets,,,,﻿Philadelphia,,﻿PA,,39.99210279,-75.25608726,,,,﻿ign_horstmann_001,﻿Rev.,﻿Ignatius Horstmann,﻿D.D.,"﻿Professor of Philosophy, Hebrew, and German",,﻿priest,"﻿Number of Seminarians, 68",,,1867,﻿,﻿,﻿Philadelphia,Philadelphia
﻿phi.pa.0144_02,﻿seminary,﻿Theological Seminary of St. Charles Borromeo,English,﻿Four students from this Diocese are in the American College at Rome,﻿North-east corner Eighteenth and Race streets,,,,﻿Philadelphia,,﻿PA,,39.99210279,-75.25608726,,,,﻿j_clave_phi.pa_001,,﻿J. Clave,﻿Esq.,﻿Professor of French,,﻿priest,"﻿Number of Seminarians, 68",,,1867,﻿,﻿,﻿Philadelphia,Philadelphia
﻿phi.pa.0144_02,﻿seminary,﻿Theological Seminary of St. Charles Borromeo,English,﻿Four students from this Diocese are in the American College at Rome,﻿North-east corner Eighteenth and Race streets,,,,﻿Philadelphia,,﻿PA,,39.99210279,-75.25608726,,,,﻿fra_di-maria_001,﻿Rev.,﻿Francis de Maria,﻿S.J.,﻿Spiritual Director,,﻿priest,"﻿Number of Seminarians, 68",,,1867,﻿,﻿,﻿Philadelphia,Philadelphia
﻿phi.pa.0144_02,﻿seminary,﻿Theological Seminary of St. Charles Borromeo,English,﻿Four students from this Diocese are in the American College at Rome,﻿North-east corner Eighteenth and Race streets,,,,﻿Philadelphia,,﻿PA,,39.99210279,-75.25608726,,,,﻿pet_j_blenkinsop_001,﻿Rev.,﻿P.J. Blenkinsop,﻿S.J.,﻿Spiritual Director,,﻿priest,"﻿Number of Seminarians, 68",,,1867,﻿,﻿,﻿Philadelphia,Philadelphia
﻿phi.pa.0144_02,﻿seminary,﻿Theological Seminary of St. Charles Borromeo,English,﻿Four students from this Diocese are in the American College at Rome,﻿North-east corner Eighteenth and Race streets,,,,﻿Philadelphia,,﻿PA,,39.99210279,-75.25608726,,,,﻿j_mellon_001,﻿Mr.,﻿J. Mellon,,﻿Professor of Gregorian Chant,,﻿priest,"﻿Number of Seminarians, 68",,,1867,﻿,﻿,﻿Philadelphia,Philadelphia
﻿phi.pa.0144_02.01,﻿chapel,﻿Chapel of St. Charles Borromeo,English,,,,,,,,﻿PA,,39.99210279,-75.25608726,﻿phi.pa.0144_02,﻿Attended by the Rev. Professors of the Seminary,,,,,,,,,,,,1867,﻿,﻿,﻿Philadelphia,Philadelphia
﻿phi.pa.0144_03,﻿seminary,﻿Preparatory Seminary of St. Charles Borromeo,English,"﻿Chapel of St. Charles Borromeo, attended by the Rev. Clergy of the Seminary",,,﻿Delaware Co.,,﻿Glen Riddle,,﻿PA,,39.87545359,-75.44086602,,,,﻿j_f_shanahan_002,﻿Rev.,﻿J. F. Shanahan,,﻿Rector,,﻿student,"﻿Number of Students, 40",,,1867,﻿,﻿,﻿Philadelphia,Philadelphia
﻿phi.pa.0144_03,﻿seminary,﻿Preparatory Seminary of St. Charles Borromeo,English,"﻿Chapel of St. Charles Borromeo, attended by the Rev. Clergy of the Seminary",,,﻿Delaware Co.,,﻿Glen Riddle,,﻿PA,,39.87545359,-75.44086602,,,,﻿jos_bridgman_001,﻿Rev.,﻿Joseph Bridgman,,﻿Professor,,﻿student,"﻿Number of Students, 40",,,1867,﻿,﻿,﻿Philadelphia,Philadelphia
﻿phi.pa.0144_03,﻿seminary,﻿Preparatory Seminary of St. Charles Borromeo,English,"﻿Chapel of St. Charles Borromeo, attended by the Rev. Clergy of the Seminary",,,﻿Delaware Co.,,﻿Glen Riddle,,﻿PA,,39.87545359,-75.44086602,,,,﻿mic_mullin_001,﻿Rev.,﻿Michael Mullin,,﻿Professor,,﻿student,"﻿Number of Students, 40",,,1867,﻿,﻿,﻿Philadelphia,Philadelphia
﻿phi.pa.0144_03,﻿seminary,﻿Preparatory Seminary of St. Charles Borromeo,English,"﻿Chapel of St. Charles Borromeo, attended by the Rev. Clergy of the Seminary",,,﻿Delaware Co.,,﻿Glen Riddle,,﻿PA,,39.87545359,-75.44086602,,,,﻿joh_w_shanahan_001,﻿Mr.,﻿John W. Shanahan,,﻿Professor,,﻿student,"﻿Number of Students, 40",,,1867,﻿,﻿,﻿Philadelphia,Philadelphia
﻿phi.pa.0144_03,﻿seminary,﻿Preparatory Seminary of St. Charles Borromeo,English,"﻿Chapel of St. Charles Borromeo, attended by the Rev. Clergy of the Seminary",,,﻿Delaware Co.,,﻿Glen Riddle,,﻿PA,,39.87545359,-75.44086602,,,,﻿hen_l_wright_001,﻿Rev.,﻿Henry L. Wright,,﻿Spiritual Director,,﻿student,"﻿Number of Students, 40",,,1867,﻿,﻿,﻿Philadelphia,Philadelphia
﻿phi.pa.0144_03.01,﻿chapel,﻿Chapel of St. Charles Borromeo,English,,,,,,,,﻿PA,,39.87545359,-75.44086602,﻿phi.pa.0144_02,﻿Attended by the Rev. Clergy of the Seminary,,,,,,,,,,,,1867,﻿,﻿,﻿Philadelphia,Philadelphia
﻿phi.pa.0088_03,﻿monastery,﻿Augustinian Monastery of St. Thomas of Villanova,English,"﻿Number of the community, 26","﻿West Haverford P.O., Delaware Co.",﻿West-Haverford P.O.,﻿Delaware Co.,,,,﻿PA,,40.037583,-75.349181,,,,﻿amb_a_mullen_001,﻿Rev.,﻿Ambrose A. Mullen,﻿O.S.A.,﻿Prior,,﻿religious,"﻿Number of the community, 26",,﻿Order of St. Augustine,1867,﻿,﻿,﻿Philadelphia,Philadelphia
﻿phi.pa.0088_03,﻿monastery,﻿Augustinian Monastery of St. Thomas of Villanova,English,"﻿Number of the community, 26","﻿West Haverford P.O., Delaware Co.",﻿West-Haverford P.O.,﻿Delaware Co.,,,,﻿PA,,40.037583,-75.349181,,,,﻿fil_izzo_001,﻿Rev.,﻿Filippo Izzo,﻿O.S.A.,﻿Sub-Prior and Master of Novices,,﻿priest,"﻿professed fathers, 6",,,1867,﻿,﻿,﻿Philadelphia,Philadelphia
﻿phi.pa.0088_03,﻿monastery,﻿Augustinian Monastery of St. Thomas of Villanova,English,"﻿Number of the community, 26","﻿West Haverford P.O., Delaware Co.",﻿West-Haverford P.O.,﻿Delaware Co.,,,,﻿PA,,40.037583,-75.349181,,,,﻿pac_neno_001,﻿Rev.,﻿Pacifico Neno,﻿O.S.A.,﻿Regent of Studies,,﻿religious,"﻿novices, 5",,,1867,﻿,﻿,﻿Philadelphia,Philadelphia
﻿phi.pa.0088_03,﻿monastery,﻿Augustinian Monastery of St. Thomas of Villanova,English,"﻿Number of the community, 26","﻿West Haverford P.O., Delaware Co.",﻿West-Haverford P.O.,﻿Delaware Co.,,,,﻿PA,,40.037583,-75.349181,,,,,,,,,,﻿religious,"﻿postulants, 4",,,1867,﻿,﻿,﻿Philadelphia,Philadelphia
﻿phi.pa.0088_03,﻿monastery,﻿Augustinian Monastery of St. Thomas of Villanova,English,"﻿Number of the community, 26","﻿West Haverford P.O., Delaware Co.",﻿West-Haverford P.O.,﻿Delaware Co.,,,,﻿PA,,40.037583,-75.349181,,,,,,,,,,﻿religious,"﻿lay brothers, 10",,,1867,﻿,﻿,﻿Philadelphia,Philadelphia
﻿wil.de.0027,﻿college,﻿St. Mary's College,English,,,,﻿Delaware Co.,,﻿Wilmington,,﻿PA,,39.744655,-75.548391,,,,﻿pat_reilly_002,﻿Rev.,﻿Patrick Reilly,,﻿President,,﻿student,"﻿Number of boarders, 20",,,1867,﻿,﻿,﻿Philadelphia,Philadelphia
﻿wil.de.0027,﻿college,﻿St. Mary's College,English,,,,﻿Delaware Co.,,﻿Wilmington,,﻿PA,,39.744655,-75.548391,,,,,,,,,,﻿student,"﻿day-scholars, 20",,,1867,﻿,﻿,﻿Philadelphia,Philadelphia
﻿wil.de.0027_02,﻿chapel,﻿St. Mary's Chapel,English,,,,﻿Delaware Co.,,﻿Wilmington,,,,39.744655,-75.548391,,,,﻿pat_reilly_002,﻿Rev.,﻿P. Reilly,,,,,,,,1867,﻿,﻿,﻿Philadelphia,Philadelphia
﻿phi.pa.0006_02,﻿college,﻿St. Joseph's College,English,"﻿Incorporated January 29, 1852, and under the charge of the Rev. Jesuit Fathers, Willing's Alley",,,,,﻿Philadelphia,,﻿PA,,39.972826,-75.165064,,,,﻿fel_j_barbelin_001,﻿Rev.,﻿F. J. Barbelin,﻿S.J.,﻿President,,﻿teacher,"﻿Number of day-scholars, 90",﻿Rev. Jesuit Fathers,﻿Society of Jesus,1867,﻿,﻿,﻿Philadelphia,Philadelphia
﻿phi.pa.0006_02,﻿college,﻿St. Joseph's College,English,"﻿Incorporated January 29, 1852, and under the charge of the Rev. Jesuit Fathers, Willing's Alley",,,,,﻿Philadelphia,,﻿PA,,39.972826,-75.165064,,,,﻿pet_j_blenkinsop_001,﻿Rev.,﻿P. J. Blenkinsop,﻿S.J.,﻿Treasurer,,﻿teacher,"﻿Number of day-scholars, 90",﻿Rev. Jesuit Fathers,,1867,﻿,﻿,﻿Philadelphia,Philadelphia
﻿phi.pa.0088_02,﻿college,﻿College of St. Thomas of Villanova,English,,﻿West-Haverford P.O.,,﻿Delaware Co.,,,,﻿PA,,40.037583,-75.349181,,,,﻿amb_a_mullen_001,﻿Rev.,﻿Ambrose A. Mullen,﻿O.S.A.,﻿President,,﻿religious,﻿four Prefects,,﻿Order of St. Augustine,1867,﻿,﻿,﻿Philadelphia,Philadelphia
﻿phi.pa.0088_02,﻿college,﻿College of St. Thomas of Villanova,English,,﻿West-Haverford P.O.,,﻿Delaware Co.,,,,﻿PA,,40.037583,-75.349181,,,,﻿tho_c_middleton_001,﻿Rev.,﻿Thomas C. Middleton,﻿O.S.A.,﻿Vice-President,,﻿student,"﻿Number of boarders, 63",,,1867,﻿,﻿,﻿Philadelphia,Philadelphia
﻿phi.pa.0088_02,﻿college,﻿College of St. Thomas of Villanova,English,,﻿West-Haverford P.O.,,﻿Delaware Co.,,,,﻿PA,,40.037583,-75.349181,,,,﻿fra_m_sheeran_001,﻿Rev.,﻿Francis M. Sheeran,﻿O.S.A.,,,﻿student,"﻿Number of boarders, 63",,,1867,﻿,﻿,﻿Philadelphia,Philadelphia
﻿phi.pa.0088_02,﻿college,﻿College of St. Thomas of Villanova,English,,﻿West-Haverford P.O.,,﻿Delaware Co.,,,,﻿PA,,40.037583,-75.349181,,,,﻿pac_neno_001,﻿Rev.,﻿Pacifico Neno,﻿O.S.A.,,,﻿student,"﻿Number of boarders, 63",,,1867,﻿,﻿,﻿Philadelphia,Philadelphia
﻿phi.pa.0088_02,﻿college,﻿College of St. Thomas of Villanova,English,,﻿West-Haverford P.O.,,﻿Delaware Co.,,,,﻿PA,,40.037583,-75.349181,,,,﻿fil_izzo_001,﻿Rev.,﻿Filippo Izzo,﻿O.S.A.,,,﻿student,﻿boarder,,,1867,﻿,﻿,﻿Philadelphia,Philadelphia
﻿phi.pa.0088_02,﻿college,﻿College of St. Thomas of Villanova,English,,﻿West-Haverford P.O.,,﻿Delaware Co.,,,,﻿PA,,40.037583,-75.349181,,,,﻿jam_d_waldron_001,﻿Rev.,﻿J. D. Waldron,﻿O.S.A.,,,﻿student,﻿boarder,,,1867,﻿,﻿,﻿Philadelphia,Philadelphia
﻿phi.pa.0088_02,﻿college,﻿College of St. Thomas of Villanova,English,,﻿West-Haverford P.O.,,﻿Delaware Co.,,,,﻿PA,,40.037583,-75.349181,,,,﻿michael_farrell_phi.pa_001,,﻿Michael Farrell,﻿O.S.A.,,,﻿student,﻿boarder,,,1867,﻿,﻿,﻿Philadelphia,Philadelphia
﻿phi.pa.0088_02,﻿college,﻿College of St. Thomas of Villanova,English,,﻿West-Haverford P.O.,,﻿Delaware Co.,,,,﻿PA,,40.037583,-75.349181,,,,﻿p_m_arnu_001,,﻿P. M. Arnee,﻿A.M.,,,﻿student,﻿boarder,,,1867,﻿,﻿,﻿Philadelphia,Philadelphia
﻿phi.pa.0088_02,﻿college,﻿College of St. Thomas of Villanova,English,,﻿West-Haverford P.O.,,﻿Delaware Co.,,,,﻿PA,,40.037583,-75.349181,,,,﻿john_k_maguire_phi.pa_001,,﻿John K. Maguire,,,,﻿student,﻿boarder,,,1867,﻿,﻿,﻿Philadelphia,Philadelphia
﻿phi.pa.0153_02,﻿convent,﻿Convent of the Good Shepherd,English,"﻿Total number of religious in the diocese, 59",﻿Twenty-second and Walnut streets,,,,﻿Philadelphia,,﻿PA,,39.95401,-75.176665,﻿phi.pa.0013,"﻿Chapel attended by the Rev. Clergy of St. Patrick's Church, Twentieth and Locust",,﻿m-of-st-boniface_phi.pa_001,﻿Mother,﻿Mary of St. Boniface,,﻿Superior,,﻿religious,"﻿Professed sisters, 24",,,1867,﻿,﻿,﻿Philadelphia,Philadelphia
﻿phi.pa.0153_02,﻿convent,﻿Convent of the Good Shepherd,English,"﻿Total number of religious in the diocese, 59",﻿Twenty-second and Walnut streets,,,,﻿Philadelphia,,﻿PA,,39.95401,-75.176665,,,,,,,,,,﻿religious,"﻿novices, 13",,,1867,﻿,﻿,﻿Philadelphia,Philadelphia
﻿phi.pa.0153_02,﻿convent,﻿Convent of the Good Shepherd,English,"﻿Total number of religious in the diocese, 59",﻿Twenty-second and Walnut streets,,,,﻿Philadelphia,,﻿PA,,39.95401,-75.176665,,,,,,,,,,﻿religious,"﻿postulants, 4",,,1867,﻿,﻿,﻿Philadelphia,Philadelphia
﻿phi.pa.0153_02,﻿convent,﻿Convent of the Good Shepherd,English,"﻿Total number of religious in the diocese, 59",﻿Twenty-second and Walnut streets,,,,﻿Philadelphia,,﻿PA,,39.95401,-75.176665,,,,,,,,,,﻿religious,"﻿out-door sisters, 2",,,1867,﻿,﻿,﻿Philadelphia,Philadelphia
﻿phi.pa.0153_02,﻿convent,﻿Convent of the Good Shepherd,English,"﻿Total number of religious in the diocese, 59",﻿Twenty-second and Walnut streets,,,,﻿Philadelphia,,﻿PA,,39.95401,-75.176665,,,,,,,,,,﻿patient,﻿The Magdalen Convent contains 30 Magdalens,,,1867,﻿,﻿,﻿Philadelphia,Philadelphia
﻿phi.pa.0153_02,﻿convent,﻿Convent of the Good Shepherd,English,"﻿Total number of religious in the diocese, 59",﻿Twenty-second and Walnut streets,,,,﻿Philadelphia,,﻿PA,,39.95401,-75.176665,,,,,,,,,,﻿religious,"﻿Total number of religious in the diocese, 59",,,1867,﻿,﻿,﻿Philadelphia,Philadelphia
﻿phi.pa.0155_02,﻿convent,﻿Convent of the Good Shepherd,English,,"﻿Thirty-ninth and Pine streets, West Philadelphia",,,,﻿Philadelphia,,﻿PA,,39.950462,-75.201338,﻿phi.pa.0029,"﻿Chappel attended by Rev. Clergy of St. James' Church, West-Philadelphia",,﻿m-boniface_phi.pa_001,﻿Mother,﻿Mary Boniface,,﻿Superior,,﻿religious,"﻿professed sisters, 18",,,1867,﻿,﻿,﻿Philadelphia,Philadelphia
﻿phi.pa.0157_03,﻿convent,﻿St. Joseph's Convent (Sisters of St. Joseph),English,"﻿Total number of the community in the diocese, 143",﻿Chestnut Hill,,,,﻿Philadelphia,,﻿PA,,40.083098,-75.215941,,,,﻿st-john_phi.pa_001,﻿Mother,﻿St. John,,﻿Superior,,﻿religious,"﻿Professed sisters, 15",﻿Sisters of St. Joseph,﻿Order of St. Augustine,1867,﻿,﻿,﻿Philadelphia,Philadelphia
﻿phi.pa.0157_03,﻿convent,﻿St. Joseph's Convent (Sisters of St. Joseph),English,"﻿Total number of the community in the diocese, 143",﻿Chestnut Hill,,,,﻿Philadelphia,,﻿PA,,40.083098,-75.215941,,,,﻿wil_harnett_001,﻿Rev.,﻿William Harnett,﻿O.S.A.,﻿Chaplain,,﻿religious,"﻿novices, 19",﻿Sisters of St. Joseph,,1867,﻿,﻿,﻿Philadelphia,Philadelphia
﻿phi.pa.0157_03,﻿convent,﻿St. Joseph's Convent (Sisters of St. Joseph),English,"﻿Total number of the community in the diocese, 143",﻿Chestnut Hill,,,,﻿Philadelphia,,﻿PA,,40.083098,-75.215941,,,,,,,,,,﻿religious,"﻿postulants, 10",﻿Sisters of St. Joseph,,1867,﻿,﻿,﻿Philadelphia,Philadelphia
﻿phi.pa.0159,﻿convent,﻿Convent of the Sisters,English,"﻿Servants of the Immaculate Heart of Mary. Total number of sisters in the diocese, 70",,,,,﻿Reading,,﻿PA,,40.335648,-75.926875,,,,﻿m-jerome_phi.pa_001,﻿Mother,﻿M. Jerome,,﻿Superior,,﻿religious,"﻿Professed sisters, 19",﻿Servants of the Immaculate Heart of Mary,"﻿Sisters, Servants of the Immaculate Heart of Mary",1867,﻿,﻿,﻿Philadelphia,Philadelphia
﻿phi.pa.0159,﻿convent,﻿Convent of the Sisters,English,"﻿Servants of the Immaculate Heart of Mary. Total number of sisters in the diocese, 70",,,,,﻿Reading,,﻿PA,,40.335648,-75.926875,,,,,,,,,,﻿religious,"﻿novices, 12",﻿Servants of the Immaculate Heart of Mary,,1867,﻿,﻿,﻿Philadelphia,Philadelphia
﻿phi.pa.0159,﻿convent,﻿Convent of the Sisters,English,"﻿Servants of the Immaculate Heart of Mary. Total number of sisters in the diocese, 70",,,,,﻿Reading,,﻿PA,,40.335648,-75.926875,,,,,,,,,,﻿religious,"﻿postulants, 8",﻿Servants of the Immaculate Heart of Mary,,1867,﻿,﻿,﻿Philadelphia,Philadelphia
﻿phi.pa.0159_02,﻿chapel,[Unnamed Institution],English,,﻿Convent of the Sisters (Reading),,,,﻿Reading,,﻿PA,,40.335648,-75.926875,﻿phi.pa.0043,"﻿Attended from St. Peter's Church, Reading",,,,,,,,﻿religious,,,,1867,﻿,﻿,﻿Philadelphia,Philadelphia
﻿phi.pa.0300,﻿convent,﻿Convent of the Sisters,English,,﻿St. Joseph's P.O.,,,,,,﻿PA,,41.92174473,-75.99272361,,,,﻿m-scholastica_phi.pa_001,﻿Mother,﻿Mary Scholastica,,﻿Superior,,﻿religious,"﻿professed sisters, 7",﻿Servants of the Immaculate Heart of Mary,"﻿Sisters, Servants of the Immaculate Heart of Mary",1867,﻿,﻿,﻿Philadelphia,Philadelphia
﻿phi.pa.0300,﻿convent,﻿Convent of the Sisters,English,,﻿St. Joseph's P.O.,,,,,,﻿PA,,41.92174473,-75.99272361,,,,,,,,,,﻿religious,"﻿novices, 3",﻿Servants of the Immaculate Heart of Mary,,1867,﻿,﻿,﻿Philadelphia,Philadelphia
﻿phi.pa.0300_02,﻿chapel,[Unnamed Institution],English,,﻿Convent of the Sisters (St. Joseph's P.O.),,,,,,﻿PA,,41.92174473,-75.99272361,,﻿Attended by the Rev. Clergy of St. Joseph's P.O.,,,,,,,,,,,,1867,﻿,﻿,﻿Philadelphia,Philadelphia
﻿scr.pa.0098,﻿convent,﻿Convent of the Sisters,English,﻿Servants of the Immaculate Heart of Mary,,,﻿Susquehanna Co.,,﻿Susquehanna Depot,,﻿PA,,41.943607,-75.599179,,,,﻿m-theresa_phi.pa_001,﻿Mother,﻿Mary Theresa,,﻿Superior,,﻿religious,"﻿Professed sisters, 8",﻿Servants of the Immaculate Heart of Mary,"﻿Sisters, Servants of the Immaculate Heart of Mary",1867,﻿,﻿,﻿Philadelphia,Philadelphia
﻿scr.pa.0098_02,﻿chapel,[Unnamed Institution],English,,﻿Convent of the Sisters (Susquehanna Depot),,﻿Susquehanna Co.,,﻿Susquehanna Depot,,﻿PA,,41.943607,-75.599179,﻿scr.pa.0083,﻿Attended by the Rev. Clergy of Susquehanna Depot,,,,,,,,﻿religious,,,,1867,﻿,﻿,﻿Philadelphia,Philadelphia
﻿phi.pa.0282,﻿convent,﻿Convent of the Sisters,English,﻿Servants of the Immaculate Heart of Mary,"﻿Christian street, near Eighth",,﻿Luzerne County,,﻿Philadelphia,,﻿PA,,41.24468,-75.447785,,,,﻿m-bernard_m-bernard _scr.pa_001,﻿Mother,﻿Mary Bernard,,﻿Superior,,﻿religious,"﻿Professed sisters, 9",﻿Servants of the Immaculate Heart of Mary,"﻿Sisters, Servants of the Immaculate Heart of Mary",1867,﻿,﻿,﻿Philadelphia,Philadelphia
﻿phi.pa.0282_02,﻿chapel,[Unnamed Institution],English,,"﻿Convent of the Sisters (Christian street, near Eighth)",,,,,,﻿PA,,41.24468,-75.447785,﻿phi.pa.0014,﻿Attended by the Rev. Clergy of St. Paul's,,,,,,,,﻿religious,,,,1867,﻿,﻿,﻿Philadelphia,Philadelphia
﻿phi.pa.0188,﻿convent,﻿Convent of the Sisters,English,﻿Servants of the Immaculate Heart of Mary,﻿Manayunk,,,,﻿Philadelphia,,﻿PA,,40.024621,-75.219578,,,,﻿m-gonzaga_phi.pa_001,﻿Mother,﻿Mary Gonzaga,,﻿Superior,,﻿religious,"﻿Professed sisters, 6",﻿Servants of the Immaculate Heart of Mary,"﻿Sisters, Servants of the Immaculate Heart of Mary",1867,﻿,﻿,﻿Philadelphia,Philadelphia
﻿phi.pa.0284_02,﻿convent,﻿Convent of the Sisters,English,﻿Servants of the Immaculate Heart of Mary,,﻿Frankford,,,﻿Philadelphia,,﻿PA,,40.064386,-75.235648,,,,﻿m-joseph_phi.pa_001,﻿Mother,﻿M. Joseph,,﻿Superior,,﻿religious,"﻿Professed sisters, 7",﻿Servants of the Immaculate Heart of Mary,"﻿Sisters, Servants of the Immaculate Heart of Mary",1867,﻿,﻿,﻿Philadelphia,Philadelphia
﻿scr.pa.0097,﻿convent,﻿Convent of the Sisters,English,﻿Servants of the Immaculate Heart of Mary,,,﻿Luzerne Co.,,﻿Pittston,,﻿PA,,41.325913,-75.78936,,,,﻿m-gabriel_phi.pa_001,﻿Mother,﻿M. Gabriel,,﻿Superior,,﻿religious,"﻿Professed sisters, 7",﻿Servants of the Immaculate Heart of Mary,"﻿Sisters, Servants of the Immaculate Heart of Mary",1867,﻿,﻿,﻿Philadelphia,Philadelphia
﻿phi.pa.0286,﻿convent,﻿Convent of the Sisters,English,﻿Servants of the Immaculate Heart of Mary,﻿Bucksville P.O.,,﻿Bucks Co.,,﻿Haycock,,﻿PA,,40.501141,-75.206941,,,,﻿m-anastasia_scr.pa_002,﻿Mother,﻿M. Anastasia,,﻿Superior,,﻿religious,"﻿Professed sisters, 7",﻿Servants of the Immaculate Heart of Mary,"﻿Sisters, Servants of the Immaculate Heart of Mary",1867,﻿,﻿,﻿Philadelphia,Philadelphia
﻿phi.pa.0286_02,﻿chapel,[Unnamed Institution],English,,﻿Convent of the Sisters (Haycock),,,,,,﻿PA,,40.501141,-75.206941,﻿phi.pa.0055,﻿Attended from Haycock,,,,,,,,﻿religious,,,,1867,﻿,﻿,﻿Philadelphia,Philadelphia
﻿phi.pa.0161_02,﻿convent,﻿Convent of the Sacred Heart,English,"﻿Total number of the community in the diocese, 52","﻿Eden Hall (P.O., Torresdale, Philadelphia)",,,,﻿Philadelphia,,﻿PA,,40.054579,-74.986458,,,,﻿tucker_phi.pa_001,﻿Madame,﻿Tucker,,﻿Superior,,﻿religious,"﻿Professed sisters, 14",,,1867,﻿,﻿,﻿Philadelphia,Philadelphia
﻿phi.pa.0161_02,﻿convent,﻿Convent of the Sacred Heart,English,"﻿Total number of the community in the diocese, 52","﻿Eden Hall (P.O., Torresdale, Philadelphia)",,,,﻿Philadelphia,,﻿PA,,40.054579,-74.986458,,,,﻿mat_a_mcgrane_002,﻿Rev.,﻿M. McGrane,,﻿Chaplain,,﻿religious,"﻿aspirants, 23",,,1867,﻿,﻿,﻿Philadelphia,Philadelphia
﻿phi.pa.0161_02,﻿convent,﻿Convent of the Sacred Heart,English,"﻿Total number of the community in the diocese, 52","﻿Eden Hall (P.O., Torresdale, Philadelphia)",,,,﻿Philadelphia,,﻿PA,,40.054579,-74.986458,,,,,,,,,,﻿religious,"﻿novice, 1",,,1867,﻿,﻿,﻿Philadelphia,Philadelphia
﻿phi.pa.0161_02,﻿convent,﻿Convent of the Sacred Heart,English,"﻿Total number of the community in the diocese, 52","﻿Eden Hall (P.O., Torresdale, Philadelphia)",,,,﻿Philadelphia,,﻿PA,,40.054579,-74.986458,,,,,,,,,,﻿religious,"﻿postulants, 2",,,1867,﻿,﻿,﻿Philadelphia,Philadelphia
﻿phi.pa.0162_02,﻿convent,﻿Convent of the Sacred Heart,English,,﻿1334 Walnut street,,,,﻿Philadelphia,,﻿PA,,39.949159,-75.1636,,,,﻿mcnally_phi.pa_001,﻿Madame,﻿McNally,,﻿Superior,,﻿religious,"﻿Professed sisters, 8",,,1867,﻿,﻿,﻿Philadelphia,Philadelphia
﻿phi.pa.0162_02,﻿convent,﻿Convent of the Sacred Heart,English,,﻿1334 Walnut street,,,,﻿Philadelphia,,﻿PA,,39.949159,-75.1636,,,,﻿jam_oconnor_001,﻿Very Rev.,﻿James O'Connor,,﻿Chaplain,,﻿religious,"﻿novice, 1",,,1867,﻿,﻿,﻿Philadelphia,Philadelphia
﻿phi.pa.0163_02,﻿convent,﻿Convent of the Sisters of Notre Dame,English,,﻿1321 Filbert street,,,,﻿Philadelphia,,﻿PA,,39.949631,-75.172917,,,,﻿julia_phi.pa_001,﻿Sister,﻿Julia,,﻿Superior,,﻿religious,"﻿professed sisters, 16",,,1867,﻿,﻿,﻿Philadelphia,Philadelphia
﻿phi.pa.0163_02,﻿convent,﻿Convent of the Sisters of Notre Dame,English,,﻿1321 Filbert street,,,,﻿Philadelphia,,﻿PA,,39.949631,-75.172917,,,,﻿ign_horstmann_001,﻿Rev.,﻿Ignatius Horstmann,﻿D.D,﻿Chaplain,,﻿religious,"﻿professed sisters, 16",,,1867,﻿,﻿,﻿Philadelphia,Philadelphia
﻿phi.pa.0164_02,﻿convent,﻿Convent of the Sisters of Mercy,English,"﻿Total number of sisters in the diocese, 18",﻿No. 1636 Broad street,,,,﻿Philadelphia,,﻿PA,,40.088219,-75.258639,,,,﻿m-patricia_waldron_phi.pa_001,﻿Mother,﻿M. Patricia Waldron,,﻿Superior,,﻿religious,"﻿Professed sisters, 10",,,1867,﻿,﻿,﻿Philadelphia,Philadelphia
﻿phi.pa.0164_02,﻿convent,﻿Convent of the Sisters of Mercy,English,"﻿Total number of sisters in the diocese, 18",﻿No. 1636 Broad street,,,,﻿Philadelphia,,﻿PA,,40.088219,-75.258639,,,,,,,,,,﻿religious,"﻿novices, 5",,,1867,﻿,﻿,﻿Philadelphia,Philadelphia
﻿phi.pa.0164_02,﻿convent,﻿Convent of the Sisters of Mercy,English,"﻿Total number of sisters in the diocese, 18",﻿No. 1636 Broad street,,,,﻿Philadelphia,,﻿PA,,40.088219,-75.258639,,,,,,,,,,﻿religious,"﻿postulants, 3",,,1867,﻿,﻿,﻿Philadelphia,Philadelphia
﻿phi.pa.0164_02.01,﻿chapel,[Unnamed Institution],English,,﻿Convent of the Sisters of Mercy (No. 1636 Broad street),,,,﻿Philadelphia,,﻿PA,,40.088219,-75.258639,﻿phi.pa.0017,﻿Attended by the Rev. Clergy of St. Malachi's,,,,,,,,﻿religious,,,,1867,﻿,﻿,﻿Philadelphia,Philadelphia
﻿phi.pa.0167_02,﻿convent,﻿Convent of the Sisters of Notre Dame,English,"﻿Total number of sisters in the diocese, 15",﻿No. 1054 Apple street,,,,﻿Philadelphia,,﻿PA,,39.969282,-75.144375,,,,﻿m-aloysia_phi.pa_001,﻿Sister,﻿Mary Aloysia,,﻿Superior,,﻿religious,"﻿Professed sisters, 9",,,1867,﻿,﻿,﻿Philadelphia,Philadelphia
﻿phi.pa.0167_02,﻿convent,﻿Convent of the Sisters of Notre Dame,English,"﻿Total number of sisters in the diocese, 15",﻿No. 1054 Apple street,,,,﻿Philadelphia,,﻿PA,,39.969282,-75.144375,,,,,,,,,,﻿religious,"﻿postulants, 9",,,1867,﻿,﻿,﻿Philadelphia,Philadelphia
﻿phi.pa.0167_02.01,﻿chapel,[Unnamed Institution],English,,﻿Convent of the Sisters of Notre Dame,,,,﻿Philadelphia,,﻿PA,,39.969282,-75.144375,﻿phi.pa.0015,﻿Attended by the Rev. Fathers from St. Peter's,,,,,,,,,,,,1867,﻿,﻿,﻿Philadelphia,Philadelphia
﻿phi.pa.0169,﻿convent,﻿Convent of the Sisters of the Third Order of St. Francis Assisium,English,"﻿Total number of sisters in the diocese, 24","﻿Reed street, above Fifth",,,,﻿Philadelphia,,﻿PA,,39.931146,-75.153411,,,,﻿m-agnes_phi.pa_001,﻿Mother,﻿Mary Agnes,,﻿Superior,,﻿religious,"﻿Professed sisters, 5",,,1867,﻿,﻿,﻿Philadelphia,Philadelphia
﻿phi.pa.0169,﻿convent,﻿Convent of the Sisters of the Third Order of St. Francis Assisium,English,"﻿Total number of sisters in the diocese, 24","﻿Reed street, above Fifth",,,,﻿Philadelphia,,﻿PA,,39.931146,-75.153411,,,,,,,,,,﻿religious,"﻿novices, 8",,,1867,﻿,﻿,﻿Philadelphia,Philadelphia
﻿phi.pa.0169,﻿convent,﻿Convent of the Sisters of the Third Order of St. Francis Assisium,English,"﻿Total number of sisters in the diocese, 24","﻿Reed street, above Fifth",,,,﻿Philadelphia,,﻿PA,,39.931146,-75.153411,,,,,,,,,,﻿religious,"﻿postulant, 1",,,1867,﻿,﻿,﻿Philadelphia,Philadelphia
﻿phi.pa.0169_02,﻿chapel,[Unnamed Institution],English,,﻿Convent of the Sisters of the Third Order of St. Francis Assisium,,,,﻿Philadelphia,,﻿PA,,39.931146,-75.153411,﻿phi.pa.0020,﻿Attended from St. Alphonsus',,,,,,,,﻿religious,,,,1867,﻿,﻿,﻿Philadelphia,Philadelphia
﻿phi.pa.0166_02,﻿convent,﻿Convent of the Society of the Holy Child Jesus,English,"﻿Total number of sisters in the diocese, 30",﻿Darby P.O.,,﻿Delaware Co.,,﻿Sharon,,﻿PA,,41.233112,-80.493403,,,,﻿m-xavier_phi.pa_001,﻿Mother,﻿Mary Xavier,,﻿Superior,,﻿religious,"﻿professed sisters, 9",,,1867,﻿,﻿,﻿Philadelphia,Philadelphia
﻿phi.pa.0166_02,﻿convent,﻿Convent of the Society of the Holy Child Jesus,English,"﻿Total number of sisters in the diocese, 30",﻿Darby P.O.,,﻿Delaware Co.,,﻿Sharon,,﻿PA,,41.233112,-80.493403,,,,,,,,,,﻿religious,"﻿novices, 10",,,1867,﻿,﻿,﻿Philadelphia,Philadelphia
﻿phi.pa.0166_02,﻿convent,﻿Convent of the Society of the Holy Child Jesus,English,"﻿Total number of sisters in the diocese, 30",﻿Darby P.O.,,﻿Delaware Co.,,﻿Sharon,,﻿PA,,41.233112,-80.493403,,,,,,,,,,﻿religious,"﻿postulants, 1",,,1867,﻿,﻿,﻿Philadelphia,Philadelphia
﻿phi.pa.0166_02.01,﻿chapel,[Unnamed Institution],English,,﻿Convent of the Holy Child Jesus,,﻿Delaware Co.,,﻿Sharon,,﻿PA,,41.233112,-80.493403,﻿phi.pa.0039,"﻿Attended by the Rev. A. J. Gallagher, of St. Clement's",,,,,,,,﻿religious,,,,1867,﻿,﻿,﻿Philadelphia,Philadelphia
﻿phi.pa.0288,﻿convent,﻿Convent of the Sisters,English,﻿Servants of the Immaculate Heart of Mary,,,,,﻿Lebanon,,﻿PA,,40.341111,-76.422778,,,,﻿m-cephas_phi.pa_001,﻿Mother,﻿M. Cephas,,﻿Superior,,﻿religious,"﻿Number of sisters, 6",﻿Servants of the Immaculate Heart of Mary,"﻿Sisters, Servants of the Immaculate Heart of Mary",1867,﻿,﻿,﻿Philadelphia,Philadelphia
﻿phi.pa.0200_03,﻿convent,﻿Convent of the Society of the Holy Child Jesus,English,,﻿No. 1135 Spring Garden street,,,,﻿Philadelphia,,﻿PA,,39.962038,-75.157293,,,,﻿m-walburga_phi.pa_001,﻿Mother,﻿Mary Walburga,,﻿Superior,,﻿religious,"﻿Professed sisters, 5",,,1867,﻿,﻿,﻿Philadelphia,Philadelphia
﻿phi.pa.0200_03,﻿convent,﻿Convent of the Society of the Holy Child Jesus,English,,﻿No. 1135 Spring Garden street,,,,﻿Philadelphia,,﻿PA,,39.962038,-75.157293,,,,,,,,,,﻿religious,"﻿novices, 4",,,1867,﻿,﻿,﻿Philadelphia,Philadelphia
﻿phi.pa.0200_03,﻿convent,﻿Convent of the Society of the Holy Child Jesus,English,,﻿No. 1135 Spring Garden street,,,,﻿Philadelphia,,﻿PA,,39.962038,-75.157293,,,,,,,,,,﻿religious,"﻿postulant, 1",,,1867,﻿,﻿,﻿Philadelphia,Philadelphia
﻿phi.pa.0200_03.01,﻿chapel,[Unnamed Institution],English,,﻿Convent of the Society of the Holy Child Jesus,,,,﻿Philadelphia,,﻿PA,,39.962038,-75.157293,﻿phi.pa.0016,﻿Attended by the Rev. Clergy of the Church of the Assumption,,,,,,,,﻿religious,,,,1867,﻿,﻿,﻿Philadelphia,Philadelphia
﻿phi.pa.0204_04,﻿convent,﻿Oblate Sisters of Providence,English,﻿colored,﻿No. 430 Lombard street,,,,﻿Philadelphia,,﻿PA,,39.942591,-75.149907,,,,﻿m-theodore_phi.pa_001,﻿Sister,﻿Mary Theodore,,﻿Superior,,﻿religious,"﻿Professed sisters, 3",,,1867,﻿,﻿,﻿Philadelphia,Philadelphia
﻿phi.pa.0246,﻿hospital,﻿Convent of the Sisters of St. Francis,English,,"﻿--------- street, Philadelphia",,,,﻿Philadelphia,,﻿PA,,39.975294,-75.132285,,,,﻿m-cecilia_phi.pa_001,﻿Sister,﻿Mary Cecilia,,﻿Superior,,﻿religious,"﻿Professed sisters, 6",,,1867,﻿,﻿,﻿Philadelphia,Philadelphia
﻿phi.pa.0246,﻿hospital,﻿Convent of the Sisters of St. Francis,English,,"﻿--------- street, Philadelphia",,,,﻿Philadelphia,,﻿PA,,39.975294,-75.132285,,,,﻿f_gemeinder_001,﻿Rev.,﻿F. Gemeinder,,﻿Chaplain,,﻿religious,"﻿postulants, 2",,,1867,﻿,﻿,﻿Philadelphia,Philadelphia
﻿phi.pa.0292,﻿convent,﻿Convent of the Sisters of St. Francis,English,,﻿Bridesburgh,,,,﻿Philadelphia,,,,40.003056,-75.068889,,,,﻿m-aloysius_phi.pa_001,﻿Sister,﻿Mary Aloysius,,﻿Superior,,﻿religious,"﻿Professed sisters, 3",,,1867,﻿,﻿,﻿Philadelphia,Philadelphia
﻿phi.pa.0292,﻿convent,﻿Convent of the Sisters of St. Francis,English,,﻿Bridesburgh,,,,﻿Philadelphia,,,,40.003056,-75.068889,,,,,,,,,,﻿religious,"﻿postulant, 1",,,1867,﻿,﻿,﻿Philadelphia,Philadelphia
﻿phi.pa.0010_03,﻿academy,﻿Brothers of the Christian Schools,English,"﻿Number of brothers in the diocese, 24",﻿No. 1419 North-Second street,,,,﻿Philadelphia,,﻿PA,,39.973891,-75.13849,,,,﻿oliver_phi.pa_001,﻿Brother,﻿Oliver,,﻿Director,,﻿religious,"﻿Total number of boys taught, 2000",,,1867,﻿,﻿,﻿Philadelphia,Philadelphia
﻿phi.pa.0161_03,﻿academy,﻿Academy of the Sacred Heart,English,,﻿Eden Hall (Torresdale P.O.),,,,﻿Philadelphia,,﻿PA,,40.054579,-74.986458,,,,﻿tucker_phi.pa_001,﻿Madame,﻿Tucker,,﻿Superior,,﻿religious,"﻿number of religious, 17",,,1867,﻿,﻿,﻿Philadelphia,Philadelphia
﻿phi.pa.0161_03,﻿academy,﻿Academy of the Sacred Heart,English,,﻿Eden Hall (Torresdale P.O.),,,,﻿Philadelphia,,﻿PA,,40.054579,-74.986458,,,,,,,,,,﻿religious,"﻿number of boarders, 74",,,1867,﻿,﻿,﻿Philadelphia,Philadelphia
﻿phi.pa.0162_03,﻿academy,﻿Academy of the Sacred Heart,English,,﻿No. 1334 Walnut street,,,,﻿Philadelphia,,﻿PA,,39.949159,-75.1636,,,,﻿mcnally_phi.pa_001,﻿Madame,﻿McNally,,﻿Superior,,﻿child,"﻿number of religious, 9",,,1867,﻿,﻿,﻿Philadelphia,Philadelphia
﻿phi.pa.0162_03,﻿academy,﻿Academy of the Sacred Heart,English,,﻿No. 1334 Walnut street,,,,﻿Philadelphia,,﻿PA,,39.949159,-75.1636,,,,,,,,,,﻿religious,"﻿number of day-scholars, 60",,,1867,﻿,﻿,﻿Philadelphia,Philadelphia
﻿phi.pa.0163_03,﻿academy,﻿Academy of Sisters of Notre Dame,English,,﻿No. 1321 Filbert street,,,,﻿Philadelphia,,﻿PA,,39.949631,-75.172917,,,,﻿julia_phi.pa_001,﻿Sister,﻿Julia,,﻿Superior,,﻿religious,"﻿number of religious, 16",,,1867,﻿,﻿,﻿Philadelphia,Philadelphia
﻿phi.pa.0163_03,﻿academy,﻿Academy of Sisters of Notre Dame,English,,﻿No. 1321 Filbert street,,,,﻿Philadelphia,,﻿PA,,39.949631,-75.172917,,,,,,,,,,﻿religious,"﻿number of boarders, 15",,,1867,﻿,﻿,﻿Philadelphia,Philadelphia
﻿phi.pa.0163_03,﻿academy,﻿Academy of Sisters of Notre Dame,English,,﻿No. 1321 Filbert street,,,,﻿Philadelphia,,﻿PA,,39.949631,-75.172917,,,,,,,,,,﻿student,"﻿number of day-scholars, 198",,,1867,﻿,﻿,﻿Philadelphia,Philadelphia
﻿phi.pa.0163_03,﻿academy,﻿Academy of Sisters of Notre Dame,English,,﻿No. 1321 Filbert street,,,,﻿Philadelphia,,﻿PA,,39.949631,-75.172917,,,,,,,,,,﻿student,"﻿number attending night-school, about 300",,,1867,﻿,﻿,﻿Philadelphia,Philadelphia
﻿phi.pa.0157_02,﻿academy,﻿St. Joseph's Academy,English,,﻿Chestnut Hill,,,,﻿Philadelphia,,﻿PA,,40.083098,-75.215941,,,,﻿st-john_phi.pa_001,﻿Mother,﻿St. John,,﻿Superior,,﻿religious,"﻿number of religious, 44",﻿Sisters of St. Joseph,,1867,﻿,﻿,﻿Philadelphia,Philadelphia
﻿phi.pa.0157_02,﻿academy,﻿St. Joseph's Academy,English,,﻿Chestnut Hill,,,,﻿Philadelphia,,﻿PA,,40.083098,-75.215941,,,,,,,,,,﻿student,"﻿boarders, 40",﻿Sisters of St. Joseph,,1867,﻿,﻿,﻿Philadelphia,Philadelphia
﻿phi.pa.0157_02,﻿academy,﻿St. Joseph's Academy,English,,﻿Chestnut Hill,,,,﻿Philadelphia,,﻿PA,,40.083098,-75.215941,,,,,,,,,,﻿student,"﻿day-scholars, 50",﻿Sisters of St. Joseph,,1867,﻿,﻿,﻿Philadelphia,Philadelphia
﻿phi.pa.0155_03,﻿school,﻿Academy of the Immaculate Conception,English,﻿This is a school for the instruction of girls in the different branches of industry.,"﻿Thirty-ninth and Pine streets, Philadelphia",,,,﻿Philadelphia,,﻿PA,,39.950462,-75.201338,,,,,﻿Mother,,,﻿Superior,,﻿religious,"﻿number of religious, 18",﻿Sisters of the Good Shepherd,﻿Congregation of Our Lady of Charity of the Good Shepherd,1867,﻿,﻿,﻿Philadelphia,Philadelphia
﻿phi.pa.0155_03,﻿school,﻿Academy of the Immaculate Conception,English,﻿This is a school for the instruction of girls in the different branches of industry.,"﻿Thirty-ninth and Pine streets, Philadelphia",,,,﻿Philadelphia,,﻿PA,,39.950462,-75.201338,,,,,,,,,,﻿student,"﻿number of boarders, 50",﻿Sisters of the Good Shepherd,,1867,﻿,﻿,﻿Philadelphia,Philadelphia
﻿phi.pa.0155_03,﻿school,﻿Academy of the Immaculate Conception,English,﻿This is a school for the instruction of girls in the different branches of industry.,"﻿Thirty-ninth and Pine streets, Philadelphia",,,,﻿Philadelphia,,﻿PA,,39.950462,-75.201338,,,,,,,,,,﻿student,"﻿day scholars, 9",﻿Sisters of the Good Shepherd,,1867,﻿,﻿,﻿Philadelphia,Philadelphia
﻿phi.pa.0164_03,﻿academy,﻿Academy of the Sisters of Mercy,English,,﻿No. 1636 Broad street,,,,﻿Philadelphia,,﻿PA,,40.088219,-75.258639,,,,﻿m-patricia_waldron_phi.pa_001,﻿Mother,﻿M. Patricia Waldron,,﻿Superior,,﻿religious,"﻿number of religious, 18",,,1867,﻿,﻿,﻿Philadelphia,Philadelphia
﻿phi.pa.0164_03,﻿academy,﻿Academy of the Sisters of Mercy,English,,﻿No. 1636 Broad street,,,,﻿Philadelphia,,﻿PA,,40.088219,-75.258639,,,,,,,,,,﻿student,"﻿pupils, 66",,,1867,﻿,﻿,﻿Philadelphia,Philadelphia
﻿phi.pa.0001_03,﻿academy,﻿Cathedral Academy,English,,﻿No. 1708 Summer street,,,,﻿Philadelphia,,﻿PA,,39.959049,-75.17614,,,,﻿ignatius_phi.pa_001,﻿Sister,﻿Ignatius,,﻿Superior,,﻿religious,"﻿number of religious, 4",,,1867,﻿,﻿,﻿Philadelphia,Philadelphia
﻿phi.pa.0001_03,﻿academy,﻿Cathedral Academy,English,,﻿No. 1708 Summer street,,,,﻿Philadelphia,,﻿PA,,39.959049,-75.17614,,,,,,,,,,﻿student,"﻿pupils, 71",,,1867,﻿,﻿,﻿Philadelphia,Philadelphia
﻿phi.pa.0005_03,﻿academy,﻿St. Mary's Academy,English,,"﻿No. 251 South Sixth street, above Spruce",,,,,,﻿PA,,39.94551,-75.148423,,,,﻿m-euphemia_phi.pa_001,﻿Sister,﻿Mary Euphemia,,﻿Superior,,﻿student,"﻿number of pupils, 44",﻿under the direction of four Sisters of St. Joseph,,1867,﻿,﻿,﻿Philadelphia,Philadelphia
﻿phi.pa.0186,﻿academy,﻿St. Joseph's Academy,English,,﻿No. 417 Prune street,,,,,,﻿PA,,39.946149,-75.148999,,,,﻿m-liguori_phi.pa_001,﻿Sister,﻿M. Liguori,,﻿Superior,,﻿religious,"﻿number of pupils, 48",﻿under the direction of six Sisters of St. Joseph,,1867,﻿,﻿,﻿Philadelphia,Philadelphia
﻿phi.pa.0186,﻿academy,﻿St. Joseph's Academy,English,,﻿No. 417 Prune street,,,,,,﻿PA,,39.946149,-75.148999,,,,,,,,,,﻿student,"﻿night-school for young women, 62",﻿under the direction of six Sisters of St. Joseph,,1867,﻿,﻿,﻿Philadelphia,Philadelphia
﻿phi.pa.0007_03,﻿academy,﻿St. Augustine's Academy,English,,﻿No. 244 North-Fourth street,,,,,,﻿PA,,39.955545,-75.146738,,,,﻿m-xavier_phi.pa_001,﻿Sister,﻿Mary Xavier,,﻿Superior,,﻿religious,"﻿Number of pupils, 75",﻿under the charge of the Sisters of St. Joseph,,1867,﻿,﻿,﻿Philadelphia,Philadelphia
﻿phi.pa.0012_02,﻿academy,﻿St. Philip de Neri's Academy,English,,﻿No. 778 South-Fourth street,,,,﻿Philadelphia,,﻿PA,,39.93787058,-75.14488599,,,,﻿m-cecilia_phi.pa_001,﻿Sister,﻿Mary Cecilia,,﻿Superior,,﻿student,"﻿Number of pupils, 85",﻿under the charge of eight Sisters of St. Joseph,,1867,﻿,﻿,﻿Philadelphia,Philadelphia
﻿phi.pa.0012_02.01,﻿chapel,[Unnamed Institution],English,,﻿St. Philip de Neri's Academy,,,,,,﻿PA,,39.937871,-75.144886,﻿phi.pa.0012,﻿attended by Rev. Clergy of St. Philip's Church,,,,,,,,﻿student,,,,1867,﻿,﻿,﻿Philadelphia,Philadelphia
﻿phi.pa.0013_02,﻿academy,﻿St. Patrick's Academy,English,,﻿north west corner of Twentieth and Locust streets,,,,﻿Philadelphia,,﻿PA,,39.948982,-75.174306,,,,﻿victorine_phi.pa_001,﻿Sister,﻿Victorine,,﻿Superior,,﻿student,"﻿number of pupils, 175",﻿under the direction of ten Sisters of St. Joseph,,1867,﻿,﻿,﻿Philadelphia,Philadelphia
﻿phi.pa.0188_02,﻿academy,﻿Academy of the Immaculate Heart of Mary,English,,"﻿No. 4211 Cresson street, Manayunk",,,,﻿Philadelphia,,﻿PA,,40.024621,-75.219578,,,,﻿m-gonzaga_phi.pa_001,﻿Mother,﻿Mary Gonzaga,,﻿Superior,,﻿student,"﻿number of pupils, 30",﻿under the care of seven Sisters of the Immaculate Heart of Mary,"﻿Sisters, Servants of the Immaculate Heart of Mary",1867,﻿,﻿,﻿Philadelphia,Philadelphia
﻿phi.pa.0284_02,﻿academy,﻿Academy of the Immaculate Heart of Mary,English,﻿Servants of the Immaculate Heart of Mary,﻿Frankford,﻿Frankford,,,﻿Philadelphia,,﻿PA,,40.064386,-75.235648,,,,﻿m-joseph_phi.pa_001,﻿Mother,﻿Mary Joseph,,﻿Superior,,﻿student,"﻿number of pupils, 28",﻿under the direction of seven Sisters of the Immaculate Heart of Mary,"﻿Sisters, Servants of the Immaculate Heart of Mary",1867,﻿,﻿,﻿Philadelphia,Philadelphia
﻿phi.pa.0200_02,﻿academy,﻿Academy of the Assumption of B.V.M.,English,,﻿No. 1135 Spring Garden street,,,,﻿Philadelphia,,﻿PA,,39.962038,-75.157293,,,,﻿m-walburga_phi.pa_001,﻿Mother,﻿M. Walburga,,﻿Superior,,﻿religious,"﻿number of religious, 10",﻿Sisters of the Society of the Holy Child Jesus,﻿Society of the Holy Child Jesus,1867,﻿,﻿,﻿Philadelphia,Philadelphia
﻿phi.pa.0200_02,﻿academy,﻿Academy of the Assumption of B.V.M.,English,,﻿No. 1135 Spring Garden street,,,,﻿Philadelphia,,﻿PA,,39.962038,-75.157293,,,,,,,,,,﻿student,"﻿number of pupils, 42",﻿Sisters of the Society of the Holy Child Jesus,,1867,﻿,﻿,﻿Philadelphia,Philadelphia
﻿phi.pa.0301,﻿school,﻿Mount St. Vincent's Select School,English,,"﻿Willow Avenue, Germantown",,,,﻿Philadelphia,,﻿PA,,40.044518,-75.174832,,,,﻿m-gertrude_balfe_phi.pa_001,﻿Sister,﻿Mary Gertrude Balfe,,﻿Superior,,﻿student,"﻿number of pupils, 27",﻿under charge of six Sisters of Charity,,1867,﻿,﻿,﻿Philadelphia,Philadelphia
﻿phi.pa.0204_02,﻿academy,﻿Blessed Peter Claver's Academy for Colored Children,English,,﻿No. 430 Lombard street,,,,﻿Philadelphia,,﻿PA,,39.942591,-75.149907,,,,﻿m-theodore_phi.pa_001,﻿Sister,﻿Mary Theodore,,﻿Superior,,﻿student,"﻿number of boarders, 7",﻿under the charge of four Oblate Sisters of Providence,﻿Oblate Sisters of Providence,1867,﻿,﻿,﻿Philadelphia,Philadelphia
﻿phi.pa.0204_02,﻿academy,﻿Blessed Peter Claver's Academy for Colored Children,English,,﻿No. 430 Lombard street,,,,﻿Philadelphia,,﻿PA,,39.942591,-75.149907,,,,,,,,,,﻿student,"﻿day-scholars, 40",﻿under the charge of four Oblate Sisters of Providence,,1867,﻿,﻿,﻿Philadelphia,Philadelphia
﻿phi.pa.0166_03,﻿academy,﻿Academy of the Holy Child Jesus,English,,﻿Darby P.O.,,﻿Delaware Co.,,﻿Sharon,,﻿PA,,41.233112,-80.493403,,,,﻿m-xavier_phi.pa_001,﻿Mother,﻿M. Xavier,,﻿Superior,,﻿student,"﻿Number of boarders, 40",﻿under the charge of nineteen Sisters of the Society of the Holy Child Jesus,﻿Society of the Holy Child Jesus,1867,﻿,﻿,﻿Philadelphia,Philadelphia
﻿har.pa.0026_03,"﻿convent, academy",﻿St. Joseph's Academy,English,,,,﻿Adams Co.,﻿Adams County,﻿McSherrystown,﻿McSherrystown,﻿PA,,39.807322,-77.01137,,,,﻿m-antoinette_phi.pa_001,﻿Sister,﻿Mary Antoinette,,﻿Superior,,﻿student,"﻿Number of boarders, 40",﻿under the direction of eleven Sisters of St. Joseph,,1867,﻿,﻿,﻿Philadelphia,Philadelphia
﻿phi.pa.0202,﻿academy,﻿St. Joseph's Academy,English,,,,,,﻿Pottsvile,,﻿PA,,40.685646,-76.195499,,,,﻿m-monica_har.pa_001,﻿Sister,﻿Mary Monica,,﻿Superior,,﻿religious,"﻿number of boarders, 6",﻿under the care of the six Sisters of St. Joseph,,1867,﻿,﻿,﻿Philadelphia,Philadelphia
﻿phi.pa.0202,﻿academy,﻿St. Joseph's Academy,English,,,,,,﻿Pottsvile,,﻿PA,,40.685646,-76.195499,,,,,,,,,,﻿student,"﻿day-scholars, 30",﻿under the care of the six Sisters of St. Joseph,,1867,﻿,﻿,﻿Philadelphia,Philadelphia
﻿phi.pa.0181,﻿academy,﻿Academy of the Immaculate Heart of Mary,English,,,,,,﻿Reading,,﻿PA,,40.335648,-75.926875,,,,﻿m-jerome_phi.pa_001,﻿Mother,﻿M. Jerome,,﻿Superior,,﻿student,"﻿Number of boarders, 35",﻿under the direction of thirty-one Sisters of the Immaculate Heart of Mary,"﻿Sisters, Servants of the Immaculate Heart of Mary",1867,﻿,﻿,﻿Philadelphia,Philadelphia
﻿phi.pa.0181,﻿academy,﻿Academy of the Immaculate Heart of Mary,English,,,,,,﻿Reading,,﻿PA,,40.335648,-75.926875,,,,,,,,,,﻿student,"﻿day-scholars, 70",﻿under the direction of thirty-one Sisters of the Immaculate Heart of Mary,,1867,﻿,﻿,﻿Philadelphia,Philadelphia
﻿phi.pa.0146,﻿academy,﻿St. Theresa's Academy,English,,﻿Bucksville P.O.,,﻿Bucks Co.,,﻿Haycock,,﻿PA,,40.45,-75.247778,,,,﻿m-anastasia_phi.pa_001,﻿Mother,﻿M. Anastasia,,﻿Superior,,﻿student,"﻿Number of boarders, 17",,,1867,﻿,﻿,﻿Philadelphia,Philadelphia
﻿phi.pa.0146,﻿academy,﻿St. Theresa's Academy,English,,﻿Bucksville P.O.,,﻿Bucks Co.,,﻿Haycock,,﻿PA,,40.45,-75.247778,,,,,,,,,,﻿student,"﻿day-scholars, 5",,,1867,﻿,﻿,﻿Philadelphia,Philadelphia
﻿phi.pa.0302,﻿academy,﻿St. Joseph's Academy,English,,﻿St. Joseph's P.O.,,﻿Susquehanna Co.,,,,﻿PA,,41.921693,-75.992745,,,,﻿m-scholastica_phi.pa_001,﻿Mother,﻿M. Scholastica,,﻿Superior,,﻿student,"﻿Number of boarders, 3",﻿under the care of ten Sisters of the Immaculate Heart of Mary,"﻿Sisters, Servants of the Immaculate Heart of Mary",1867,﻿,﻿,﻿Philadelphia,Philadelphia
﻿scr.pa.0100,﻿academy,﻿Laurel Hill Academy,English,,,,﻿Susquehanna County,,﻿Susquehanna Depot,﻿Susquehanna,﻿PA,,41.770152,-75.71381,,,,﻿m-theresa_phi.pa_001,﻿Mother,﻿M. Theresa,,﻿Superior,,﻿student,"﻿number of pupils, 80",﻿under the direction of eight Sisters of the Immaculate Heart of Mary,"﻿Sisters, Servants of the Immaculate Heart of Mary",1867,﻿,﻿,﻿Philadelphia,Philadelphia
﻿phi.pa.0004_02,﻿school,[Unnamed Institution],English,"﻿Boys taught by two lay teachers, girls taught by two lay teachers",﻿St. John's,,,,﻿Philadelphia,,﻿PA,,39.951217,-75.161413,,,,,,,,,,﻿student,"﻿Boys, 107",,,1867,﻿,﻿,﻿Philadelphia,Philadelphia
﻿phi.pa.0004_02,﻿school,[Unnamed Institution],English,"﻿Boys taught by two lay teachers, girls taught by two lay teachers",﻿St. John's,,,,﻿Philadelphia,,﻿PA,,39.951217,-75.161413,,,,,,,,,,﻿student,"﻿girls, 120",,,1867,﻿,﻿,﻿Philadelphia,Philadelphia
﻿phi.pa.0005_02&0005_04,﻿school,[Unnamed Institution],English,"﻿Boys taught by two lay teachers, girls taught by the Sisters of St. Joseph",﻿St. Mary's,,,,﻿Philadelphia,,﻿PA,,39.94551,-75.148423,,,,,,,,,,﻿student,"﻿Boys, 110",﻿Sisters of St. Joseph,,1867,﻿,﻿,﻿Philadelphia,Philadelphia
﻿phi.pa.0005_02&0005_04,﻿school,[Unnamed Institution],English,"﻿Boys taught by two lay teachers, girls taught by the Sisters of St. Joseph",﻿St. Mary's,,,,﻿Philadelphia,,﻿PA,,39.94551,-75.148423,,,,,,,,,,﻿student,"﻿girls, 150",﻿Sisters of St. Joseph,,1867,﻿,﻿,﻿Philadelphia,Philadelphia
﻿phi.pa.0006_03,﻿school,[Unnamed Institution],English,﻿Boys taught by two lay teachers; girls taught by the Sisters of St. Jospeh; colored children taught by the Oblate Sisters of Providence,﻿St. Joseph's,,,,﻿Philadelphia,,﻿PA,,39.972826,-75.165064,,,,,,,,,,﻿student,"﻿Boys, 105","﻿Sisters of St. Joseph, Oblate Sisters of Providence",﻿Oblate Sisters of Providence,1867,﻿,﻿,﻿Philadelphia,Philadelphia
﻿phi.pa.0006_03,﻿school,[Unnamed Institution],English,﻿Boys taught by two lay teachers; girls taught by the Sisters of St. Jospeh; colored children taught by the Oblate Sisters of Providence,﻿St. Joseph's,,,,﻿Philadelphia,,﻿PA,,39.972826,-75.165064,,,,,,,,,,﻿student,"﻿girls, 360","﻿Sisters of St. Joseph, Oblate Sisters of Providence",,1867,﻿,﻿,﻿Philadelphia,Philadelphia
﻿phi.pa.0006_03,﻿school,[Unnamed Institution],English,﻿Boys taught by two lay teachers; girls taught by the Sisters of St. Jospeh; colored children taught by the Oblate Sisters of Providence,﻿St. Joseph's,,,,﻿Philadelphia,,﻿PA,,39.972826,-75.165064,,,,,,,,,,﻿student,"﻿colored children, 40","﻿Sisters of St. Joseph, Oblate Sisters of Providence",,1867,﻿,﻿,﻿Philadelphia,Philadelphia
﻿phi.pa.0007_02,﻿school,[Unnamed Institution],English,"﻿Boys taught by lay teachers, girls under Sisters of St. Joseph",﻿St. Augustine's,,,,﻿Philadelphia,,﻿PA,,39.955545,-75.146738,,,,,,,,,,﻿student,"﻿Boys, 225",﻿Sisters of St. Joseph,,1867,﻿,﻿,﻿Philadelphia,Philadelphia
﻿phi.pa.0007_02,﻿school,[Unnamed Institution],English,"﻿Boys taught by lay teachers, girls under Sisters of St. Joseph",﻿St. Augustine's,,,,﻿Philadelphia,,﻿PA,,39.955545,-75.146738,,,,,,,,,,﻿student,"﻿girls, 300",﻿Sisters of St. Joseph,,1867,﻿,﻿,﻿Philadelphia,Philadelphia
﻿phi.pa.0009_02,﻿school,[Unnamed Institution],English,"﻿Boys, one lay teacher; girls taught by the School Sisters of Notre Dame",﻿Holy Trinity,,,,﻿Philadelphia,,﻿PA,,39.945571,-75.151949,,,,,,,,,,﻿student,"﻿Boys, 130",﻿School Sisters of Notre Dame,,1867,﻿,﻿,﻿Philadelphia,Philadelphia
﻿phi.pa.0009_02,﻿school,[Unnamed Institution],English,"﻿Boys, one lay teacher; girls taught by the School Sisters of Notre Dame",﻿Holy Trinity,,,,﻿Philadelphia,,﻿PA,,39.945571,-75.151949,,,,,,,,,,﻿student,"﻿girls, 120",﻿School Sisters of Notre Dame,,1867,﻿,﻿,﻿Philadelphia,Philadelphia
﻿phi.pa.0010_02,﻿school,[Unnamed Institution],English,"﻿Boys under the care of the Christian Brothers, girls under the care of the Sisters of St. Joseph",﻿St. Michael's,,,,﻿Philadelphia,,﻿PA,,39.973891,-75.13849,,,,,,,,,,﻿student,"﻿Boys, 700",﻿Christian Brothers. Sisters of St. Joseph,,1867,﻿,﻿,﻿Philadelphia,Philadelphia
﻿phi.pa.0010_02,﻿school,[Unnamed Institution],English,"﻿Boys under the care of the Christian Brothers, girls under the care of the Sisters of St. Joseph",﻿St. Michael's,,,,﻿Philadelphia,,﻿PA,,39.973891,-75.13849,,,,,,,,,,﻿student,"﻿girls, 650",﻿Christian Brothers. Sisters of St. Joseph,,1867,﻿,﻿,﻿Philadelphia,Philadelphia
﻿phi.pa.0012_03,﻿school,[Unnamed Institution],English,"﻿Boys under the care of lay teachers, girls under the care of the Sisters of St. Joseph",﻿St. Philip de Neri's,,,,﻿Philadelphia,,﻿PA,,39.937871,-75.144886,,,,,,,,,,﻿student,"﻿Boys, 401",﻿Sisters of St. Joseph,,1867,﻿,﻿,﻿Philadelphia,Philadelphia
﻿phi.pa.0012_03,﻿school,[Unnamed Institution],English,"﻿Boys under the care of lay teachers, girls under the care of the Sisters of St. Joseph",﻿St. Philip de Neri's,,,,﻿Philadelphia,,﻿PA,,39.937871,-75.144886,,,,,,,,,,﻿student,"﻿girls, 395",﻿Sisters of St. Joseph,,1867,﻿,﻿,﻿Philadelphia,Philadelphia
﻿phi.pa.0013_03,﻿school,[Unnamed Institution],English,"﻿Boys under the care of the Christian Brothers, girls under the care of the Sisters of St. Joseph",﻿St. Patrick's,,,,﻿Philadelphia,,﻿PA,,39.948982,-75.174306,,,,,,,,,,﻿student,"﻿Boys, 450",﻿Christian Brothers. Sisters of St. Joseph.,,1867,﻿,﻿,﻿Philadelphia,Philadelphia
﻿phi.pa.0013_03,﻿school,[Unnamed Institution],English,"﻿Boys under the care of the Christian Brothers, girls under the care of the Sisters of St. Joseph",﻿St. Patrick's,,,,﻿Philadelphia,,﻿PA,,39.948982,-75.174306,,,,,,,,,,﻿student,"﻿girls, 400",﻿Christian Brothers. Sisters of St. Joseph.,,1867,﻿,﻿,﻿Philadelphia,Philadelphia
﻿phi.pa.0014_02,﻿school,[Unnamed Institution],English,"﻿Boys under the care of the Christian Brothers, girls under the care of the Sisters of the Immaculate Heart of Mary",﻿St. Paul's,,,,﻿Philadelphia,,﻿PA,,39.939273,-75.158792,,,,,,,,,,﻿student,"﻿Boys, 352",﻿Christian Brothers. Sisters of the Immaculate Heart of Mary.,"﻿Sisters, Servants of the Immaculate Heart of Mary",1867,﻿,﻿,﻿Philadelphia,Philadelphia
﻿phi.pa.0014_02,﻿school,[Unnamed Institution],English,"﻿Boys under the care of the Christian Brothers, girls under the care of the Sisters of the Immaculate Heart of Mary",﻿St. Paul's,,,,﻿Philadelphia,,﻿PA,,39.939273,-75.158792,,,,,,,,,,﻿student,"﻿girls, 366",﻿Christian Brothers. Sisters of the Immaculate Heart of Mary.,,1867,﻿,﻿,﻿Philadelphia,Philadelphia
﻿phi.pa.0015_02,﻿school,[Unnamed Institution],English,"﻿Boys under the care of the Brothers of the Christian schools, girls under the care of the School Sisters of Notre Dame, who also have charge of the small boys",﻿St. Peter's,,,,﻿Philadelphia,,﻿PA,,39.96995293,-75.14484205,,,,,,,,,,﻿student,"﻿Boys, 852",﻿Brothers of the Christian schools. School Sisters of Notre Dame.,﻿Institute of the Brothers of the Christian Schools,1867,﻿,﻿,﻿Philadelphia,Philadelphia
﻿phi.pa.0015_02,﻿school,[Unnamed Institution],English,"﻿Boys under the care of the Brothers of the Christian schools, girls under the care of the School Sisters of Notre Dame, who also have charge of the small boys",﻿St. Peter's,,,,﻿Philadelphia,,﻿PA,,39.96995293,-75.14484205,,,,,,,,,,﻿student,"﻿girls, 873",﻿Brothers of the Christian schools. School Sisters of Notre Dame.,,1867,﻿,﻿,﻿Philadelphia,Philadelphia
﻿phi.pa.0015_02,﻿school,[Unnamed Institution],English,"﻿Boys under the care of the Brothers of the Christian schools, girls under the care of the School Sisters of Notre Dame, who also have charge of the small boys",﻿St. Peter's,,,,﻿Philadelphia,,﻿PA,,39.96995293,-75.14484205,,,,,,,,,,﻿student,"﻿small boys, 340",﻿Brothers of the Christian schools. School Sisters of Notre Dame.,,1867,﻿,﻿,﻿Philadelphia,Philadelphia
﻿phi.pa.0016_02,﻿school,[Unnamed Institution],English,"﻿Boys under the care of two lay teachers, girls under the care of the Sisters of the Holy Child Jesus",﻿Church of the Assumption,,,,﻿Philadelphia,,﻿PA,,39.962049,-75.157089,,,,,,,,,,﻿student,"﻿Boys, 160",﻿Sisters of the Holy Child Jesus,﻿Society of the Holy Child Jesus,1867,﻿,﻿,﻿Philadelphia,Philadelphia
﻿phi.pa.0016_02,﻿school,[Unnamed Institution],English,"﻿Boys under the care of two lay teachers, girls under the care of the Sisters of the Holy Child Jesus",﻿Church of the Assumption,,,,﻿Philadelphia,,﻿PA,,39.962049,-75.157089,,,,,,,,,,﻿student,"﻿girls, 170",﻿Sisters of the Holy Child Jesus,,1867,﻿,﻿,﻿Philadelphia,Philadelphia
﻿phi.pa.0017_02,﻿school,[Unnamed Institution],English,"﻿Boys under the care of lay teachers, girls under the care of the Sisters of Mercy",﻿St. Malachy's,,,,﻿Philadelphia,,﻿PA,,39.974476,-75.153229,,,,,,,,,,﻿student,"﻿Boys, 205",﻿Sisters of Mercy,﻿Congregation of the Sisters of Mercy,1867,﻿,﻿,﻿Philadelphia,Philadelphia
﻿phi.pa.0017_02,﻿school,[Unnamed Institution],English,"﻿Boys under the care of lay teachers, girls under the care of the Sisters of Mercy",﻿St. Malachy's,,,,﻿Philadelphia,,﻿PA,,39.974476,-75.153229,,,,,,,,,,﻿student,"﻿girls, 200",﻿Sisters of Mercy,,1867,﻿,﻿,﻿Philadelphia,Philadelphia
﻿phi.pa.0018_02,﻿school,[Unnamed Institution],English,"﻿Boys under the care of the Christian Brothers, girls under the care of the Sisters of St. Joseph",﻿St. Ann's,,,,﻿Philadelphia,,﻿PA,,39.982417,-75.118492,,,,,,,,,,﻿student,"﻿Boys, 600",﻿Christian Brothers. Sisters of St. Joseph.,,1867,﻿,﻿,﻿Philadelphia,Philadelphia
﻿phi.pa.0018_02,﻿school,[Unnamed Institution],English,"﻿Boys under the care of the Christian Brothers, girls under the care of the Sisters of St. Joseph",﻿St. Ann's,,,,﻿Philadelphia,,﻿PA,,39.982417,-75.118492,,,,,,,,,,﻿student,"﻿girls, 665",﻿Christian Brothers. Sisters of St. Joseph.,,1867,﻿,﻿,﻿Philadelphia,Philadelphia
﻿phi.pa.0037_02,﻿school,[Unnamed Institution],English,﻿Boys under the care of the Pastor,﻿Immaculate Conception,,,,﻿Philadelphia,,﻿PA,,40.026002,-75.223111,,,,,,,,,,﻿student,"﻿boys, 24",,,1867,﻿,﻿,﻿Philadelphia,Philadelphia
﻿phi.pa.0020_02,﻿school,[Unnamed Institution],English,﻿under the care of the Sisters of St. Francis,﻿St. Alphonsus',,,,﻿Philadelphia,,﻿PA,,39.932895,-75.168897,,,,,,,,,,﻿student,"﻿boys, 120",﻿Sisters of St. Francis,﻿Sisters of St. Francis of Assisi,1867,﻿,﻿,﻿Philadelphia,Philadelphia
﻿phi.pa.0020_02,﻿school,[Unnamed Institution],English,﻿under the care of the Sisters of St. Francis,﻿St. Alphonsus',,,,﻿Philadelphia,,﻿PA,,39.932895,-75.168897,,,,,,,,,,﻿student,"﻿girls, 150",﻿Sisters of St. Francis,,1867,﻿,﻿,﻿Philadelphia,Philadelphia
﻿phi.pa.0032_02,﻿school,[Unnamed Institution],English,﻿under Ladies of the Sacred Heart,﻿St. Dominic's,,,,﻿Holmesburgh,,﻿PA,,40.045681,-75.016899,,,,,,,,,,﻿student,"﻿girls, 40",﻿Ladies of the Sacred Heart,﻿Ladies of the Sacred Heart of Mary,1867,﻿,﻿,﻿Philadelphia,Philadelphia
﻿phi.pa.0033_02,﻿school,[Unnamed Institution],English,﻿under the care of the Sisters of the Immaculate Heart of Mary,﻿St. Joachim's,,,,﻿Frankford,,﻿PA,,40.011811,-75.089745,,,,,,,,,,﻿student,"﻿Boys, 140",﻿Sisters of the Immaculate Heart of Mary,"﻿Sisters, Servants of the Immaculate Heart of Mary",1867,﻿,﻿,﻿Philadelphia,Philadelphia
﻿phi.pa.0033_02,﻿school,[Unnamed Institution],English,﻿under the care of the Sisters of the Immaculate Heart of Mary,﻿St. Joachim's,,,,﻿Frankford,,﻿PA,,40.011811,-75.089745,,,,,,,,,,﻿student,"﻿girls, 110",﻿Sisters of the Immaculate Heart of Mary,,1867,﻿,﻿,﻿Philadelphia,Philadelphia
﻿phi.pa.0034_02,﻿school,[Unnamed Institution],English,﻿Girls under the care of the Sisters of Charity,﻿St. Vincent de Paul's,,,,﻿Germantown,,﻿PA,,40.037963,-75.174409,,,,,,,,,,﻿student,"﻿girls, 120",﻿Sisters of Charity,,1867,﻿,﻿,﻿Philadelphia,Philadelphia
﻿phi.pa.0036_02,﻿school,[Unnamed Institution],English,"﻿Boys, under the care of lay teachers, girls under the care of Sisters of the Immaculate Heart of Mary",﻿St. John's,,,,﻿Manayunk,,﻿PA,,40.025046,-75.220084,,,,,,,,,,﻿student,"﻿Boys, 137",﻿Sisters of the Immaculate Heart of Mary,"﻿Sisters, Servants of the Immaculate Heart of Mary",1867,﻿,﻿,﻿Philadelphia,Philadelphia
﻿phi.pa.0036_02,﻿school,[Unnamed Institution],English,"﻿Boys, under the care of lay teachers, girls under the care of Sisters of the Immaculate Heart of Mary",﻿St. John's,,,,﻿Manayunk,,﻿PA,,40.025046,-75.220084,,,,,,,,,,﻿student,"﻿girls, 167",﻿Sisters of the Immaculate Heart of Mary,,1867,﻿,﻿,﻿Philadelphia,Philadelphia
﻿phi.pa.0040_02,﻿school,[Unnamed Institution],English,﻿Boys and girls under the care of the Sisters of St. Francis,﻿All Saints',,,,﻿Bridesburgh,,﻿PA,,40.001444,-75.069779,,,,,,,,,,﻿student,"﻿Boys, 62",﻿Sisters of St. Francis,﻿Sisters of St. Francis of Assisi,1867,﻿,﻿,﻿Philadelphia,Philadelphia
﻿phi.pa.0040_02,﻿school,[Unnamed Institution],English,﻿Boys and girls under the care of the Sisters of St. Francis,﻿All Saints',,,,﻿Bridesburgh,,﻿PA,,40.001444,-75.069779,,,,,,,,,,﻿student,"﻿girls, 54",﻿Sisters of St. Francis,,1867,﻿,﻿,﻿Philadelphia,Philadelphia
﻿phi.pa.0089_02,﻿school,[Unnamed Institution],English,﻿under a lay teacher,﻿St. Denis',,,,﻿West-Haverford,,﻿PA,,39.991634,-75.304282,,,,,,,,,,﻿student,"﻿boys, 20",,,1867,﻿,﻿,﻿Philadelphia,Philadelphia
﻿phi.pa.0089_02,﻿school,[Unnamed Institution],English,﻿under a lay teacher,﻿St. Denis',,,,﻿West-Haverford,,﻿PA,,39.991634,-75.304282,,,,,,,,,,﻿student,"﻿girls, 20",,,1867,﻿,﻿,﻿Philadelphia,Philadelphia
﻿phi.pa.0084_02,﻿school,[Unnamed Institution],English,﻿under the care of two lay teachers,﻿St. Michael's,,,,﻿Chester,,﻿PA,,39.849557,-75.355746,,,,,,,,,,﻿student,"﻿Boys, 60",,,1867,﻿,﻿,﻿Philadelphia,Philadelphia
﻿phi.pa.0084_02,﻿school,[Unnamed Institution],English,﻿under the care of two lay teachers,﻿St. Michael's,,,,﻿Chester,,﻿PA,,39.849557,-75.355746,,,,,,,,,,﻿student,"﻿girls, 75",,,1867,﻿,﻿,﻿Philadelphia,Philadelphia
﻿phi.pa.0103_02,﻿school,[Unnamed Institution],English,﻿under the care of two lay teachers,﻿St. Matthew's,,,,﻿Coshohocken,,﻿PA,,40.075097,-75.304378,,,,,,,,,,﻿student,"﻿boys, 100",,,1867,﻿,﻿,﻿Philadelphia,Philadelphia
﻿phi.pa.0103_02,﻿school,[Unnamed Institution],English,﻿under the care of two lay teachers,﻿St. Matthew's,,,,﻿Coshohocken,,﻿PA,,40.075097,-75.304378,,,,,,,,,,﻿student,"﻿girls, 75",,,1867,﻿,﻿,﻿Philadelphia,Philadelphia
﻿phi.pa.0105_02,﻿school,[Unnamed Institution],English,﻿under care of Pastor,﻿St. Mary Major's,,,,﻿Jenkintown,,﻿PA,,40.095944,-75.125174,,,,,,,,,,﻿student,"﻿Boys, 75",,,1867,﻿,﻿,﻿Philadelphia,Philadelphia
﻿phi.pa.0105_02,﻿school,[Unnamed Institution],English,﻿under care of Pastor,﻿St. Mary Major's,,,,﻿Jenkintown,,﻿PA,,40.095944,-75.125174,,,,,,,,,,﻿student,"﻿girls, 50",,,1867,﻿,﻿,﻿Philadelphia,Philadelphia
﻿har.pa.0010_02,﻿school,[Unnamed Institution],English,﻿under the care of four lay teachers,﻿St. Joseph's,,,,﻿Lancaster,,﻿PA,,40.033709,-76.50441,,,,,,,,,,﻿student,"﻿boys, 160",,,1867,﻿,﻿,﻿Philadelphia,Philadelphia
﻿har.pa.0010_02,﻿school,[Unnamed Institution],English,﻿under the care of four lay teachers,﻿St. Joseph's,,,,﻿Lancaster,,﻿PA,,40.033709,-76.50441,,,,,,,,,,﻿student,"﻿girls, 150",,,1867,﻿,﻿,﻿Philadelphia,Philadelphia
﻿har.pa.0011_02,﻿school,[Unnamed Institution],English,﻿under the care of lay teachers,﻿Holy Trinity,,,,﻿Columbia,,﻿PA,,40.033709,-76.50441,,,,,,,,,,﻿student,﻿120 children,,,1867,﻿,﻿,﻿Philadelphia,Philadelphia
﻿har.pa.0002_02,﻿school,[Unnamed Institution],English,﻿under care of lay teachers,﻿St. Lawrence's,,,,﻿Harrisburgh,,﻿PA,,40.273191,-76.886701,,,,,,,,,,﻿student,﻿45 children,,,1867,﻿,﻿,﻿Philadelphia,Philadelphia
﻿har.pa.0002_02,﻿school,[Unnamed Institution],English,﻿under a lay teacher,﻿St. Mark's,,,,﻿Bristol,,﻿PA,,40.273191,-76.886701,,,,,,,,,,﻿student,﻿29 children,,,1867,﻿,﻿,﻿Philadelphia,Philadelphia
﻿phi.pa.0043_02,﻿school,[Unnamed Institution],English,﻿under care of Sisters of Immaculate Heart of Mary,﻿St. Peter's,,,,﻿Reading,,﻿PA,,40.330063,-75.928511,,,,,,,,,,﻿student,"﻿girls, 90",﻿Sisters of the Immaculate Heart of Mary,"﻿Sisters, Servants of the Immaculate Heart of Mary",1867,﻿,﻿,﻿Philadelphia,Philadelphia
﻿phi.pa.0044_02,﻿school,[Unnamed Institution],English,"﻿boys under the care of a lay teacher, girls under care of Sisters of the Immaculate Heart of Mary",﻿St. Paul's,,,,﻿Reading,,﻿PA,,40.338104,-75.919816,,,,,,,,,,﻿student,"﻿boys, 120",﻿Sisters of the Immaculate Heart of Mary,"﻿Sisters, Servants of the Immaculate Heart of Mary",1867,﻿,﻿,﻿Philadelphia,Philadelphia
﻿phi.pa.0044_02,﻿school,[Unnamed Institution],English,"﻿boys under the care of a lay teacher, girls under care of Sisters of the Immaculate Heart of Mary",﻿St. Paul's,,,,﻿Reading,,﻿PA,,40.338104,-75.919816,,,,,,,,,,﻿student,"﻿girls, 200",﻿Sisters of the Immaculate Heart of Mary,,1867,﻿,﻿,﻿Philadelphia,Philadelphia
﻿phi.pa.0048_02,﻿school,[Unnamed Institution],English,﻿under the care of lay teachers,﻿Church of the Blessed Sacrament,,,,﻿Churchville,,﻿PA,,40.2030643,-74.9968543,,,,,,,,,,﻿student,"﻿boys, 57",,,1867,﻿,﻿,﻿Philadelphia,Philadelphia
﻿phi.pa.0048_02,﻿school,[Unnamed Institution],English,﻿under the care of lay teachers,﻿Church of the Blessed Sacrament,,,,﻿Churchville,,﻿PA,,40.2030643,-74.9968543,,,,,,,,,,﻿student,"﻿girls, 59",,,1867,﻿,﻿,﻿Philadelphia,Philadelphia
﻿har.pa.0018_02,﻿school,[Unnamed Institution],English,﻿under one lay teacher,﻿St. Mary's,,,,﻿York,,﻿PA,,39.962598,-76.727745,,,,,,,,,,﻿student,"﻿Boys, 40",,,1867,﻿,﻿,﻿Philadelphia,Philadelphia
﻿har.pa.0018_02,﻿school,[Unnamed Institution],English,﻿under one lay teacher,﻿St. Mary's,,,,﻿York,,﻿PA,,39.962598,-76.727745,,,,,,,,,,﻿student,"﻿girls, 48",,,1867,﻿,﻿,﻿Philadelphia,Philadelphia
﻿har.pa.0005_02,﻿school,[Unnamed Institution],English,"﻿boys under one lay teacher, girls under the Sisters of the Immaculate Heart of Mary",﻿St. Mary's,,,,﻿Lebanon,,﻿PA,,40.339432,-76.42411,,,,,,,,,,﻿student,"﻿Boys, 70",﻿Sisters of the Immaculate Heart of Mary,"﻿Sisters, Servants of the Immaculate Heart of Mary",1867,﻿,﻿,﻿Philadelphia,Philadelphia
﻿har.pa.0005_02,﻿school,[Unnamed Institution],English,"﻿boys under one lay teacher, girls under the Sisters of the Immaculate Heart of Mary",﻿St. Mary's,,,,﻿Lebanon,,﻿PA,,40.339432,-76.42411,,,,,,,,,,﻿student,"﻿girls, 65",﻿Sisters of the Immaculate Heart of Mary,,1867,﻿,﻿,﻿Philadelphia,Philadelphia
﻿phi.pa.0111_02,﻿school,[Unnamed Institution],English,﻿under one lay teacher,﻿St. Joseph's,,,,﻿Easton,,﻿PA,,40.688432,-75.220732,,,,,,,,,,﻿student,"﻿boys, 59",,,1867,﻿,﻿,﻿Philadelphia,Philadelphia
﻿phi.pa.0111_02,﻿school,[Unnamed Institution],English,﻿under one lay teacher,﻿St. Joseph's,,,,﻿Easton,,﻿PA,,40.688432,-75.220732,,,,,,,,,,﻿student,"﻿girls, 40",,,1867,﻿,﻿,﻿Philadelphia,Philadelphia
﻿phi.pa.0059_02,﻿school,[Unnamed Institution],English,﻿under the charge of a lay teacher,﻿Immaculate Conception,,,,﻿Mauch Chunk,,﻿PA,,40.875924,-75.732413,,,,,,,,,,﻿student,"﻿boys, 45",,,1867,﻿,﻿,﻿Philadelphia,Philadelphia
﻿phi.pa.0059_02,﻿school,[Unnamed Institution],English,﻿under the charge of a lay teacher,﻿Immaculate Conception,,,,﻿Mauch Chunk,,﻿PA,,40.875924,-75.732413,,,,,,,,,,﻿student,"﻿girls, 56",,,1867,﻿,﻿,﻿Philadelphia,Philadelphia
﻿phi.pa.0119_02,﻿school,[Unnamed Institution],English,﻿under the care of the Sisters of St. Joseph,﻿St. Patrick's,,,,﻿Pottsville,,﻿PA,,40.685646,-76.195499,,,,,,,,,,﻿student,"﻿boys, 400",﻿Sisters of St. Joseph,,1867,﻿,﻿,﻿Philadelphia,Philadelphia
﻿phi.pa.0119_02,﻿school,[Unnamed Institution],English,﻿under the care of the Sisters of St. Joseph,﻿St. Patrick's,,,,﻿Pottsville,,﻿PA,,40.685646,-76.195499,,,,,,,,,,﻿student,"﻿girls, 200",﻿Sisters of St. Joseph,,1867,﻿,﻿,﻿Philadelphia,Philadelphia
﻿phi.pa.0120_02,﻿school,[Unnamed Institution],English,﻿under lay teachers,﻿St. John's,,,,﻿Pottsville,,﻿PA,,40.680729,-76.201355,,,,,,,,,,﻿student,"﻿boys, 125",,,1867,﻿,﻿,﻿Philadelphia,Philadelphia
﻿phi.pa.0120_02,﻿school,[Unnamed Institution],English,﻿under lay teachers,﻿St. John's,,,,﻿Pottsville,,﻿PA,,40.680729,-76.201355,,,,,,,,,,﻿student,"﻿girls, 130",,,1867,﻿,﻿,﻿Philadelphia,Philadelphia
﻿phi.pa.0241_02,﻿school,[Unnamed Institution],English,﻿under one lay teacher,﻿St. Boniface's,,,,﻿St. Clair,,﻿PA,,40.715991,-76.201017,,,,,,,,,,﻿student,"﻿boys, 40",,,1867,﻿,﻿,﻿Philadelphia,Philadelphia
﻿phi.pa.0241_02,﻿school,[Unnamed Institution],English,﻿under one lay teacher,﻿St. Boniface's,,,,﻿St. Clair,,﻿PA,,40.715991,-76.201017,,,,,,,,,,﻿student,"﻿girls, 40",,,1867,﻿,﻿,﻿Philadelphia,Philadelphia
﻿phi.pa.0141_02,﻿school,[Unnamed Institution],English,﻿under lay teachers,﻿Immaculate Conception,,,,﻿St. Clair,,﻿PA,,40.720645,-76.191054,,,,,,,,,,﻿student,"﻿boys, 120",,,1867,﻿,﻿,﻿Philadelphia,Philadelphia
﻿phi.pa.0141_02,﻿school,[Unnamed Institution],English,﻿under lay teachers,﻿Immaculate Conception,,,,﻿St. Clair,,﻿PA,,40.720645,-76.191054,,,,,,,,,,﻿student,"﻿girls, 150",,,1867,﻿,﻿,﻿Philadelphia,Philadelphia
﻿phi.pa.0134_02,﻿school,[Unnamed Institution],English,﻿under three lay teachers,﻿St. Maurice's,,,,﻿Ashland,,﻿PA,,40.781754,-76.345782,,,,,,,,,,﻿student,"﻿boys, 65",,,1867,﻿,﻿,﻿Philadelphia,Philadelphia
﻿phi.pa.0134_02,﻿school,[Unnamed Institution],English,﻿under three lay teachers,﻿St. Maurice's,,,,﻿Ashland,,﻿PA,,40.781754,-76.345782,,,,,,,,,,﻿student,"﻿girls, 85",,,1867,﻿,﻿,﻿Philadelphia,Philadelphia
﻿har.pa.0041_02,﻿school,[Unnamed Institution],English,﻿under lay teachers,﻿St. John's,,,,﻿Bellefonte,,﻿PA,,40.910678,-77.776185,,,,,,,,,,﻿student,"﻿boys, 35",,,1867,﻿,﻿,﻿Philadelphia,Philadelphia
﻿har.pa.0041_02,﻿school,[Unnamed Institution],English,﻿under lay teachers,﻿St. John's,,,,﻿Bellefonte,,﻿PA,,40.910678,-77.776185,,,,,,,,,,﻿student,"﻿girls, 40",,,1867,﻿,﻿,﻿Philadelphia,Philadelphia
﻿scr.pa.0083_02,﻿school,[Unnamed Institution],English,﻿boys under a lay teacher; girls under the Sisters of the Immaculate Heart of Mary,﻿St. John's,,,,﻿Susquehanna Depot,,﻿PA,,41.943607,-75.599179,,,,,,,,,,﻿student,"﻿boys, 70",﻿Sisters of the Immaculate Heart of Mary,"﻿Sisters, Servants of the Immaculate Heart of Mary",1867,﻿,﻿,﻿Philadelphia,Philadelphia
﻿scr.pa.0083_02,﻿school,[Unnamed Institution],English,﻿boys under a lay teacher; girls under the Sisters of the Immaculate Heart of Mary,﻿St. John's,,,,﻿Susquehanna Depot,,﻿PA,,41.943607,-75.599179,,,,,,,,,,﻿student,"﻿girls, 150",﻿Sisters of the Immaculate Heart of Mary,,1867,﻿,﻿,﻿Philadelphia,Philadelphia
﻿scr.pa.0009_02,﻿school,[Unnamed Institution],English,﻿under lay teachers,﻿St. Nicholas',,,,﻿Wilkesbarre,,﻿PA,,41.24114,-75.884236,,,,,,,,,,﻿student,"﻿boys, 80",,,1867,﻿,﻿,﻿Philadelphia,Philadelphia
﻿scr.pa.0009_02,﻿school,[Unnamed Institution],English,﻿under lay teachers,﻿St. Nicholas',,,,﻿Wilkesbarre,,﻿PA,,41.24114,-75.884236,,,,,,,,,,﻿student,"﻿girls, 80",,,1867,﻿,﻿,﻿Philadelphia,Philadelphia
﻿scr.pa.0001_02,﻿school,[Unnamed Institution],English,﻿under a lay teacher,﻿St. Vincent's,,,,﻿Scranton,,﻿PA,,41.408969,-75.662412,,,,,,,,,,﻿student,"﻿boys, 45",,,1867,﻿,﻿,﻿Philadelphia,Philadelphia
﻿scr.pa.0001_02,﻿school,[Unnamed Institution],English,﻿under a lay teacher,﻿St. Vincent's,,,,﻿Scranton,,﻿PA,,41.408969,-75.662412,,,,,,,,,,﻿student,"﻿girls, 60",,,1867,﻿,﻿,﻿Philadelphia,Philadelphia
﻿scr.pa.0102,﻿school,[Unnamed Institution],English,﻿under a lay teacher,﻿St. Mary's,,,,﻿Scranton,,﻿PA,,41.382804,-75.712684,,,,,,,,,,﻿student,"﻿boys, 43",,,1867,﻿,﻿,﻿Philadelphia,Philadelphia
﻿scr.pa.0102,﻿school,[Unnamed Institution],English,﻿under a lay teacher,﻿St. Mary's,,,,﻿Scranton,,﻿PA,,41.382804,-75.712684,,,,,,,,,,﻿student,"﻿girls, 41",,,1867,﻿,﻿,﻿Philadelphia,Philadelphia
﻿scr.pa.0006_02,﻿school,[Unnamed Institution],English,﻿under Sisters of the Immaculate Heart of Mary,﻿St. John's,,,,﻿Pittston,,﻿PA,,41.322732,-75.788943,,,,,,,,,,﻿student,"﻿girls, 150",﻿Sisters of the Immaculate Heart of Mary,"﻿Sisters, Servants of the Immaculate Heart of Mary",1867,﻿,﻿,﻿Philadelphia,Philadelphia
﻿scr.pa.0022_02,﻿school,[Unnamed Institution],English,﻿under a lay teacher,﻿St. Mary's,,,,﻿Honesdale,,﻿PA,,41.576755,-75.258787,,,,,,,,,,﻿student,"﻿boys, 52",,,1867,﻿,﻿,﻿Philadelphia,Philadelphia
﻿wil.de.0001_02,﻿school,[Unnamed Institution],English,"﻿boys under two lay teachers, girls under the charge of the Sisters of Charity",﻿St. Peter's,,,,﻿Wilmington,,﻿DE,,39.744655,-75.548391,,,,,,,,,,﻿student,"﻿boys, 170",﻿Sisters of Charity,,1867,﻿,﻿,﻿Philadelphia,Philadelphia
﻿wil.de.0001_02,﻿school,[Unnamed Institution],English,"﻿boys under two lay teachers, girls under the charge of the Sisters of Charity",﻿St. Peter's,,,,﻿Wilmington,,﻿DE,,39.744655,-75.548391,,,,,,,,,,﻿student,"﻿girls, 200",﻿Sisters of Charity,,1867,﻿,﻿,﻿Philadelphia,Philadelphia
﻿phi.pa.0153_03,﻿house,﻿House of the Good Shepherd,English,﻿The object of this institution is to afford a retreat to unfortunate females who wish to reform. It is conducted by the Religious of the Good Shepherd.,﻿Twenty-second and Walnut streets,,,,﻿Philadelphia,,﻿PA,,39.95401,-75.176665,,,,﻿m-of-st-boniface_wil.de_001,﻿Mother,﻿Mary of St. Boniface,,﻿Superior,,﻿patient,"﻿Number of penitents, 140",﻿conducted by the Religious of the Good Shepherd,﻿Congregation of Our Lady of Charity of the Good Shepherd,1867,﻿,﻿,﻿Philadelphia,Philadelphia
﻿phi.pa.0244,﻿hospital,﻿St. Joseph's Hospital,English,﻿under the care of ten Sisters of Charity,"﻿Girard avenue, between Sixteenth and Seventeenth streets",,,,﻿Philadelphia,,﻿PA,,39.971298,-75.1270731,,,,﻿theogenia_farrell_phi.pa_001,﻿Sister,﻿Theogenia Farrell,,﻿Sister Servant,,﻿patient,"﻿Number of patients, 133",﻿under the care of ten Sisters of Charity,,1867,﻿,﻿,﻿Philadelphia,Philadelphia
﻿phi.pa.0303,﻿hospital,﻿St. Francis of Assisium Hospital,English,﻿under the charge of six Sisters of St. Francis,,,,,﻿Philadelphia,,﻿PA,,39.9528,-75.1636,,,,﻿m-cecilia_phi.pa_001,﻿Sister,﻿Mary Cecilia,,﻿Superior,,﻿patient,"﻿Number of patients, 55",﻿Sisters of St. Francis,﻿Sisters of St. Francis of Assisi,1867,﻿,﻿,﻿Philadelphia,Philadelphia
﻿phi.pa.0252,﻿house,﻿Asylum for Girls,English,﻿Catholic Home,﻿1718 and 1720 Race street,,,,﻿Philadelphia,,﻿PA,,39.956755,-75.168484,,,,﻿seraphine_phi.pa_001,﻿Sister,﻿Seraphine,,﻿Superior,,﻿child,"﻿Number of orphans, 57",﻿orphans under three Sisters of St. Joseph,,1867,﻿,﻿,﻿Philadelphia,Philadelphia
﻿phi.pa.0252,﻿house,﻿Asylum for Girls,English,﻿Catholic Home,﻿1718 and 1720 Race street,,,,﻿Philadelphia,,﻿PA,,39.956755,-75.168484,,,,﻿f_gemeinder_001,﻿Rev.,﻿F. Gemeinder,,﻿Chaplain,,﻿child,"﻿Number of orphans, 57",﻿orphans under three Sisters of St. Joseph,,1867,﻿,﻿,﻿Philadelphia,Philadelphia
﻿phi.pa.0028_02,﻿asylum,﻿St. John's Male Orphan Asylum,English,,,,,,﻿West-Philadelphia,,﻿PA,,39.971123,-75.217482,,,,﻿m-apollonia_phi.pa_001,﻿Sister,﻿M. Apollonia,,﻿Superior,,﻿child,"﻿Number of orphans, 394",﻿under the charge of sixteen Sisters of St. Joseph,,1867,﻿,﻿,﻿Philadelphia,Philadelphia
﻿phi.pa.0028_02,﻿asylum,﻿St. John's Male Orphan Asylum,English,,,,,,﻿West-Philadelphia,,﻿PA,,39.971123,-75.217482,,,,﻿fra_a_sharkey_001,﻿Rev.,﻿Francis A. Sharkey,,﻿Chaplain,,﻿child,"﻿Number of orphans, 394",﻿under the charge of sixteen Sisters of St. Joseph,,1867,﻿,﻿,﻿Philadelphia,Philadelphia
﻿phi.pa.0253,﻿house,﻿St. Vincent's Home,English,﻿destitute children are supported by voluntary contributions,﻿Eighteenth and Wood streets,,,,﻿Philadelphia,,﻿PA,,39.958191,-75.157013,,,,﻿m-joseph_phi.pa_001,﻿Sister,﻿Mary Joseph,,﻿Sister Servant,,﻿child,"﻿100 destitute children, from 18 months to 5 years old",﻿under the charge of seven Sisters of Charity,,1867,﻿,﻿,﻿Philadelphia,Philadelphia
﻿phi.pa.0255,﻿asylum,﻿St. Joseph's Female Orphan Asylum,English,,﻿South-west corner of Seventh and Spruce streets,,,,﻿Philadelphia,,﻿PA,,39.94542,-75.153649,,,,﻿gonzaga_phi.pa_001,﻿Sister,﻿Gonzaga,,﻿Sister Servant,,﻿child,"﻿Number of orphans, 130",﻿under charge of eight Sisters of Charity,,1867,﻿,﻿,﻿Philadelphia,Philadelphia
﻿phi.pa.0246,﻿hospital,﻿St. Mary's German Hospital,﻿German,,﻿north-east corner of Frankford Road and Palmer street,,,,﻿Philadelphia,,﻿PA,,39.975294,-75.132285,,,,,,,,,,﻿child,"﻿postulants, 2",,,1867,﻿,﻿,﻿Philadelphia,Philadelphia
﻿phi.pa.0257,﻿asylum,﻿St. Vincent's Orphan Asylum,English,﻿for Catholic German orphans,﻿Tacony,,,,﻿Philadelphia,,﻿PA,,40.02518,-75.044722,,,,﻿m-regina_phi.pa_001,﻿Sister,﻿Mary Regina,,﻿Superior,,﻿child,"﻿Number of orphans, 130",﻿under the care of six School Sisters of Notre Dame,,1867,﻿,﻿,﻿Philadelphia,Philadelphia
﻿phi.pa.0259,﻿asylum,﻿St. Ann's Widows' Asylum,English,,"﻿Moyamensing Road, below Christian",,,,,,﻿PA,,39.9359846,-75.14695039,,,,﻿borgia_phi.pa_001,﻿Sister,﻿Borgia,,﻿Superior,,﻿patient,"﻿Number of inmates, 39",﻿under the charge of five Sisters of St. Joseph,,1867,﻿,﻿,﻿Philadelphia,Philadelphia
﻿wil.de.0001_03,﻿asylum,﻿St. Peter's Orphan Asylum,English,,﻿corner of Sixth and West streets,,,,﻿Wilmington,,﻿DE,,39.744655,-75.548391,,,,﻿m-kostka_phi.pa_001,﻿Sister,﻿Mary Kostka,,﻿Sister-Servant,,﻿child,"﻿orphans, 34",﻿under the charge of seven Sisters of Charity,,1867,﻿,﻿,﻿Philadelphia,Philadelphia
﻿wil.de.0001_03,﻿asylum,﻿St. Peter's Orphan Asylum,English,,﻿corner of Sixth and West streets,,,,﻿Wilmington,,﻿DE,,39.744655,-75.548391,,,,,,,,,,﻿child,"﻿orphans, 34",﻿under the charge of seven Sisters of Charity,,1867,﻿,﻿,﻿Philadelphia,Philadelphia
﻿wil.de.0001_03,﻿asylum,﻿St. Peter's Orphan Asylum,English,,﻿corner of Sixth and West streets,,,,﻿Wilmington,,﻿DE,,39.744655,-75.548391,,,,,,,,,,﻿child,"﻿orphans, 34",﻿under the charge of seven Sisters of Charity,,1867,﻿,﻿,﻿Philadelphia,Philadelphia
﻿wil.de.0001_03,﻿asylum,﻿St. Peter's Orphan Asylum,English,,﻿corner of Sixth and West streets,,,,﻿Wilmington,,﻿DE,,39.744655,-75.548391,,,,,,,,,,﻿child,"﻿orphans, 34",﻿under the charge of seven Sisters of Charity,,1867,﻿,﻿,﻿Philadelphia,Philadelphia
﻿wil.de.0001_03,﻿asylum,﻿St. Peter's Orphan Asylum,English,,﻿corner of Sixth and West streets,,,,﻿Wilmington,,﻿DE,,39.744655,-75.548391,,,,,,,,,,﻿child,"﻿orphans, 34",﻿under the charge of seven Sisters of Charity,,1867,﻿,﻿,﻿Philadelphia,Philadelphia
﻿wil.de.0001_03,﻿asylum,﻿St. Peter's Orphan Asylum,English,,﻿corner of Sixth and West streets,,,,﻿Wilmington,,﻿DE,,39.744655,-75.548391,,,,,,,,,,﻿child,"﻿orphans, 34",﻿under the charge of seven Sisters of Charity,,1867,﻿,﻿,﻿Philadelphia,Philadelphia
﻿wil.de.0001_03,﻿asylum,﻿St. Peter's Orphan Asylum,English,,﻿corner of Sixth and West streets,,,,﻿Wilmington,,﻿DE,,39.744655,-75.548391,,,,,,,,,,﻿patient,"﻿orphans, 34",﻿under the charge of seven Sisters of Charity,,1867,﻿,﻿,﻿Philadelphia,Philadelphia
﻿wil.de.0001_03,﻿asylum,﻿St. Peter's Orphan Asylum,English,,﻿corner of Sixth and West streets,,,,﻿Wilmington,,﻿DE,,39.744655,-75.548391,,,,,,,,,,﻿child,"﻿orphans, 34",﻿under the charge of seven Sisters of Charity,,1867,﻿,﻿,﻿Philadelphia,Philadelphia
